{
	"credit": "Made with Blockbench",
	"textures": {
		"1": "item/sidebar/wickeline"
	},
	"elements": [
		{
			"from": [-16, 2.5, 8.5],
			"to": [32, 14, 8.5],
			"rotation": {"angle": 0, "axis": "x", "origin": [8, 8, 8.5]},
			"faces": {
				"north": {"uv": [0, 0, 16, 13.5], "rotation": 180, "texture": "#missing"},
				"east": {"uv": [0, 0, 13.5, 0], "rotation": 270, "texture": "#missing"},
				"south": {"uv": [0, 0, 16, 16], "texture": "#1"},
				"west": {"uv": [0, 0, 13.5, 0], "rotation": 90, "texture": "#missing"},
				"up": {"uv": [0, 0, 16, 0], "rotation": 180, "texture": "#missing"},
				"down": {"uv": [0, 0, 16, 0], "texture": "#missing"}
			}
		}
	],
	"gui_light": "front",
	"display": {
		"gui": {
			"translation": [77, -40, -80],
			"scale": [2.86, 2.86, 2.86]
		}
	}
}