{
	"providers": [
		{"type": "bitmap","file": "minecraft:font/character/blank_window.png","ascent": -105, "height": 55,"chars": ["\u6499"]},
		{"type": "bitmap","file": "minecraft:font/character/list/arda.png","ascent": -105, "height": 55,"chars": ["\u6998"]},
		{"type": "bitmap","file": "minecraft:font/character/list/aya.png","ascent": -105, "height": 55,"chars": ["\u6997"]},
		{"type": "bitmap","file": "minecraft:font/character/list/camilo.png","ascent": -105, "height": 55,"chars": ["\u6996"]},
		{"type": "bitmap","file": "minecraft:font/character/list/charlotte.png","ascent": -105, "height": 55,"chars": ["\u6995"]},
		{"type": "bitmap","file": "minecraft:font/character/list/daniel.png","ascent": -105, "height": 55,"chars": ["\u6994"]},
		{"type": "bitmap","file": "minecraft:font/character/list/cehion.png","ascent": -105, "height": 55,"chars": ["\u6993"]},
		{"type": "bitmap","file": "minecraft:font/character/list/elena.png","ascent": -105, "height": 55,"chars": ["\u6992"]},
		{"type": "bitmap","file": "minecraft:font/character/list/estell.png","ascent": -105, "height": 55,"chars": ["\u6991"]},
		{"type": "bitmap","file": "minecraft:font/character/list/happychaos.png","ascent": -105, "height": 55,"chars": ["\u6990"]},
		{"type": "bitmap","file": "minecraft:font/character/list/heart.png","ascent": -105, "height": 55,"chars": ["\u6989"]},
		{"type": "bitmap","file": "minecraft:font/character/list/hyunwoo.png","ascent": -105, "height": 55,"chars": ["\u6988"]},
		{"type": "bitmap","file": "minecraft:font/character/list/isol.png","ascent": -105, "height": 55,"chars": ["\u6987"]},
		{"type": "bitmap","file": "minecraft:font/character/list/jackie.png","ascent": -105, "height": 55,"chars": ["\u6986"]},
		{"type": "bitmap","file": "minecraft:font/character/list/katja.png","ascent": -105, "height": 55,"chars": ["\u6985"]},
		{"type": "bitmap","file": "minecraft:font/character/list/laura.png","ascent": -105, "height": 55,"chars": ["\u6984"]},
		{"type": "bitmap","file": "minecraft:font/character/list/lenox.png","ascent": -105, "height": 55,"chars": ["\u6983"]},
		{"type": "bitmap","file": "minecraft:font/character/list/lidilin.png","ascent": -105, "height": 55,"chars": ["\u6982"]},
		{"type": "bitmap","file": "minecraft:font/character/list/luke.png","ascent": -105, "height": 55,"chars": ["\u6981"]},
		{"type": "bitmap","file": "minecraft:font/character/list/magnus.png","ascent": -105, "height": 55,"chars": ["\u6980"]},
		{"type": "bitmap","file": "minecraft:font/character/list/mai.png","ascent": -105, "height": 55,"chars": ["\u6979"]},
		{"type": "bitmap","file": "minecraft:font/character/list/nicky.png","ascent": -105, "height": 55,"chars": ["\u6978"]},
		{"type": "bitmap","file": "minecraft:font/character/list/piolo.png","ascent": -105, "height": 55,"chars": ["\u6977"]},
		{"type": "bitmap","file": "minecraft:font/character/list/shou.png","ascent": -105, "height": 55,"chars": ["\u6976"]},
		{"type": "bitmap","file": "minecraft:font/character/list/silvia.png","ascent": -105, "height": 55,"chars": ["\u6975"]},
		{"type": "bitmap","file": "minecraft:font/character/list/sissela.png","ascent": -105, "height": 55,"chars": ["\u6974"]},
		{"type": "bitmap","file": "minecraft:font/character/list/vianca.png","ascent": -105, "height": 55,"chars": ["\u6973"]},
		{"type": "bitmap","file": "minecraft:font/character/list/yohan.png","ascent": -105, "height": 55,"chars": ["\u6972"]},
		{"type": "bitmap","file": "minecraft:font/character/list/yuki.png","ascent": -105, "height": 55,"chars": ["\u6971"]},
		{"type": "bitmap","file": "minecraft:font/character/list/yuki.png","ascent": -105, "height": 55,"chars": ["\u6970"]},
		{"type": "bitmap","file": "minecraft:font/character/list/yuki.png","ascent": -105, "height": 55,"chars": ["\u6969"]},
		{"type": "bitmap","file": "minecraft:font/character/list/arda_selected.png","ascent": -105, "height": 55,"chars": ["\u6498"]},
		{"type": "bitmap","file": "minecraft:font/character/list/aya_selected.png","ascent": -105, "height": 55,"chars": ["\u6497"]},
		{"type": "bitmap","file": "minecraft:font/character/list/camilo_selected.png","ascent": -105, "height": 55,"chars": ["\u6496"]},
		{"type": "bitmap","file": "minecraft:font/character/list/charlotte_selected.png","ascent": -105, "height": 55,"chars": ["\u6495"]},
		{"type": "bitmap","file": "minecraft:font/character/list/daniel_selected.png","ascent": -105, "height": 55,"chars": ["\u6494"]},
		{"type": "bitmap","file": "minecraft:font/character/list/cehion_selected.png","ascent": -105, "height": 55,"chars": ["\u6493"]},
		{"type": "bitmap","file": "minecraft:font/character/list/elena_selected.png","ascent": -105, "height": 55,"chars": ["\u6492"]},
		{"type": "bitmap","file": "minecraft:font/character/list/estell_selected.png","ascent": -105, "height": 55,"chars": ["\u6491"]},
		{"type": "bitmap","file": "minecraft:font/character/list/happychaos_selected.png","ascent": -105, "height": 55,"chars": ["\u6490"]},
		{"type": "bitmap","file": "minecraft:font/character/list/heart_selected.png","ascent": -105, "height": 55,"chars": ["\u6489"]},
		{"type": "bitmap","file": "minecraft:font/character/list/hyunwoo_selected.png","ascent": -105, "height": 55,"chars": ["\u6488"]},
		{"type": "bitmap","file": "minecraft:font/character/list/isol_selected.png","ascent": -105, "height": 55,"chars": ["\u6487"]},
		{"type": "bitmap","file": "minecraft:font/character/list/jackie_selected.png","ascent": -105, "height": 55,"chars": ["\u6486"]},
		{"type": "bitmap","file": "minecraft:font/character/list/katja_selected.png","ascent": -105, "height": 55,"chars": ["\u6485"]},
		{"type": "bitmap","file": "minecraft:font/character/list/laura_selected.png","ascent": -105, "height": 55,"chars": ["\u6484"]},
		{"type": "bitmap","file": "minecraft:font/character/list/lenox_selected.png","ascent": -105, "height": 55,"chars": ["\u6483"]},
		{"type": "bitmap","file": "minecraft:font/character/list/lidilin_selected.png","ascent": -105, "height": 55,"chars": ["\u6482"]},
		{"type": "bitmap","file": "minecraft:font/character/list/luke_selected.png","ascent": -105, "height": 55,"chars": ["\u6481"]},
		{"type": "bitmap","file": "minecraft:font/character/list/magnus_selected.png","ascent": -105, "height": 55,"chars": ["\u6480"]},
		{"type": "bitmap","file": "minecraft:font/character/list/mai_selected.png","ascent": -105, "height": 55,"chars": ["\u6479"]},
		{"type": "bitmap","file": "minecraft:font/character/list/nicky_selected.png","ascent": -105, "height": 55,"chars": ["\u6478"]},
		{"type": "bitmap","file": "minecraft:font/character/list/piolo_selected.png","ascent": -105, "height": 55,"chars": ["\u6477"]},
		{"type": "bitmap","file": "minecraft:font/character/list/shou_selected.png","ascent": -105, "height": 55,"chars": ["\u6476"]},
		{"type": "bitmap","file": "minecraft:font/character/list/silvia_selected.png","ascent": -105, "height": 55,"chars": ["\u6475"]},
		{"type": "bitmap","file": "minecraft:font/character/list/sissela_selected.png","ascent": -105, "height": 55,"chars": ["\u6474"]},
		{"type": "bitmap","file": "minecraft:font/character/list/vianca_selected.png","ascent": -105, "height": 55,"chars": ["\u6473"]},
		{"type": "bitmap","file": "minecraft:font/character/list/yohan_selected.png","ascent": -105, "height": 55,"chars": ["\u6472"]},
		{"type": "bitmap","file": "minecraft:font/character/list/yuki_selected.png","ascent": -105, "height": 55,"chars": ["\u6471"]},
		{"type": "bitmap","file": "minecraft:font/character/list/yuki_selected.png","ascent": -105, "height": 55,"chars": ["\u6470"]},
		{"type": "bitmap","file": "minecraft:font/character/list/yuki_selected.png","ascent": -105, "height": 55,"chars": ["\u6469"]}

	]
}