{
	"credit": "Made with Blockbench",
	"texture_size": [64, 64],
	"textures": {
		"0": "item/custom_gui/gui_1",
		"particle": "item/custom_gui/gui_1"
	},
	"elements": [
		{
			"from": [3, -13, 6],
			"to": [29, 28.5, 6],
			"rotation": {"angle": 0, "axis": "y", "origin": [8, 8, 6]},
			"faces": {
				"north": {"uv": [0, 0, 6.5, 10.375], "texture": "#0"},
				"east": {"uv": [0, 0, 0, 10.375], "texture": "#0"},
				"south": {"uv": [6.5, 0, 13, 10.375], "texture": "#0"},
				"west": {"uv": [0, 0, 0, 10.375], "texture": "#0"},
				"up": {"uv": [6.5, 0, 0, 0], "texture": "#0"},
				"down": {"uv": [6.5, 0, 0, 0], "texture": "#0"}
			}
		}
	],
	"display": {
		"gui": {
			"rotation": [0, -180, 0],
			"translation": [0, -55, 1],
			"scale": [4, 4, 4]
		}
	}
}