{"providers":[
{"type": "bitmap","file": "minecraft:font/area/gas_station.png","ascent": 45.666666666666664, "height": 45.666666666666664,"chars": ["\u1000"]},
{"type": "bitmap","file": "minecraft:font/area/gas_station.png","ascent": 44.666666666666664, "height": 45.666666666666664,"chars": ["\u1001"]},
{"type": "bitmap","file": "minecraft:font/area/gas_station.png","ascent": 43.666666666666664, "height": 45.666666666666664,"chars": ["\u1002"]},
{"type": "bitmap","file": "minecraft:font/area/gas_station.png","ascent": 42.666666666666664, "height": 45.666666666666664,"chars": ["\u1003"]},
{"type": "bitmap","file": "minecraft:font/area/gas_station.png","ascent": 41.666666666666664, "height": 45.666666666666664,"chars": ["\u1004"]},
{"type": "bitmap","file": "minecraft:font/area/gas_station.png","ascent": 40.666666666666664, "height": 45.666666666666664,"chars": ["\u1005"]},
{"type": "bitmap","file": "minecraft:font/area/gas_station.png","ascent": 39.666666666666664, "height": 45.666666666666664,"chars": ["\u1006"]},
{"type": "bitmap","file": "minecraft:font/area/gas_station.png","ascent": 38.666666666666664, "height": 45.666666666666664,"chars": ["\u1007"]},
{"type": "bitmap","file": "minecraft:font/area/gas_station.png","ascent": 37.666666666666664, "height": 45.666666666666664,"chars": ["\u1008"]},
{"type": "bitmap","file": "minecraft:font/area/gas_station.png","ascent": 36.666666666666664, "height": 45.666666666666664,"chars": ["\u1009"]},
{"type": "bitmap","file": "minecraft:font/area/gas_station.png","ascent": 35.666666666666664, "height": 45.666666666666664,"chars": ["\u100a"]},
{"type": "bitmap","file": "minecraft:font/area/gas_station.png","ascent": 34.666666666666664, "height": 45.666666666666664,"chars": ["\u100b"]},
{"type": "bitmap","file": "minecraft:font/area/gas_station.png","ascent": 33.666666666666664, "height": 45.666666666666664,"chars": ["\u100c"]},
{"type": "bitmap","file": "minecraft:font/area/gas_station.png","ascent": 32.666666666666664, "height": 45.666666666666664,"chars": ["\u100d"]},
{"type": "bitmap","file": "minecraft:font/area/gas_station.png","ascent": 31.666666666666664, "height": 45.666666666666664,"chars": ["\u100e"]},
{"type": "bitmap","file": "minecraft:font/area/gas_station.png","ascent": 30.666666666666664, "height": 45.666666666666664,"chars": ["\u100f"]},
{"type": "bitmap","file": "minecraft:font/area/gas_station.png","ascent": 29.666666666666664, "height": 45.666666666666664,"chars": ["\u1010"]},
{"type": "bitmap","file": "minecraft:font/area/gas_station.png","ascent": 28.666666666666664, "height": 45.666666666666664,"chars": ["\u1011"]},
{"type": "bitmap","file": "minecraft:font/area/gas_station.png","ascent": 27.666666666666664, "height": 45.666666666666664,"chars": ["\u1012"]},
{"type": "bitmap","file": "minecraft:font/area/gas_station.png","ascent": 26.666666666666664, "height": 45.666666666666664,"chars": ["\u1013"]},
{"type": "bitmap","file": "minecraft:font/area/gas_station.png","ascent": 25.666666666666664, "height": 45.666666666666664,"chars": ["\u1014"]},
{"type": "bitmap","file": "minecraft:font/area/gas_station.png","ascent": 24.666666666666664, "height": 45.666666666666664,"chars": ["\u1015"]},
{"type": "bitmap","file": "minecraft:font/area/gas_station.png","ascent": 23.666666666666664, "height": 45.666666666666664,"chars": ["\u1016"]},
{"type": "bitmap","file": "minecraft:font/area/gas_station.png","ascent": 22.666666666666664, "height": 45.666666666666664,"chars": ["\u1017"]},
{"type": "bitmap","file": "minecraft:font/area/gas_station.png","ascent": 21.666666666666664, "height": 45.666666666666664,"chars": ["\u1018"]},
{"type": "bitmap","file": "minecraft:font/area/gas_station.png","ascent": 20.666666666666664, "height": 45.666666666666664,"chars": ["\u1019"]},
{"type": "bitmap","file": "minecraft:font/area/gas_station.png","ascent": 19.666666666666664, "height": 45.666666666666664,"chars": ["\u101a"]},
{"type": "bitmap","file": "minecraft:font/area/gas_station.png","ascent": 18.666666666666664, "height": 45.666666666666664,"chars": ["\u101b"]},
{"type": "bitmap","file": "minecraft:font/area/gas_station.png","ascent": 17.666666666666664, "height": 45.666666666666664,"chars": ["\u101c"]},
{"type": "bitmap","file": "minecraft:font/area/gas_station.png","ascent": 16.666666666666664, "height": 45.666666666666664,"chars": ["\u101d"]},
{"type": "bitmap","file": "minecraft:font/area/gas_station.png","ascent": 15.666666666666664, "height": 45.666666666666664,"chars": ["\u101e"]},
{"type": "bitmap","file": "minecraft:font/area/gas_station.png","ascent": 14.666666666666664, "height": 45.666666666666664,"chars": ["\u101f"]},
{"type": "bitmap","file": "minecraft:font/area/gas_station.png","ascent": 13.666666666666664, "height": 45.666666666666664,"chars": ["\u1020"]},
{"type": "bitmap","file": "minecraft:font/area/gas_station.png","ascent": 12.666666666666664, "height": 45.666666666666664,"chars": ["\u1021"]},
{"type": "bitmap","file": "minecraft:font/area/gas_station.png","ascent": 11.666666666666664, "height": 45.666666666666664,"chars": ["\u1022"]},
{"type": "bitmap","file": "minecraft:font/area/gas_station.png","ascent": 10.666666666666664, "height": 45.666666666666664,"chars": ["\u1023"]},
{"type": "bitmap","file": "minecraft:font/area/gas_station.png","ascent": 9.666666666666664, "height": 45.666666666666664,"chars": ["\u1024"]},
{"type": "bitmap","file": "minecraft:font/area/gas_station.png","ascent": 8.666666666666664, "height": 45.666666666666664,"chars": ["\u1025"]},
{"type": "bitmap","file": "minecraft:font/area/gas_station.png","ascent": 7.666666666666664, "height": 45.666666666666664,"chars": ["\u1026"]},
{"type": "bitmap","file": "minecraft:font/area/gas_station.png","ascent": 6.666666666666664, "height": 45.666666666666664,"chars": ["\u1027"]},
{"type": "bitmap","file": "minecraft:font/area/gas_station.png","ascent": 5.666666666666664, "height": 45.666666666666664,"chars": ["\u1028"]},
{"type": "bitmap","file": "minecraft:font/area/gas_station.png","ascent": 4.666666666666664, "height": 45.666666666666664,"chars": ["\u1029"]},
{"type": "bitmap","file": "minecraft:font/area/gas_station.png","ascent": 3.6666666666666643, "height": 45.666666666666664,"chars": ["\u102a"]},
{"type": "bitmap","file": "minecraft:font/area/gas_station.png","ascent": 2.6666666666666643, "height": 45.666666666666664,"chars": ["\u102b"]},
{"type": "bitmap","file": "minecraft:font/area/gas_station.png","ascent": 1.6666666666666643, "height": 45.666666666666664,"chars": ["\u102c"]},
{"type": "bitmap","file": "minecraft:font/area/gas_station.png","ascent": 0.6666666666666643, "height": 45.666666666666664,"chars": ["\u102d"]},
{"type": "bitmap","file": "minecraft:font/area/gas_station.png","ascent": -0.3333333333333357, "height": 45.666666666666664,"chars": ["\u102e"]},
{"type": "bitmap","file": "minecraft:font/area/gas_station.png","ascent": -1.3333333333333357, "height": 45.666666666666664,"chars": ["\u102f"]},
{"type": "bitmap","file": "minecraft:font/area/gas_station.png","ascent": -2.3333333333333357, "height": 45.666666666666664,"chars": ["\u1030"]},
{"type": "bitmap","file": "minecraft:font/area/gas_station.png","ascent": -3.3333333333333357, "height": 45.666666666666664,"chars": ["\u1031"]},
{"type": "bitmap","file": "minecraft:font/area/gas_station.png","ascent": -4.333333333333336, "height": 45.666666666666664,"chars": ["\u1032"]},
{"type": "bitmap","file": "minecraft:font/area/gas_station.png","ascent": -5.333333333333336, "height": 45.666666666666664,"chars": ["\u1033"]},
{"type": "bitmap","file": "minecraft:font/area/gas_station.png","ascent": -6.333333333333336, "height": 45.666666666666664,"chars": ["\u1034"]},
{"type": "bitmap","file": "minecraft:font/area/gas_station.png","ascent": -7.333333333333336, "height": 45.666666666666664,"chars": ["\u1035"]},
{"type": "bitmap","file": "minecraft:font/area/gas_station.png","ascent": -8.333333333333336, "height": 45.666666666666664,"chars": ["\u1036"]},
{"type": "bitmap","file": "minecraft:font/area/gas_station.png","ascent": -9.333333333333336, "height": 45.666666666666664,"chars": ["\u1037"]},
{"type": "bitmap","file": "minecraft:font/area/gas_station.png","ascent": -10.333333333333336, "height": 45.666666666666664,"chars": ["\u1038"]},
{"type": "bitmap","file": "minecraft:font/area/gas_station.png","ascent": -11.333333333333336, "height": 45.666666666666664,"chars": ["\u1039"]},
{"type": "bitmap","file": "minecraft:font/area/gas_station.png","ascent": -12.333333333333336, "height": 45.666666666666664,"chars": ["\u103a"]},
{"type": "bitmap","file": "minecraft:font/area/gas_station.png","ascent": -13.333333333333336, "height": 45.666666666666664,"chars": ["\u103b"]},
{"type": "bitmap","file": "minecraft:font/area/gas_station.png","ascent": -14.333333333333336, "height": 45.666666666666664,"chars": ["\u103c"]},
{"type": "bitmap","file": "minecraft:font/area/gas_station.png","ascent": -15.333333333333336, "height": 45.666666666666664,"chars": ["\u103d"]},
{"type": "bitmap","file": "minecraft:font/area/gas_station.png","ascent": -16.333333333333336, "height": 45.666666666666664,"chars": ["\u103e"]},
{"type": "bitmap","file": "minecraft:font/area/gas_station.png","ascent": -17.333333333333336, "height": 45.666666666666664,"chars": ["\u103f"]},
{"type": "bitmap","file": "minecraft:font/area/gas_station.png","ascent": -18.333333333333336, "height": 45.666666666666664,"chars": ["\u1040"]},
{"type": "bitmap","file": "minecraft:font/area/gas_station.png","ascent": -19.333333333333336, "height": 45.666666666666664,"chars": ["\u1041"]},
{"type": "bitmap","file": "minecraft:font/area/gas_station.png","ascent": -20.333333333333336, "height": 45.666666666666664,"chars": ["\u1042"]},
{"type": "bitmap","file": "minecraft:font/area/gas_station.png","ascent": -21.333333333333336, "height": 45.666666666666664,"chars": ["\u1043"]},
{"type": "bitmap","file": "minecraft:font/area/gas_station.png","ascent": -22.333333333333336, "height": 45.666666666666664,"chars": ["\u1044"]},
{"type": "bitmap","file": "minecraft:font/area/gas_station.png","ascent": -23.333333333333336, "height": 45.666666666666664,"chars": ["\u1045"]},
{"type": "bitmap","file": "minecraft:font/area/gas_station.png","ascent": -24.333333333333336, "height": 45.666666666666664,"chars": ["\u1046"]},
{"type": "bitmap","file": "minecraft:font/area/gas_station.png","ascent": -25.333333333333336, "height": 45.666666666666664,"chars": ["\u1047"]},
{"type": "bitmap","file": "minecraft:font/area/gas_station.png","ascent": -26.333333333333336, "height": 45.666666666666664,"chars": ["\u1048"]},
{"type": "bitmap","file": "minecraft:font/area/gas_station.png","ascent": -27.333333333333336, "height": 45.666666666666664,"chars": ["\u1049"]},
{"type": "bitmap","file": "minecraft:font/area/gas_station.png","ascent": -28.333333333333336, "height": 45.666666666666664,"chars": ["\u104a"]},
{"type": "bitmap","file": "minecraft:font/area/gas_station.png","ascent": -29.333333333333336, "height": 45.666666666666664,"chars": ["\u104b"]},
{"type": "bitmap","file": "minecraft:font/area/gas_station.png","ascent": -30.333333333333336, "height": 45.666666666666664,"chars": ["\u104c"]},
{"type": "bitmap","file": "minecraft:font/area/gas_station.png","ascent": -31.333333333333336, "height": 45.666666666666664,"chars": ["\u104d"]},
{"type": "bitmap","file": "minecraft:font/area/gas_station.png","ascent": -32.333333333333336, "height": 45.666666666666664,"chars": ["\u104e"]},
{"type": "bitmap","file": "minecraft:font/area/gas_station.png","ascent": -33.333333333333336, "height": 45.666666666666664,"chars": ["\u104f"]},
{"type": "bitmap","file": "minecraft:font/area/gas_station.png","ascent": -34.333333333333336, "height": 45.666666666666664,"chars": ["\u1050"]},
{"type": "bitmap","file": "minecraft:font/area/gas_station.png","ascent": -35.333333333333336, "height": 45.666666666666664,"chars": ["\u1051"]},
{"type": "bitmap","file": "minecraft:font/area/gas_station.png","ascent": -36.333333333333336, "height": 45.666666666666664,"chars": ["\u1052"]},
{"type": "bitmap","file": "minecraft:font/area/gas_station.png","ascent": -37.333333333333336, "height": 45.666666666666664,"chars": ["\u1053"]},
{"type": "bitmap","file": "minecraft:font/area/gas_station.png","ascent": -38.333333333333336, "height": 45.666666666666664,"chars": ["\u1054"]},
{"type": "bitmap","file": "minecraft:font/area/gas_station.png","ascent": -39.333333333333336, "height": 45.666666666666664,"chars": ["\u1055"]},
{"type": "bitmap","file": "minecraft:font/area/gas_station.png","ascent": -40.333333333333336, "height": 45.666666666666664,"chars": ["\u1056"]},
{"type": "bitmap","file": "minecraft:font/area/gas_station.png","ascent": -41.333333333333336, "height": 45.666666666666664,"chars": ["\u1057"]},
{"type": "bitmap","file": "minecraft:font/area/gas_station.png","ascent": -42.333333333333336, "height": 45.666666666666664,"chars": ["\u1058"]},
{"type": "bitmap","file": "minecraft:font/area/gas_station.png","ascent": -43.333333333333336, "height": 45.666666666666664,"chars": ["\u1059"]},
{"type": "bitmap","file": "minecraft:font/area/gas_station.png","ascent": -44.333333333333336, "height": 45.666666666666664,"chars": ["\u105a"]},
{"type": "bitmap","file": "minecraft:font/area/gas_station.png","ascent": -45.333333333333336, "height": 45.666666666666664,"chars": ["\u105b"]},
{"type": "bitmap","file": "minecraft:font/area/gas_station.png","ascent": -46.333333333333336, "height": 45.666666666666664,"chars": ["\u105c"]},
{"type": "bitmap","file": "minecraft:font/area/gas_station.png","ascent": -47.333333333333336, "height": 45.666666666666664,"chars": ["\u105d"]},
{"type": "bitmap","file": "minecraft:font/area/gas_station.png","ascent": -48.333333333333336, "height": 45.666666666666664,"chars": ["\u105e"]},
{"type": "bitmap","file": "minecraft:font/area/gas_station.png","ascent": -49.333333333333336, "height": 45.666666666666664,"chars": ["\u105f"]},
{"type": "bitmap","file": "minecraft:font/area/gas_station.png","ascent": -50.333333333333336, "height": 45.666666666666664,"chars": ["\u1060"]},
{"type": "bitmap","file": "minecraft:font/area/gas_station.png","ascent": -51.333333333333336, "height": 45.666666666666664,"chars": ["\u1061"]},
{"type": "bitmap","file": "minecraft:font/area/gas_station.png","ascent": -52.333333333333336, "height": 45.666666666666664,"chars": ["\u1062"]},
{"type": "bitmap","file": "minecraft:font/area/gas_station.png","ascent": -53.333333333333336, "height": 45.666666666666664,"chars": ["\u1063"]},
{"type": "bitmap","file": "minecraft:font/area/gas_station.png","ascent": -54.333333333333336, "height": 45.666666666666664,"chars": ["\u1064"]},
{"type": "bitmap","file": "minecraft:font/area/gas_station.png","ascent": -55.333333333333336, "height": 45.666666666666664,"chars": ["\u1065"]},
{"type": "bitmap","file": "minecraft:font/area/gas_station.png","ascent": -56.333333333333336, "height": 45.666666666666664,"chars": ["\u1066"]},
{"type": "bitmap","file": "minecraft:font/area/gas_station.png","ascent": -57.333333333333336, "height": 45.666666666666664,"chars": ["\u1067"]},
{"type": "bitmap","file": "minecraft:font/area/gas_station.png","ascent": -58.333333333333336, "height": 45.666666666666664,"chars": ["\u1068"]},
{"type": "bitmap","file": "minecraft:font/area/gas_station.png","ascent": -59.333333333333336, "height": 45.666666666666664,"chars": ["\u1069"]},
{"type": "bitmap","file": "minecraft:font/area/gas_station.png","ascent": -60.333333333333336, "height": 45.666666666666664,"chars": ["\u106a"]},
{"type": "bitmap","file": "minecraft:font/area/gas_station.png","ascent": -61.333333333333336, "height": 45.666666666666664,"chars": ["\u106b"]},
{"type": "bitmap","file": "minecraft:font/area/gas_station.png","ascent": -62.333333333333336, "height": 45.666666666666664,"chars": ["\u106c"]},
{"type": "bitmap","file": "minecraft:font/area/gas_station.png","ascent": -63.333333333333336, "height": 45.666666666666664,"chars": ["\u106d"]},
{"type": "bitmap","file": "minecraft:font/area/gas_station.png","ascent": -64.33333333333334, "height": 45.666666666666664,"chars": ["\u106e"]},
{"type": "bitmap","file": "minecraft:font/area/gas_station.png","ascent": -65.33333333333334, "height": 45.666666666666664,"chars": ["\u106f"]},
{"type": "bitmap","file": "minecraft:font/area/gas_station.png","ascent": -66.33333333333334, "height": 45.666666666666664,"chars": ["\u1070"]},
{"type": "bitmap","file": "minecraft:font/area/gas_station.png","ascent": -67.33333333333334, "height": 45.666666666666664,"chars": ["\u1071"]},
{"type": "bitmap","file": "minecraft:font/area/gas_station.png","ascent": -68.33333333333334, "height": 45.666666666666664,"chars": ["\u1072"]},
{"type": "bitmap","file": "minecraft:font/area/gas_station.png","ascent": -69.33333333333334, "height": 45.666666666666664,"chars": ["\u1073"]},
{"type": "bitmap","file": "minecraft:font/area/gas_station.png","ascent": -70.33333333333334, "height": 45.666666666666664,"chars": ["\u1074"]},
{"type": "bitmap","file": "minecraft:font/area/gas_station.png","ascent": -71.33333333333334, "height": 45.666666666666664,"chars": ["\u1075"]},
{"type": "bitmap","file": "minecraft:font/area/gas_station.png","ascent": -72.33333333333334, "height": 45.666666666666664,"chars": ["\u1076"]},
{"type": "bitmap","file": "minecraft:font/area/gas_station.png","ascent": -73.33333333333334, "height": 45.666666666666664,"chars": ["\u1077"]},
{"type": "bitmap","file": "minecraft:font/area/gas_station.png","ascent": -74.33333333333334, "height": 45.666666666666664,"chars": ["\u1078"]},
{"type": "bitmap","file": "minecraft:font/area/gas_station.png","ascent": -75.33333333333334, "height": 45.666666666666664,"chars": ["\u1079"]},
{"type": "bitmap","file": "minecraft:font/area/gas_station.png","ascent": -76.33333333333334, "height": 45.666666666666664,"chars": ["\u107a"]},
{"type": "bitmap","file": "minecraft:font/area/gas_station.png","ascent": -77.33333333333334, "height": 45.666666666666664,"chars": ["\u107b"]},
{"type": "bitmap","file": "minecraft:font/area/gas_station.png","ascent": -78.33333333333334, "height": 45.666666666666664,"chars": ["\u107c"]},
{"type": "bitmap","file": "minecraft:font/area/gas_station.png","ascent": -79.33333333333334, "height": 45.666666666666664,"chars": ["\u107d"]},
{"type": "bitmap","file": "minecraft:font/area/gas_station.png","ascent": -80.33333333333334, "height": 45.666666666666664,"chars": ["\u107e"]},
{"type": "bitmap","file": "minecraft:font/area/gas_station.png","ascent": -81.33333333333334, "height": 45.666666666666664,"chars": ["\u107f"]},
{"type": "bitmap","file": "minecraft:font/area/gas_station.png","ascent": -82.33333333333334, "height": 45.666666666666664,"chars": ["\u1080"]},
{"type": "bitmap","file": "minecraft:font/area/gas_station.png","ascent": -83.33333333333334, "height": 45.666666666666664,"chars": ["\u1081"]},
{"type": "bitmap","file": "minecraft:font/area/gas_station.png","ascent": -84.33333333333334, "height": 45.666666666666664,"chars": ["\u1082"]},
{"type": "bitmap","file": "minecraft:font/area/gas_station.png","ascent": -85.33333333333334, "height": 45.666666666666664,"chars": ["\u1083"]},
{"type": "bitmap","file": "minecraft:font/area/gas_station.png","ascent": -86.33333333333334, "height": 45.666666666666664,"chars": ["\u1084"]},
{"type": "bitmap","file": "minecraft:font/area/gas_station.png","ascent": -87.33333333333334, "height": 45.666666666666664,"chars": ["\u1085"]},
{"type": "bitmap","file": "minecraft:font/area/gas_station.png","ascent": -88.33333333333334, "height": 45.666666666666664,"chars": ["\u1086"]},
{"type": "bitmap","file": "minecraft:font/area/gas_station.png","ascent": -89.33333333333334, "height": 45.666666666666664,"chars": ["\u1087"]},
{"type": "bitmap","file": "minecraft:font/area/gas_station.png","ascent": -90.33333333333334, "height": 45.666666666666664,"chars": ["\u1088"]},
{"type": "bitmap","file": "minecraft:font/area/gas_station.png","ascent": -91.33333333333334, "height": 45.666666666666664,"chars": ["\u1089"]},
{"type": "bitmap","file": "minecraft:font/area/gas_station.png","ascent": -92.33333333333334, "height": 45.666666666666664,"chars": ["\u108a"]},
{"type": "bitmap","file": "minecraft:font/area/gas_station.png","ascent": -93.33333333333334, "height": 45.666666666666664,"chars": ["\u108b"]},
{"type": "bitmap","file": "minecraft:font/area/gas_station.png","ascent": -94.33333333333334, "height": 45.666666666666664,"chars": ["\u108c"]},
{"type": "bitmap","file": "minecraft:font/area/gas_station.png","ascent": -95.33333333333334, "height": 45.666666666666664,"chars": ["\u108d"]},
{"type": "bitmap","file": "minecraft:font/area/gas_station.png","ascent": -96.33333333333334, "height": 45.666666666666664,"chars": ["\u108e"]},
{"type": "bitmap","file": "minecraft:font/area/gas_station.png","ascent": -97.33333333333334, "height": 45.666666666666664,"chars": ["\u108f"]},
{"type": "bitmap","file": "minecraft:font/area/gas_station.png","ascent": -98.33333333333334, "height": 45.666666666666664,"chars": ["\u1090"]},
{"type": "bitmap","file": "minecraft:font/area/gas_station.png","ascent": -99.33333333333334, "height": 45.666666666666664,"chars": ["\u1091"]},
{"type": "bitmap","file": "minecraft:font/area/gas_station.png","ascent": -100.33333333333334, "height": 45.666666666666664,"chars": ["\u1092"]},
{"type": "bitmap","file": "minecraft:font/area/gas_station.png","ascent": -101.33333333333334, "height": 45.666666666666664,"chars": ["\u1093"]},
{"type": "bitmap","file": "minecraft:font/area/gas_station.png","ascent": -102.33333333333334, "height": 45.666666666666664,"chars": ["\u1094"]},
{"type": "bitmap","file": "minecraft:font/area/gas_station.png","ascent": -103.33333333333334, "height": 45.666666666666664,"chars": ["\u1095"]},
{"type": "bitmap","file": "minecraft:font/area/gas_station.png","ascent": -104.33333333333334, "height": 45.666666666666664,"chars": ["\u1096"]},
{"type": "bitmap","file": "minecraft:font/area/gas_station.png","ascent": -105.33333333333334, "height": 45.666666666666664,"chars": ["\u1097"]},
{"type": "bitmap","file": "minecraft:font/area/gas_station.png","ascent": -106.33333333333334, "height": 45.666666666666664,"chars": ["\u1098"]},
{"type": "bitmap","file": "minecraft:font/area/gas_station.png","ascent": -107.33333333333334, "height": 45.666666666666664,"chars": ["\u1099"]},
{"type": "bitmap","file": "minecraft:font/area/gas_station.png","ascent": -108.33333333333334, "height": 45.666666666666664,"chars": ["\u109a"]},
{"type": "bitmap","file": "minecraft:font/area/gas_station.png","ascent": -109.33333333333334, "height": 45.666666666666664,"chars": ["\u109b"]},
{"type": "bitmap","file": "minecraft:font/area/gas_station.png","ascent": -110.33333333333334, "height": 45.666666666666664,"chars": ["\u109c"]},
{"type": "bitmap","file": "minecraft:font/area/gas_station.png","ascent": -111.33333333333334, "height": 45.666666666666664,"chars": ["\u109d"]},
{"type": "bitmap","file": "minecraft:font/area/gas_station.png","ascent": -112.33333333333334, "height": 45.666666666666664,"chars": ["\u109e"]},
{"type": "bitmap","file": "minecraft:font/area/gas_station.png","ascent": -113.33333333333334, "height": 45.666666666666664,"chars": ["\u109f"]},
{"type": "bitmap","file": "minecraft:font/area/gas_station.png","ascent": -114.33333333333334, "height": 45.666666666666664,"chars": ["\u10a0"]},
{"type": "bitmap","file": "minecraft:font/area/gas_station.png","ascent": -115.33333333333334, "height": 45.666666666666664,"chars": ["\u10a1"]},
{"type": "bitmap","file": "minecraft:font/area/gas_station.png","ascent": -116.33333333333334, "height": 45.666666666666664,"chars": ["\u10a2"]},
{"type": "bitmap","file": "minecraft:font/area/gas_station.png","ascent": -117.33333333333334, "height": 45.666666666666664,"chars": ["\u10a3"]},
{"type": "bitmap","file": "minecraft:font/area/gas_station.png","ascent": -118.33333333333334, "height": 45.666666666666664,"chars": ["\u10a4"]},
{"type": "bitmap","file": "minecraft:font/area/gas_station.png","ascent": -119.33333333333334, "height": 45.666666666666664,"chars": ["\u10a5"]},
{"type": "bitmap","file": "minecraft:font/area/gas_station.png","ascent": -120.33333333333334, "height": 45.666666666666664,"chars": ["\u10a6"]},
{"type": "bitmap","file": "minecraft:font/area/gas_station.png","ascent": -121.33333333333334, "height": 45.666666666666664,"chars": ["\u10a7"]},
{"type": "bitmap","file": "minecraft:font/area/gas_station.png","ascent": -122.33333333333334, "height": 45.666666666666664,"chars": ["\u10a8"]},
{"type": "bitmap","file": "minecraft:font/area/gas_station.png","ascent": -123.33333333333334, "height": 45.666666666666664,"chars": ["\u10a9"]},
{"type": "bitmap","file": "minecraft:font/area/gas_station.png","ascent": -124.33333333333334, "height": 45.666666666666664,"chars": ["\u10aa"]},
{"type": "bitmap","file": "minecraft:font/area/gas_station.png","ascent": -125.33333333333334, "height": 45.666666666666664,"chars": ["\u10ab"]},
{"type": "bitmap","file": "minecraft:font/area/gas_station.png","ascent": -126.33333333333334, "height": 45.666666666666664,"chars": ["\u10ac"]},
{"type": "bitmap","file": "minecraft:font/area/gas_station.png","ascent": -127.33333333333334, "height": 45.666666666666664,"chars": ["\u10ad"]},
{"type": "bitmap","file": "minecraft:font/area/gas_station.png","ascent": -128.33333333333334, "height": 45.666666666666664,"chars": ["\u10ae"]},
{"type": "bitmap","file": "minecraft:font/area/gas_station.png","ascent": -129.33333333333334, "height": 45.666666666666664,"chars": ["\u10af"]},
{"type": "bitmap","file": "minecraft:font/area/gas_station.png","ascent": -130.33333333333334, "height": 45.666666666666664,"chars": ["\u10b0"]},
{"type": "bitmap","file": "minecraft:font/area/gas_station.png","ascent": -131.33333333333334, "height": 45.666666666666664,"chars": ["\u10b1"]},
{"type": "bitmap","file": "minecraft:font/area/gas_station.png","ascent": -132.33333333333334, "height": 45.666666666666664,"chars": ["\u10b2"]},
{"type": "bitmap","file": "minecraft:font/area/gas_station.png","ascent": -133.33333333333334, "height": 45.666666666666664,"chars": ["\u10b3"]},
{"type": "bitmap","file": "minecraft:font/area/gas_station.png","ascent": -134.33333333333334, "height": 45.666666666666664,"chars": ["\u10b4"]},
{"type": "bitmap","file": "minecraft:font/area/gas_station.png","ascent": -135.33333333333334, "height": 45.666666666666664,"chars": ["\u10b5"]},
{"type": "bitmap","file": "minecraft:font/area/gas_station.png","ascent": -136.33333333333334, "height": 45.666666666666664,"chars": ["\u10b6"]},
{"type": "bitmap","file": "minecraft:font/area/gas_station.png","ascent": -137.33333333333334, "height": 45.666666666666664,"chars": ["\u10b7"]},
{"type": "bitmap","file": "minecraft:font/area/gas_station.png","ascent": -138.33333333333334, "height": 45.666666666666664,"chars": ["\u10b8"]},
{"type": "bitmap","file": "minecraft:font/area/gas_station.png","ascent": -139.33333333333334, "height": 45.666666666666664,"chars": ["\u10b9"]},
{"type": "bitmap","file": "minecraft:font/area/gas_station.png","ascent": -140.33333333333334, "height": 45.666666666666664,"chars": ["\u10ba"]},
{"type": "bitmap","file": "minecraft:font/area/gas_station.png","ascent": -141.33333333333334, "height": 45.666666666666664,"chars": ["\u10bb"]},
{"type": "bitmap","file": "minecraft:font/area/gas_station.png","ascent": -142.33333333333334, "height": 45.666666666666664,"chars": ["\u10bc"]},
{"type": "bitmap","file": "minecraft:font/area/gas_station.png","ascent": -143.33333333333334, "height": 45.666666666666664,"chars": ["\u10bd"]},
{"type": "bitmap","file": "minecraft:font/area/gas_station.png","ascent": -144.33333333333334, "height": 45.666666666666664,"chars": ["\u10be"]},
{"type": "bitmap","file": "minecraft:font/area/gas_station.png","ascent": -145.33333333333334, "height": 45.666666666666664,"chars": ["\u10bf"]},
{"type": "bitmap","file": "minecraft:font/area/gas_station.png","ascent": -146.33333333333334, "height": 45.666666666666664,"chars": ["\u10c0"]},
{"type": "bitmap","file": "minecraft:font/area/gas_station.png","ascent": -147.33333333333334, "height": 45.666666666666664,"chars": ["\u10c1"]},
{"type": "bitmap","file": "minecraft:font/area/gas_station.png","ascent": -148.33333333333334, "height": 45.666666666666664,"chars": ["\u10c2"]},
{"type": "bitmap","file": "minecraft:font/area/gas_station.png","ascent": -149.33333333333334, "height": 45.666666666666664,"chars": ["\u10c3"]},
{"type": "bitmap","file": "minecraft:font/area/gas_station.png","ascent": -150.33333333333334, "height": 45.666666666666664,"chars": ["\u10c4"]},
{"type": "bitmap","file": "minecraft:font/area/gas_station.png","ascent": -151.33333333333334, "height": 45.666666666666664,"chars": ["\u10c5"]},
{"type": "bitmap","file": "minecraft:font/area/gas_station.png","ascent": -152.33333333333334, "height": 45.666666666666664,"chars": ["\u10c6"]},
{"type": "bitmap","file": "minecraft:font/area/gas_station.png","ascent": -153.33333333333334, "height": 45.666666666666664,"chars": ["\u10c7"]},
{"type": "bitmap","file": "minecraft:font/area/gas_station.png","ascent": -154.33333333333334, "height": 45.666666666666664,"chars": ["\u10c8"]},
{"type": "bitmap","file": "minecraft:font/area/gas_station.png","ascent": -155.33333333333334, "height": 45.666666666666664,"chars": ["\u10c9"]},
{"type": "bitmap","file": "minecraft:font/area/gas_station.png","ascent": -156.33333333333334, "height": 45.666666666666664,"chars": ["\u10ca"]},
{"type": "bitmap","file": "minecraft:font/area/gas_station.png","ascent": -157.33333333333334, "height": 45.666666666666664,"chars": ["\u10cb"]},
{"type": "bitmap","file": "minecraft:font/area/gas_station.png","ascent": -158.33333333333334, "height": 45.666666666666664,"chars": ["\u10cc"]},
{"type": "bitmap","file": "minecraft:font/area/gas_station.png","ascent": -159.33333333333334, "height": 45.666666666666664,"chars": ["\u10cd"]},
{"type": "bitmap","file": "minecraft:font/area/gas_station.png","ascent": -160.33333333333334, "height": 45.666666666666664,"chars": ["\u10ce"]},
{"type": "bitmap","file": "minecraft:font/area/gas_station.png","ascent": -161.33333333333334, "height": 45.666666666666664,"chars": ["\u10cf"]},
{"type": "bitmap","file": "minecraft:font/area/gas_station.png","ascent": -162.33333333333334, "height": 45.666666666666664,"chars": ["\u10d0"]},
{"type": "bitmap","file": "minecraft:font/area/gas_station.png","ascent": -163.33333333333334, "height": 45.666666666666664,"chars": ["\u10d1"]},
{"type": "bitmap","file": "minecraft:font/area/gas_station.png","ascent": -164.33333333333334, "height": 45.666666666666664,"chars": ["\u10d2"]},
{"type": "bitmap","file": "minecraft:font/area/gas_station.png","ascent": -165.33333333333334, "height": 45.666666666666664,"chars": ["\u10d3"]},
{"type": "bitmap","file": "minecraft:font/area/gas_station.png","ascent": -166.33333333333334, "height": 45.666666666666664,"chars": ["\u10d4"]},
{"type": "bitmap","file": "minecraft:font/area/gas_station.png","ascent": -167.33333333333334, "height": 45.666666666666664,"chars": ["\u10d5"]},
{"type": "bitmap","file": "minecraft:font/area/gas_station.png","ascent": -168.33333333333334, "height": 45.666666666666664,"chars": ["\u10d6"]},
{"type": "bitmap","file": "minecraft:font/area/gas_station.png","ascent": -169.33333333333334, "height": 45.666666666666664,"chars": ["\u10d7"]},
{"type": "bitmap","file": "minecraft:font/area/gas_station.png","ascent": -170.33333333333334, "height": 45.666666666666664,"chars": ["\u10d8"]},
{"type": "bitmap","file": "minecraft:font/area/gas_station.png","ascent": -171.33333333333334, "height": 45.666666666666664,"chars": ["\u10d9"]},
{"type": "bitmap","file": "minecraft:font/area/gas_station.png","ascent": -172.33333333333334, "height": 45.666666666666664,"chars": ["\u10da"]},
{"type": "bitmap","file": "minecraft:font/area/gas_station.png","ascent": -173.33333333333334, "height": 45.666666666666664,"chars": ["\u10db"]},
{"type": "bitmap","file": "minecraft:font/area/gas_station.png","ascent": -174.33333333333334, "height": 45.666666666666664,"chars": ["\u10dc"]},
{"type": "bitmap","file": "minecraft:font/area/gas_station.png","ascent": -175.33333333333334, "height": 45.666666666666664,"chars": ["\u10dd"]},
{"type": "bitmap","file": "minecraft:font/area/gas_station.png","ascent": -176.33333333333334, "height": 45.666666666666664,"chars": ["\u10de"]},
{"type": "bitmap","file": "minecraft:font/area/gas_station.png","ascent": -177.33333333333334, "height": 45.666666666666664,"chars": ["\u10df"]},
{"type": "bitmap","file": "minecraft:font/area/gas_station.png","ascent": -178.33333333333334, "height": 45.666666666666664,"chars": ["\u10e0"]},
{"type": "bitmap","file": "minecraft:font/area/gas_station.png","ascent": -179.33333333333334, "height": 45.666666666666664,"chars": ["\u10e1"]},
{"type": "bitmap","file": "minecraft:font/area/gas_station.png","ascent": -180.33333333333334, "height": 45.666666666666664,"chars": ["\u10e2"]},
{"type": "bitmap","file": "minecraft:font/area/gas_station.png","ascent": -181.33333333333334, "height": 45.666666666666664,"chars": ["\u10e3"]},
{"type": "bitmap","file": "minecraft:font/area/gas_station.png","ascent": -182.33333333333334, "height": 45.666666666666664,"chars": ["\u10e4"]},
{"type": "bitmap","file": "minecraft:font/area/gas_station.png","ascent": -183.33333333333334, "height": 45.666666666666664,"chars": ["\u10e5"]},
{"type": "bitmap","file": "minecraft:font/area/gas_station.png","ascent": -184.33333333333334, "height": 45.666666666666664,"chars": ["\u10e6"]},
{"type": "bitmap","file": "minecraft:font/area/gas_station.png","ascent": -185.33333333333334, "height": 45.666666666666664,"chars": ["\u10e7"]},
{"type": "bitmap","file": "minecraft:font/area/gas_station.png","ascent": -186.33333333333334, "height": 45.666666666666664,"chars": ["\u10e8"]},
{"type": "bitmap","file": "minecraft:font/area/gas_station.png","ascent": -187.33333333333334, "height": 45.666666666666664,"chars": ["\u10e9"]},
{"type": "bitmap","file": "minecraft:font/area/gas_station.png","ascent": -188.33333333333334, "height": 45.666666666666664,"chars": ["\u10ea"]},
{"type": "bitmap","file": "minecraft:font/area/gas_station.png","ascent": -189.33333333333334, "height": 45.666666666666664,"chars": ["\u10eb"]},
{"type": "bitmap","file": "minecraft:font/area/gas_station.png","ascent": -190.33333333333334, "height": 45.666666666666664,"chars": ["\u10ec"]},
{"type": "bitmap","file": "minecraft:font/area/gas_station.png","ascent": -191.33333333333334, "height": 45.666666666666664,"chars": ["\u10ed"]},
{"type": "bitmap","file": "minecraft:font/area/gas_station.png","ascent": -192.33333333333334, "height": 45.666666666666664,"chars": ["\u10ee"]},
{"type": "bitmap","file": "minecraft:font/area/gas_station.png","ascent": -193.33333333333334, "height": 45.666666666666664,"chars": ["\u10ef"]},
{"type": "bitmap","file": "minecraft:font/area/gas_station.png","ascent": -194.33333333333334, "height": 45.666666666666664,"chars": ["\u10f0"]},
{"type": "bitmap","file": "minecraft:font/area/gas_station.png","ascent": -195.33333333333334, "height": 45.666666666666664,"chars": ["\u10f1"]},
{"type": "bitmap","file": "minecraft:font/area/gas_station.png","ascent": -196.33333333333334, "height": 45.666666666666664,"chars": ["\u10f2"]},
{"type": "bitmap","file": "minecraft:font/area/gas_station.png","ascent": -197.33333333333334, "height": 45.666666666666664,"chars": ["\u10f3"]},
{"type": "bitmap","file": "minecraft:font/area/gas_station.png","ascent": -198.33333333333334, "height": 45.666666666666664,"chars": ["\u10f4"]},
{"type": "bitmap","file": "minecraft:font/area/gas_station.png","ascent": -199.33333333333334, "height": 45.666666666666664,"chars": ["\u10f5"]},
{"type": "bitmap","file": "minecraft:font/area/gas_station.png","ascent": -200.33333333333334, "height": 45.666666666666664,"chars": ["\u10f6"]},
{"type": "bitmap","file": "minecraft:font/area/gas_station.png","ascent": -201.33333333333334, "height": 45.666666666666664,"chars": ["\u10f7"]},
{"type": "bitmap","file": "minecraft:font/area/gas_station.png","ascent": -202.33333333333334, "height": 45.666666666666664,"chars": ["\u10f8"]},
{"type": "bitmap","file": "minecraft:font/area/gas_station.png","ascent": -203.33333333333334, "height": 45.666666666666664,"chars": ["\u10f9"]},
{"type": "bitmap","file": "minecraft:font/area/gas_station.png","ascent": -204.33333333333334, "height": 45.666666666666664,"chars": ["\u10fa"]},
{"type": "bitmap","file": "minecraft:font/area/gas_station.png","ascent": -205.33333333333334, "height": 45.666666666666664,"chars": ["\u10fb"]},
{"type": "bitmap","file": "minecraft:font/area/gas_station.png","ascent": -206.33333333333334, "height": 45.666666666666664,"chars": ["\u10fc"]},
{"type": "bitmap","file": "minecraft:font/area/gas_station.png","ascent": -207.33333333333334, "height": 45.666666666666664,"chars": ["\u10fd"]},
{"type": "bitmap","file": "minecraft:font/area/gas_station.png","ascent": -208.33333333333334, "height": 45.666666666666664,"chars": ["\u10fe"]},
{"type": "bitmap","file": "minecraft:font/area/gas_station.png","ascent": -209.33333333333334, "height": 45.666666666666664,"chars": ["\u10ff"]},
{"type": "bitmap","file": "minecraft:font/area/gas_station.png","ascent": -210.33333333333334, "height": 45.666666666666664,"chars": ["\u1100"]},
{"type": "bitmap","file": "minecraft:font/area/gas_station.png","ascent": -211.33333333333334, "height": 45.666666666666664,"chars": ["\u1101"]},
{"type": "bitmap","file": "minecraft:font/area/gas_station.png","ascent": -212.33333333333334, "height": 45.666666666666664,"chars": ["\u1102"]},
{"type": "bitmap","file": "minecraft:font/area/gas_station.png","ascent": -213.33333333333334, "height": 45.666666666666664,"chars": ["\u1103"]},
{"type": "bitmap","file": "minecraft:font/area/gas_station.png","ascent": -214.33333333333334, "height": 45.666666666666664,"chars": ["\u1104"]},
{"type": "bitmap","file": "minecraft:font/area/gas_station.png","ascent": -215.33333333333334, "height": 45.666666666666664,"chars": ["\u1105"]},
{"type": "bitmap","file": "minecraft:font/area/gas_station.png","ascent": -216.33333333333334, "height": 45.666666666666664,"chars": ["\u1106"]},
{"type": "bitmap","file": "minecraft:font/area/gas_station.png","ascent": -217.33333333333334, "height": 45.666666666666664,"chars": ["\u1107"]},
{"type": "bitmap","file": "minecraft:font/area/gas_station.png","ascent": -218.33333333333334, "height": 45.666666666666664,"chars": ["\u1108"]},
{"type": "bitmap","file": "minecraft:font/area/gas_station.png","ascent": -219.33333333333334, "height": 45.666666666666664,"chars": ["\u1109"]},
{"type": "bitmap","file": "minecraft:font/area/gas_station.png","ascent": -220.33333333333334, "height": 45.666666666666664,"chars": ["\u110a"]},
{"type": "bitmap","file": "minecraft:font/area/gas_station.png","ascent": -221.33333333333334, "height": 45.666666666666664,"chars": ["\u110b"]},
{"type": "bitmap","file": "minecraft:font/area/gas_station.png","ascent": -222.33333333333334, "height": 45.666666666666664,"chars": ["\u110c"]},
{"type": "bitmap","file": "minecraft:font/area/gas_station.png","ascent": -223.33333333333334, "height": 45.666666666666664,"chars": ["\u110d"]},
{"type": "bitmap","file": "minecraft:font/area/gas_station.png","ascent": -224.33333333333334, "height": 45.666666666666664,"chars": ["\u110e"]},
{"type": "bitmap","file": "minecraft:font/area/gas_station.png","ascent": -225.33333333333334, "height": 45.666666666666664,"chars": ["\u110f"]},
{"type": "bitmap","file": "minecraft:font/area/gas_station.png","ascent": -226.33333333333334, "height": 45.666666666666664,"chars": ["\u1110"]},
{"type": "bitmap","file": "minecraft:font/area/gas_station.png","ascent": -227.33333333333334, "height": 45.666666666666664,"chars": ["\u1111"]},
{"type": "bitmap","file": "minecraft:font/area/gas_station.png","ascent": -228.33333333333334, "height": 45.666666666666664,"chars": ["\u1112"]},
{"type": "bitmap","file": "minecraft:font/area/gas_station.png","ascent": -229.33333333333334, "height": 45.666666666666664,"chars": ["\u1113"]},
{"type": "bitmap","file": "minecraft:font/area/gas_station.png","ascent": -230.33333333333334, "height": 45.666666666666664,"chars": ["\u1114"]},
{"type": "bitmap","file": "minecraft:font/area/gas_station.png","ascent": -231.33333333333334, "height": 45.666666666666664,"chars": ["\u1115"]},
{"type": "bitmap","file": "minecraft:font/area/gas_station.png","ascent": -232.33333333333334, "height": 45.666666666666664,"chars": ["\u1116"]},
{"type": "bitmap","file": "minecraft:font/area/gas_station.png","ascent": -233.33333333333334, "height": 45.666666666666664,"chars": ["\u1117"]},
{"type": "bitmap","file": "minecraft:font/area/gas_station.png","ascent": -234.33333333333334, "height": 45.666666666666664,"chars": ["\u1118"]},
{"type": "bitmap","file": "minecraft:font/area/gas_station.png","ascent": -235.33333333333334, "height": 45.666666666666664,"chars": ["\u1119"]},
{"type": "bitmap","file": "minecraft:font/area/gas_station.png","ascent": -236.33333333333334, "height": 45.666666666666664,"chars": ["\u111a"]},
{"type": "bitmap","file": "minecraft:font/area/gas_station.png","ascent": -237.33333333333334, "height": 45.666666666666664,"chars": ["\u111b"]},
{"type": "bitmap","file": "minecraft:font/area/gas_station.png","ascent": -238.33333333333334, "height": 45.666666666666664,"chars": ["\u111c"]},
{"type": "bitmap","file": "minecraft:font/area/gas_station.png","ascent": -239.33333333333334, "height": 45.666666666666664,"chars": ["\u111d"]},
{"type": "bitmap","file": "minecraft:font/area/gas_station.png","ascent": -240.33333333333334, "height": 45.666666666666664,"chars": ["\u111e"]},
{"type": "bitmap","file": "minecraft:font/area/gas_station.png","ascent": -241.33333333333334, "height": 45.666666666666664,"chars": ["\u111f"]},
{"type": "bitmap","file": "minecraft:font/area/gas_station.png","ascent": -242.33333333333334, "height": 45.666666666666664,"chars": ["\u1120"]},
{"type": "bitmap","file": "minecraft:font/area/gas_station.png","ascent": -243.33333333333334, "height": 45.666666666666664,"chars": ["\u1121"]},
{"type": "bitmap","file": "minecraft:font/area/gas_station.png","ascent": -244.33333333333334, "height": 45.666666666666664,"chars": ["\u1122"]},
{"type": "bitmap","file": "minecraft:font/area/gas_station.png","ascent": -245.33333333333334, "height": 45.666666666666664,"chars": ["\u1123"]},
{"type": "bitmap","file": "minecraft:font/area/gas_station.png","ascent": -246.33333333333334, "height": 45.666666666666664,"chars": ["\u1124"]},
{"type": "bitmap","file": "minecraft:font/area/gas_station.png","ascent": -247.33333333333334, "height": 45.666666666666664,"chars": ["\u1125"]},
{"type": "bitmap","file": "minecraft:font/area/gas_station.png","ascent": -248.33333333333334, "height": 45.666666666666664,"chars": ["\u1126"]},
{"type": "bitmap","file": "minecraft:font/area/gas_station.png","ascent": -249.33333333333334, "height": 45.666666666666664,"chars": ["\u1127"]},
{"type": "bitmap","file": "minecraft:font/area/gas_station.png","ascent": -250.33333333333334, "height": 45.666666666666664,"chars": ["\u1128"]},
{"type": "bitmap","file": "minecraft:font/area/gas_station.png","ascent": -251.33333333333334, "height": 45.666666666666664,"chars": ["\u1129"]},
{"type": "bitmap","file": "minecraft:font/area/gas_station.png","ascent": -252.33333333333334, "height": 45.666666666666664,"chars": ["\u112a"]},
{"type": "bitmap","file": "minecraft:font/area/gas_station.png","ascent": -253.33333333333334, "height": 45.666666666666664,"chars": ["\u112b"]},
{"type": "bitmap","file": "minecraft:font/area/gas_station.png","ascent": -254.33333333333334, "height": 45.666666666666664,"chars": ["\u112c"]},
{"type": "bitmap","file": "minecraft:font/area/gas_station.png","ascent": -255.33333333333334, "height": 45.666666666666664,"chars": ["\u112d"]},
{"type": "bitmap","file": "minecraft:font/area/gas_station.png","ascent": -256.3333333333333, "height": 45.666666666666664,"chars": ["\u112e"]},
{"type": "bitmap","file": "minecraft:font/area/gas_station.png","ascent": -257.3333333333333, "height": 45.666666666666664,"chars": ["\u112f"]},
{"type": "bitmap","file": "minecraft:font/area/gas_station.png","ascent": -258.3333333333333, "height": 45.666666666666664,"chars": ["\u1130"]},
{"type": "bitmap","file": "minecraft:font/area/gas_station.png","ascent": -259.3333333333333, "height": 45.666666666666664,"chars": ["\u1131"]},
{"type": "bitmap","file": "minecraft:font/area/gas_station.png","ascent": -260.3333333333333, "height": 45.666666666666664,"chars": ["\u1132"]},
{"type": "bitmap","file": "minecraft:font/area/gas_station.png","ascent": -261.3333333333333, "height": 45.666666666666664,"chars": ["\u1133"]},
{"type": "bitmap","file": "minecraft:font/area/gas_station.png","ascent": -262.3333333333333, "height": 45.666666666666664,"chars": ["\u1134"]},
{"type": "bitmap","file": "minecraft:font/area/gas_station.png","ascent": -263.3333333333333, "height": 45.666666666666664,"chars": ["\u1135"]},
{"type": "bitmap","file": "minecraft:font/area/gas_station.png","ascent": -264.3333333333333, "height": 45.666666666666664,"chars": ["\u1136"]},
{"type": "bitmap","file": "minecraft:font/area/gas_station.png","ascent": -265.3333333333333, "height": 45.666666666666664,"chars": ["\u1137"]},
{"type": "bitmap","file": "minecraft:font/area/gas_station.png","ascent": -266.3333333333333, "height": 45.666666666666664,"chars": ["\u1138"]},
{"type": "bitmap","file": "minecraft:font/area/gas_station.png","ascent": -267.3333333333333, "height": 45.666666666666664,"chars": ["\u1139"]},
{"type": "bitmap","file": "minecraft:font/area/gas_station.png","ascent": -268.3333333333333, "height": 45.666666666666664,"chars": ["\u113a"]},
{"type": "bitmap","file": "minecraft:font/area/gas_station.png","ascent": -269.3333333333333, "height": 45.666666666666664,"chars": ["\u113b"]},
{"type": "bitmap","file": "minecraft:font/area/gas_station.png","ascent": -270.3333333333333, "height": 45.666666666666664,"chars": ["\u113c"]},
{"type": "bitmap","file": "minecraft:font/area/gas_station.png","ascent": -271.3333333333333, "height": 45.666666666666664,"chars": ["\u113d"]},
{"type": "bitmap","file": "minecraft:font/area/gas_station.png","ascent": -272.3333333333333, "height": 45.666666666666664,"chars": ["\u113e"]},
{"type": "bitmap","file": "minecraft:font/area/gas_station.png","ascent": -273.3333333333333, "height": 45.666666666666664,"chars": ["\u113f"]},
{"type": "bitmap","file": "minecraft:font/area/gas_station.png","ascent": -274.3333333333333, "height": 45.666666666666664,"chars": ["\u1140"]},
{"type": "bitmap","file": "minecraft:font/area/gas_station.png","ascent": -275.3333333333333, "height": 45.666666666666664,"chars": ["\u1141"]},
{"type": "bitmap","file": "minecraft:font/area/gas_station.png","ascent": -276.3333333333333, "height": 45.666666666666664,"chars": ["\u1142"]},
{"type": "bitmap","file": "minecraft:font/area/gas_station.png","ascent": -277.3333333333333, "height": 45.666666666666664,"chars": ["\u1143"]},
{"type": "bitmap","file": "minecraft:font/area/gas_station.png","ascent": -278.3333333333333, "height": 45.666666666666664,"chars": ["\u1144"]},
{"type": "bitmap","file": "minecraft:font/area/gas_station.png","ascent": -279.3333333333333, "height": 45.666666666666664,"chars": ["\u1145"]},
{"type": "bitmap","file": "minecraft:font/area/gas_station.png","ascent": -280.3333333333333, "height": 45.666666666666664,"chars": ["\u1146"]},
{"type": "bitmap","file": "minecraft:font/area/gas_station.png","ascent": -281.3333333333333, "height": 45.666666666666664,"chars": ["\u1147"]},
{"type": "bitmap","file": "minecraft:font/area/gas_station.png","ascent": -282.3333333333333, "height": 45.666666666666664,"chars": ["\u1148"]},
{"type": "bitmap","file": "minecraft:font/area/gas_station.png","ascent": -283.3333333333333, "height": 45.666666666666664,"chars": ["\u1149"]},
{"type": "bitmap","file": "minecraft:font/area/gas_station.png","ascent": -284.3333333333333, "height": 45.666666666666664,"chars": ["\u114a"]},
{"type": "bitmap","file": "minecraft:font/area/gas_station.png","ascent": -285.3333333333333, "height": 45.666666666666664,"chars": ["\u114b"]},
{"type": "bitmap","file": "minecraft:font/area/gas_station.png","ascent": -286.3333333333333, "height": 45.666666666666664,"chars": ["\u114c"]},
{"type": "bitmap","file": "minecraft:font/area/gas_station.png","ascent": -287.3333333333333, "height": 45.666666666666664,"chars": ["\u114d"]},
{"type": "bitmap","file": "minecraft:font/area/gas_station.png","ascent": -288.3333333333333, "height": 45.666666666666664,"chars": ["\u114e"]},
{"type": "bitmap","file": "minecraft:font/area/gas_station.png","ascent": -289.3333333333333, "height": 45.666666666666664,"chars": ["\u114f"]},
{"type": "bitmap","file": "minecraft:font/area/gas_station.png","ascent": -290.3333333333333, "height": 45.666666666666664,"chars": ["\u1150"]},
{"type": "bitmap","file": "minecraft:font/area/gas_station.png","ascent": -291.3333333333333, "height": 45.666666666666664,"chars": ["\u1151"]},
{"type": "bitmap","file": "minecraft:font/area/gas_station.png","ascent": -292.3333333333333, "height": 45.666666666666664,"chars": ["\u1152"]},
{"type": "bitmap","file": "minecraft:font/area/gas_station.png","ascent": -293.3333333333333, "height": 45.666666666666664,"chars": ["\u1153"]},
{"type": "bitmap","file": "minecraft:font/area/gas_station.png","ascent": -294.3333333333333, "height": 45.666666666666664,"chars": ["\u1154"]},
{"type": "bitmap","file": "minecraft:font/area/gas_station.png","ascent": -295.3333333333333, "height": 45.666666666666664,"chars": ["\u1155"]},
{"type": "bitmap","file": "minecraft:font/area/gas_station.png","ascent": -296.3333333333333, "height": 45.666666666666664,"chars": ["\u1156"]},
{"type": "bitmap","file": "minecraft:font/area/gas_station.png","ascent": -297.3333333333333, "height": 45.666666666666664,"chars": ["\u1157"]},
{"type": "bitmap","file": "minecraft:font/area/gas_station.png","ascent": -298.3333333333333, "height": 45.666666666666664,"chars": ["\u1158"]},
{"type": "bitmap","file": "minecraft:font/area/gas_station.png","ascent": -299.3333333333333, "height": 45.666666666666664,"chars": ["\u1159"]},
{"type": "bitmap","file": "minecraft:font/area/gas_station.png","ascent": -300.3333333333333, "height": 45.666666666666664,"chars": ["\u115a"]},
{"type": "bitmap","file": "minecraft:font/area/gas_station.png","ascent": -301.3333333333333, "height": 45.666666666666664,"chars": ["\u115b"]},
{"type": "bitmap","file": "minecraft:font/area/gas_station.png","ascent": -302.3333333333333, "height": 45.666666666666664,"chars": ["\u115c"]},
{"type": "bitmap","file": "minecraft:font/area/gas_station.png","ascent": -303.3333333333333, "height": 45.666666666666664,"chars": ["\u115d"]},
{"type": "bitmap","file": "minecraft:font/area/gas_station.png","ascent": -304.3333333333333, "height": 45.666666666666664,"chars": ["\u115e"]},
{"type": "bitmap","file": "minecraft:font/area/gas_station.png","ascent": -305.3333333333333, "height": 45.666666666666664,"chars": ["\u115f"]},
{"type": "bitmap","file": "minecraft:font/area/gas_station.png","ascent": -306.3333333333333, "height": 45.666666666666664,"chars": ["\u1160"]},
{"type": "bitmap","file": "minecraft:font/area/gas_station.png","ascent": -307.3333333333333, "height": 45.666666666666664,"chars": ["\u1161"]},
{"type": "bitmap","file": "minecraft:font/area/gas_station.png","ascent": -308.3333333333333, "height": 45.666666666666664,"chars": ["\u1162"]},
{"type": "bitmap","file": "minecraft:font/area/gas_station.png","ascent": -309.3333333333333, "height": 45.666666666666664,"chars": ["\u1163"]},
{"type": "bitmap","file": "minecraft:font/area/gas_station.png","ascent": -310.3333333333333, "height": 45.666666666666664,"chars": ["\u1164"]},
{"type": "bitmap","file": "minecraft:font/area/gas_station.png","ascent": -311.3333333333333, "height": 45.666666666666664,"chars": ["\u1165"]},
{"type": "bitmap","file": "minecraft:font/area/gas_station.png","ascent": -312.3333333333333, "height": 45.666666666666664,"chars": ["\u1166"]},
{"type": "bitmap","file": "minecraft:font/area/gas_station.png","ascent": -313.3333333333333, "height": 45.666666666666664,"chars": ["\u1167"]},
{"type": "bitmap","file": "minecraft:font/area/gas_station.png","ascent": -314.3333333333333, "height": 45.666666666666664,"chars": ["\u1168"]},
{"type": "bitmap","file": "minecraft:font/area/gas_station.png","ascent": -315.3333333333333, "height": 45.666666666666664,"chars": ["\u1169"]},
{"type": "bitmap","file": "minecraft:font/area/gas_station.png","ascent": -316.3333333333333, "height": 45.666666666666664,"chars": ["\u116a"]},
{"type": "bitmap","file": "minecraft:font/area/gas_station.png","ascent": -317.3333333333333, "height": 45.666666666666664,"chars": ["\u116b"]},
{"type": "bitmap","file": "minecraft:font/area/gas_station.png","ascent": -318.3333333333333, "height": 45.666666666666664,"chars": ["\u116c"]},
{"type": "bitmap","file": "minecraft:font/area/gas_station.png","ascent": -319.3333333333333, "height": 45.666666666666664,"chars": ["\u116d"]},
{"type": "bitmap","file": "minecraft:font/area/gas_station.png","ascent": -320.3333333333333, "height": 45.666666666666664,"chars": ["\u116e"]},
{"type": "bitmap","file": "minecraft:font/area/gas_station.png","ascent": -321.3333333333333, "height": 45.666666666666664,"chars": ["\u116f"]},
{"type": "bitmap","file": "minecraft:font/area/gas_station.png","ascent": -322.3333333333333, "height": 45.666666666666664,"chars": ["\u1170"]},
{"type": "bitmap","file": "minecraft:font/area/gas_station.png","ascent": -323.3333333333333, "height": 45.666666666666664,"chars": ["\u1171"]},
{"type": "bitmap","file": "minecraft:font/area/gas_station.png","ascent": -324.3333333333333, "height": 45.666666666666664,"chars": ["\u1172"]},
{"type": "bitmap","file": "minecraft:font/area/gas_station.png","ascent": -325.3333333333333, "height": 45.666666666666664,"chars": ["\u1173"]},
{"type": "bitmap","file": "minecraft:font/area/gas_station.png","ascent": -326.3333333333333, "height": 45.666666666666664,"chars": ["\u1174"]},
{"type": "bitmap","file": "minecraft:font/area/gas_station.png","ascent": -327.3333333333333, "height": 45.666666666666664,"chars": ["\u1175"]},
{"type": "bitmap","file": "minecraft:font/area/gas_station.png","ascent": -328.3333333333333, "height": 45.666666666666664,"chars": ["\u1176"]},
{"type": "bitmap","file": "minecraft:font/area/gas_station.png","ascent": -329.3333333333333, "height": 45.666666666666664,"chars": ["\u1177"]},
{"type": "bitmap","file": "minecraft:font/area/gas_station.png","ascent": -330.3333333333333, "height": 45.666666666666664,"chars": ["\u1178"]},
{"type": "bitmap","file": "minecraft:font/area/gas_station.png","ascent": -331.3333333333333, "height": 45.666666666666664,"chars": ["\u1179"]},
{"type": "bitmap","file": "minecraft:font/area/gas_station.png","ascent": -332.3333333333333, "height": 45.666666666666664,"chars": ["\u117a"]},
{"type": "bitmap","file": "minecraft:font/area/gas_station.png","ascent": -333.3333333333333, "height": 45.666666666666664,"chars": ["\u117b"]},
{"type": "bitmap","file": "minecraft:font/area/gas_station.png","ascent": -334.3333333333333, "height": 45.666666666666664,"chars": ["\u117c"]},
{"type": "bitmap","file": "minecraft:font/area/gas_station.png","ascent": -335.3333333333333, "height": 45.666666666666664,"chars": ["\u117d"]},
{"type": "bitmap","file": "minecraft:font/area/gas_station.png","ascent": -336.3333333333333, "height": 45.666666666666664,"chars": ["\u117e"]},
{"type": "bitmap","file": "minecraft:font/area/gas_station.png","ascent": -337.3333333333333, "height": 45.666666666666664,"chars": ["\u117f"]},
{"type": "bitmap","file": "minecraft:font/area/gas_station.png","ascent": -338.3333333333333, "height": 45.666666666666664,"chars": ["\u1180"]},
{"type": "bitmap","file": "minecraft:font/area/gas_station.png","ascent": -339.3333333333333, "height": 45.666666666666664,"chars": ["\u1181"]},
{"type": "bitmap","file": "minecraft:font/area/gas_station.png","ascent": -340.3333333333333, "height": 45.666666666666664,"chars": ["\u1182"]},
{"type": "bitmap","file": "minecraft:font/area/gas_station.png","ascent": -341.3333333333333, "height": 45.666666666666664,"chars": ["\u1183"]},
{"type": "bitmap","file": "minecraft:font/area/gas_station.png","ascent": -342.3333333333333, "height": 45.666666666666664,"chars": ["\u1184"]},
{"type": "bitmap","file": "minecraft:font/area/gas_station.png","ascent": -343.3333333333333, "height": 45.666666666666664,"chars": ["\u1185"]},
{"type": "bitmap","file": "minecraft:font/area/gas_station.png","ascent": -344.3333333333333, "height": 45.666666666666664,"chars": ["\u1186"]},
{"type": "bitmap","file": "minecraft:font/area/gas_station.png","ascent": -345.3333333333333, "height": 45.666666666666664,"chars": ["\u1187"]},
{"type": "bitmap","file": "minecraft:font/area/gas_station.png","ascent": -346.3333333333333, "height": 45.666666666666664,"chars": ["\u1188"]},
{"type": "bitmap","file": "minecraft:font/area/gas_station.png","ascent": -347.3333333333333, "height": 45.666666666666664,"chars": ["\u1189"]},
{"type": "bitmap","file": "minecraft:font/area/gas_station.png","ascent": -348.3333333333333, "height": 45.666666666666664,"chars": ["\u118a"]},
{"type": "bitmap","file": "minecraft:font/area/gas_station.png","ascent": -349.3333333333333, "height": 45.666666666666664,"chars": ["\u118b"]},
{"type": "bitmap","file": "minecraft:font/area/gas_station.png","ascent": -350.3333333333333, "height": 45.666666666666664,"chars": ["\u118c"]},
{"type": "bitmap","file": "minecraft:font/area/gas_station.png","ascent": -351.3333333333333, "height": 45.666666666666664,"chars": ["\u118d"]},
{"type": "bitmap","file": "minecraft:font/area/gas_station.png","ascent": -352.3333333333333, "height": 45.666666666666664,"chars": ["\u118e"]},
{"type": "bitmap","file": "minecraft:font/area/gas_station.png","ascent": -353.3333333333333, "height": 45.666666666666664,"chars": ["\u118f"]},
{"type": "bitmap","file": "minecraft:font/area/gas_station.png","ascent": -354.3333333333333, "height": 45.666666666666664,"chars": ["\u1190"]},
{"type": "bitmap","file": "minecraft:font/area/gas_station.png","ascent": -355.3333333333333, "height": 45.666666666666664,"chars": ["\u1191"]},
{"type": "bitmap","file": "minecraft:font/area/gas_station.png","ascent": -356.3333333333333, "height": 45.666666666666664,"chars": ["\u1192"]},
{"type": "bitmap","file": "minecraft:font/area/gas_station.png","ascent": -357.3333333333333, "height": 45.666666666666664,"chars": ["\u1193"]},
{"type": "bitmap","file": "minecraft:font/area/gas_station.png","ascent": -358.3333333333333, "height": 45.666666666666664,"chars": ["\u1194"]},
{"type": "bitmap","file": "minecraft:font/area/gas_station.png","ascent": -359.3333333333333, "height": 45.666666666666664,"chars": ["\u1195"]},
{"type": "bitmap","file": "minecraft:font/area/gas_station.png","ascent": -360.3333333333333, "height": 45.666666666666664,"chars": ["\u1196"]},
{"type": "bitmap","file": "minecraft:font/area/gas_station.png","ascent": -361.3333333333333, "height": 45.666666666666664,"chars": ["\u1197"]},
{"type": "bitmap","file": "minecraft:font/area/gas_station.png","ascent": -362.3333333333333, "height": 45.666666666666664,"chars": ["\u1198"]},
{"type": "bitmap","file": "minecraft:font/area/gas_station.png","ascent": -363.3333333333333, "height": 45.666666666666664,"chars": ["\u1199"]},
{"type": "bitmap","file": "minecraft:font/area/gas_station.png","ascent": -364.3333333333333, "height": 45.666666666666664,"chars": ["\u119a"]},
{"type": "bitmap","file": "minecraft:font/area/gas_station.png","ascent": -365.3333333333333, "height": 45.666666666666664,"chars": ["\u119b"]},
{"type": "bitmap","file": "minecraft:font/area/gas_station.png","ascent": -366.3333333333333, "height": 45.666666666666664,"chars": ["\u119c"]},
{"type": "bitmap","file": "minecraft:font/area/gas_station.png","ascent": -367.3333333333333, "height": 45.666666666666664,"chars": ["\u119d"]},
{"type": "bitmap","file": "minecraft:font/area/gas_station.png","ascent": -368.3333333333333, "height": 45.666666666666664,"chars": ["\u119e"]},
{"type": "bitmap","file": "minecraft:font/area/gas_station.png","ascent": -369.3333333333333, "height": 45.666666666666664,"chars": ["\u119f"]},
{"type": "bitmap","file": "minecraft:font/area/gas_station.png","ascent": -370.3333333333333, "height": 45.666666666666664,"chars": ["\u11a0"]},
{"type": "bitmap","file": "minecraft:font/area/gas_station.png","ascent": -371.3333333333333, "height": 45.666666666666664,"chars": ["\u11a1"]},
{"type": "bitmap","file": "minecraft:font/area/gas_station.png","ascent": -372.3333333333333, "height": 45.666666666666664,"chars": ["\u11a2"]},
{"type": "bitmap","file": "minecraft:font/area/gas_station.png","ascent": -373.3333333333333, "height": 45.666666666666664,"chars": ["\u11a3"]},
{"type": "bitmap","file": "minecraft:font/area/gas_station.png","ascent": -374.3333333333333, "height": 45.666666666666664,"chars": ["\u11a4"]},
{"type": "bitmap","file": "minecraft:font/area/gas_station.png","ascent": -375.3333333333333, "height": 45.666666666666664,"chars": ["\u11a5"]},
{"type": "bitmap","file": "minecraft:font/area/gas_station.png","ascent": -376.3333333333333, "height": 45.666666666666664,"chars": ["\u11a6"]},
{"type": "bitmap","file": "minecraft:font/area/gas_station.png","ascent": -377.3333333333333, "height": 45.666666666666664,"chars": ["\u11a7"]},
{"type": "bitmap","file": "minecraft:font/area/gas_station.png","ascent": -378.3333333333333, "height": 45.666666666666664,"chars": ["\u11a8"]},
{"type": "bitmap","file": "minecraft:font/area/gas_station.png","ascent": -379.3333333333333, "height": 45.666666666666664,"chars": ["\u11a9"]},
{"type": "bitmap","file": "minecraft:font/area/gas_station.png","ascent": -380.3333333333333, "height": 45.666666666666664,"chars": ["\u11aa"]},
{"type": "bitmap","file": "minecraft:font/area/gas_station.png","ascent": -381.3333333333333, "height": 45.666666666666664,"chars": ["\u11ab"]},
{"type": "bitmap","file": "minecraft:font/area/gas_station.png","ascent": -382.3333333333333, "height": 45.666666666666664,"chars": ["\u11ac"]},
{"type": "bitmap","file": "minecraft:font/area/gas_station.png","ascent": -383.3333333333333, "height": 45.666666666666664,"chars": ["\u11ad"]},
{"type": "bitmap","file": "minecraft:font/area/gas_station.png","ascent": -384.3333333333333, "height": 45.666666666666664,"chars": ["\u11ae"]},
{"type": "bitmap","file": "minecraft:font/area/gas_station.png","ascent": -385.3333333333333, "height": 45.666666666666664,"chars": ["\u11af"]},
{"type": "bitmap","file": "minecraft:font/area/gas_station.png","ascent": -386.3333333333333, "height": 45.666666666666664,"chars": ["\u11b0"]},
{"type": "bitmap","file": "minecraft:font/area/gas_station.png","ascent": -387.3333333333333, "height": 45.666666666666664,"chars": ["\u11b1"]},
{"type": "bitmap","file": "minecraft:font/area/gas_station.png","ascent": -388.3333333333333, "height": 45.666666666666664,"chars": ["\u11b2"]},
{"type": "bitmap","file": "minecraft:font/area/gas_station.png","ascent": -389.3333333333333, "height": 45.666666666666664,"chars": ["\u11b3"]},
{"type": "bitmap","file": "minecraft:font/area/gas_station.png","ascent": -390.3333333333333, "height": 45.666666666666664,"chars": ["\u11b4"]},
{"type": "bitmap","file": "minecraft:font/area/gas_station.png","ascent": -391.3333333333333, "height": 45.666666666666664,"chars": ["\u11b5"]},
{"type": "bitmap","file": "minecraft:font/area/gas_station.png","ascent": -392.3333333333333, "height": 45.666666666666664,"chars": ["\u11b6"]},
{"type": "bitmap","file": "minecraft:font/area/gas_station.png","ascent": -393.3333333333333, "height": 45.666666666666664,"chars": ["\u11b7"]},
{"type": "bitmap","file": "minecraft:font/area/gas_station.png","ascent": -394.3333333333333, "height": 45.666666666666664,"chars": ["\u11b8"]},
{"type": "bitmap","file": "minecraft:font/area/gas_station.png","ascent": -395.3333333333333, "height": 45.666666666666664,"chars": ["\u11b9"]},
{"type": "bitmap","file": "minecraft:font/area/gas_station.png","ascent": -396.3333333333333, "height": 45.666666666666664,"chars": ["\u11ba"]},
{"type": "bitmap","file": "minecraft:font/area/gas_station.png","ascent": -397.3333333333333, "height": 45.666666666666664,"chars": ["\u11bb"]},
{"type": "bitmap","file": "minecraft:font/area/gas_station.png","ascent": -398.3333333333333, "height": 45.666666666666664,"chars": ["\u11bc"]},
{"type": "bitmap","file": "minecraft:font/area/gas_station.png","ascent": -399.3333333333333, "height": 45.666666666666664,"chars": ["\u11bd"]},
{"type": "bitmap","file": "minecraft:font/area/gas_station.png","ascent": -400.3333333333333, "height": 45.666666666666664,"chars": ["\u11be"]},
{"type": "bitmap","file": "minecraft:font/area/gas_station.png","ascent": -401.3333333333333, "height": 45.666666666666664,"chars": ["\u11bf"]},
{"type": "bitmap","file": "minecraft:font/area/gas_station.png","ascent": -402.3333333333333, "height": 45.666666666666664,"chars": ["\u11c0"]},
{"type": "bitmap","file": "minecraft:font/area/gas_station.png","ascent": -403.3333333333333, "height": 45.666666666666664,"chars": ["\u11c1"]},
{"type": "bitmap","file": "minecraft:font/area/gas_station.png","ascent": -404.3333333333333, "height": 45.666666666666664,"chars": ["\u11c2"]},
{"type": "bitmap","file": "minecraft:font/area/gas_station.png","ascent": -405.3333333333333, "height": 45.666666666666664,"chars": ["\u11c3"]},
{"type": "bitmap","file": "minecraft:font/area/gas_station.png","ascent": -406.3333333333333, "height": 45.666666666666664,"chars": ["\u11c4"]},
{"type": "bitmap","file": "minecraft:font/area/gas_station.png","ascent": -407.3333333333333, "height": 45.666666666666664,"chars": ["\u11c5"]},
{"type": "bitmap","file": "minecraft:font/area/gas_station.png","ascent": -408.3333333333333, "height": 45.666666666666664,"chars": ["\u11c6"]},
{"type": "bitmap","file": "minecraft:font/area/gas_station.png","ascent": -409.3333333333333, "height": 45.666666666666664,"chars": ["\u11c7"]},
{"type": "bitmap","file": "minecraft:font/area/gas_station.png","ascent": -410.3333333333333, "height": 45.666666666666664,"chars": ["\u11c8"]},
{"type": "bitmap","file": "minecraft:font/area/gas_station.png","ascent": -411.3333333333333, "height": 45.666666666666664,"chars": ["\u11c9"]},
{"type": "bitmap","file": "minecraft:font/area/gas_station.png","ascent": -412.3333333333333, "height": 45.666666666666664,"chars": ["\u11ca"]},
{"type": "bitmap","file": "minecraft:font/area/gas_station.png","ascent": -413.3333333333333, "height": 45.666666666666664,"chars": ["\u11cb"]},
{"type": "bitmap","file": "minecraft:font/area/gas_station.png","ascent": -414.3333333333333, "height": 45.666666666666664,"chars": ["\u11cc"]},
{"type": "bitmap","file": "minecraft:font/area/gas_station.png","ascent": -415.3333333333333, "height": 45.666666666666664,"chars": ["\u11cd"]},
{"type": "bitmap","file": "minecraft:font/area/gas_station.png","ascent": -416.3333333333333, "height": 45.666666666666664,"chars": ["\u11ce"]},
{"type": "bitmap","file": "minecraft:font/area/gas_station.png","ascent": -417.3333333333333, "height": 45.666666666666664,"chars": ["\u11cf"]},
{"type": "bitmap","file": "minecraft:font/area/gas_station.png","ascent": -418.3333333333333, "height": 45.666666666666664,"chars": ["\u11d0"]},
{"type": "bitmap","file": "minecraft:font/area/gas_station.png","ascent": -419.3333333333333, "height": 45.666666666666664,"chars": ["\u11d1"]},
{"type": "bitmap","file": "minecraft:font/area/gas_station.png","ascent": -420.3333333333333, "height": 45.666666666666664,"chars": ["\u11d2"]},
{"type": "bitmap","file": "minecraft:font/area/gas_station.png","ascent": -421.3333333333333, "height": 45.666666666666664,"chars": ["\u11d3"]},
{"type": "bitmap","file": "minecraft:font/area/gas_station.png","ascent": -422.3333333333333, "height": 45.666666666666664,"chars": ["\u11d4"]},
{"type": "bitmap","file": "minecraft:font/area/gas_station.png","ascent": -423.3333333333333, "height": 45.666666666666664,"chars": ["\u11d5"]},
{"type": "bitmap","file": "minecraft:font/area/gas_station.png","ascent": -424.3333333333333, "height": 45.666666666666664,"chars": ["\u11d6"]},
{"type": "bitmap","file": "minecraft:font/area/gas_station.png","ascent": -425.3333333333333, "height": 45.666666666666664,"chars": ["\u11d7"]},
{"type": "bitmap","file": "minecraft:font/area/gas_station.png","ascent": -426.3333333333333, "height": 45.666666666666664,"chars": ["\u11d8"]},
{"type": "bitmap","file": "minecraft:font/area/gas_station.png","ascent": -427.3333333333333, "height": 45.666666666666664,"chars": ["\u11d9"]},
{"type": "bitmap","file": "minecraft:font/area/gas_station.png","ascent": -428.3333333333333, "height": 45.666666666666664,"chars": ["\u11da"]},
{"type": "bitmap","file": "minecraft:font/area/gas_station.png","ascent": -429.3333333333333, "height": 45.666666666666664,"chars": ["\u11db"]},
{"type": "bitmap","file": "minecraft:font/area/gas_station.png","ascent": -430.3333333333333, "height": 45.666666666666664,"chars": ["\u11dc"]},
{"type": "bitmap","file": "minecraft:font/area/gas_station.png","ascent": -431.3333333333333, "height": 45.666666666666664,"chars": ["\u11dd"]},
{"type": "bitmap","file": "minecraft:font/area/gas_station.png","ascent": -432.3333333333333, "height": 45.666666666666664,"chars": ["\u11de"]},
{"type": "bitmap","file": "minecraft:font/area/gas_station.png","ascent": -433.3333333333333, "height": 45.666666666666664,"chars": ["\u11df"]},
{"type": "bitmap","file": "minecraft:font/area/gas_station.png","ascent": -434.3333333333333, "height": 45.666666666666664,"chars": ["\u11e0"]},
{"type": "bitmap","file": "minecraft:font/area/gas_station.png","ascent": -435.3333333333333, "height": 45.666666666666664,"chars": ["\u11e1"]},
{"type": "bitmap","file": "minecraft:font/area/gas_station.png","ascent": -436.3333333333333, "height": 45.666666666666664,"chars": ["\u11e2"]},
{"type": "bitmap","file": "minecraft:font/area/gas_station.png","ascent": -437.3333333333333, "height": 45.666666666666664,"chars": ["\u11e3"]},
{"type": "bitmap","file": "minecraft:font/area/gas_station.png","ascent": -438.3333333333333, "height": 45.666666666666664,"chars": ["\u11e4"]},
{"type": "bitmap","file": "minecraft:font/area/gas_station.png","ascent": -439.3333333333333, "height": 45.666666666666664,"chars": ["\u11e5"]},
{"type": "bitmap","file": "minecraft:font/area/gas_station.png","ascent": -440.3333333333333, "height": 45.666666666666664,"chars": ["\u11e6"]},
{"type": "bitmap","file": "minecraft:font/area/gas_station.png","ascent": -441.3333333333333, "height": 45.666666666666664,"chars": ["\u11e7"]},
{"type": "bitmap","file": "minecraft:font/area/gas_station.png","ascent": -442.3333333333333, "height": 45.666666666666664,"chars": ["\u11e8"]},
{"type": "bitmap","file": "minecraft:font/area/gas_station.png","ascent": -443.3333333333333, "height": 45.666666666666664,"chars": ["\u11e9"]},
{"type": "bitmap","file": "minecraft:font/area/gas_station.png","ascent": -444.3333333333333, "height": 45.666666666666664,"chars": ["\u11ea"]},
{"type": "bitmap","file": "minecraft:font/area/gas_station.png","ascent": -445.3333333333333, "height": 45.666666666666664,"chars": ["\u11eb"]},
{"type": "bitmap","file": "minecraft:font/area/gas_station.png","ascent": -446.3333333333333, "height": 45.666666666666664,"chars": ["\u11ec"]},
{"type": "bitmap","file": "minecraft:font/area/gas_station.png","ascent": -447.3333333333333, "height": 45.666666666666664,"chars": ["\u11ed"]},
{"type": "bitmap","file": "minecraft:font/area/gas_station.png","ascent": -448.3333333333333, "height": 45.666666666666664,"chars": ["\u11ee"]},
{"type": "bitmap","file": "minecraft:font/area/gas_station.png","ascent": -449.3333333333333, "height": 45.666666666666664,"chars": ["\u11ef"]},
{"type": "bitmap","file": "minecraft:font/area/gas_station.png","ascent": -450.3333333333333, "height": 45.666666666666664,"chars": ["\u11f0"]},
{"type": "bitmap","file": "minecraft:font/area/gas_station.png","ascent": -451.3333333333333, "height": 45.666666666666664,"chars": ["\u11f1"]},
{"type": "bitmap","file": "minecraft:font/area/gas_station.png","ascent": -452.3333333333333, "height": 45.666666666666664,"chars": ["\u11f2"]},
{"type": "bitmap","file": "minecraft:font/area/gas_station.png","ascent": -453.3333333333333, "height": 45.666666666666664,"chars": ["\u11f3"]},
{"type": "bitmap","file": "minecraft:font/area/gas_station.png","ascent": -454.3333333333333, "height": 45.666666666666664,"chars": ["\u11f4"]},
{"type": "bitmap","file": "minecraft:font/area/gas_station.png","ascent": -455.3333333333333, "height": 45.666666666666664,"chars": ["\u11f5"]},
{"type": "bitmap","file": "minecraft:font/area/gas_station.png","ascent": -456.3333333333333, "height": 45.666666666666664,"chars": ["\u11f6"]},
{"type": "bitmap","file": "minecraft:font/area/gas_station.png","ascent": -457.3333333333333, "height": 45.666666666666664,"chars": ["\u11f7"]},
{"type": "bitmap","file": "minecraft:font/area/gas_station.png","ascent": -458.3333333333333, "height": 45.666666666666664,"chars": ["\u11f8"]},
{"type": "bitmap","file": "minecraft:font/area/gas_station.png","ascent": -459.3333333333333, "height": 45.666666666666664,"chars": ["\u11f9"]},
{"type": "bitmap","file": "minecraft:font/area/gas_station.png","ascent": -460.3333333333333, "height": 45.666666666666664,"chars": ["\u11fa"]},
{"type": "bitmap","file": "minecraft:font/area/gas_station.png","ascent": -461.3333333333333, "height": 45.666666666666664,"chars": ["\u11fb"]},
{"type": "bitmap","file": "minecraft:font/area/gas_station.png","ascent": -462.3333333333333, "height": 45.666666666666664,"chars": ["\u11fc"]},
{"type": "bitmap","file": "minecraft:font/area/gas_station.png","ascent": -463.3333333333333, "height": 45.666666666666664,"chars": ["\u11fd"]},
{"type": "bitmap","file": "minecraft:font/area/gas_station.png","ascent": -464.3333333333333, "height": 45.666666666666664,"chars": ["\u11fe"]},
{"type": "bitmap","file": "minecraft:font/area/gas_station.png","ascent": -465.3333333333333, "height": 45.666666666666664,"chars": ["\u11ff"]}]}