{"providers":[
{"type": "bitmap","file": "minecraft:font/area/hyper_loop.png","ascent": 800, "height": 800,"chars": ["\u1000"]},
{"type": "bitmap","file": "minecraft:font/area/hyper_loop.png","ascent": 799, "height": 800,"chars": ["\u1001"]},
{"type": "bitmap","file": "minecraft:font/area/hyper_loop.png","ascent": 798, "height": 800,"chars": ["\u1002"]},
{"type": "bitmap","file": "minecraft:font/area/hyper_loop.png","ascent": 797, "height": 800,"chars": ["\u1003"]},
{"type": "bitmap","file": "minecraft:font/area/hyper_loop.png","ascent": 796, "height": 800,"chars": ["\u1004"]},
{"type": "bitmap","file": "minecraft:font/area/hyper_loop.png","ascent": 795, "height": 800,"chars": ["\u1005"]},
{"type": "bitmap","file": "minecraft:font/area/hyper_loop.png","ascent": 794, "height": 800,"chars": ["\u1006"]},
{"type": "bitmap","file": "minecraft:font/area/hyper_loop.png","ascent": 793, "height": 800,"chars": ["\u1007"]},
{"type": "bitmap","file": "minecraft:font/area/hyper_loop.png","ascent": 792, "height": 800,"chars": ["\u1008"]},
{"type": "bitmap","file": "minecraft:font/area/hyper_loop.png","ascent": 791, "height": 800,"chars": ["\u1009"]},
{"type": "bitmap","file": "minecraft:font/area/hyper_loop.png","ascent": 790, "height": 800,"chars": ["\u100a"]},
{"type": "bitmap","file": "minecraft:font/area/hyper_loop.png","ascent": 789, "height": 800,"chars": ["\u100b"]},
{"type": "bitmap","file": "minecraft:font/area/hyper_loop.png","ascent": 788, "height": 800,"chars": ["\u100c"]},
{"type": "bitmap","file": "minecraft:font/area/hyper_loop.png","ascent": 787, "height": 800,"chars": ["\u100d"]},
{"type": "bitmap","file": "minecraft:font/area/hyper_loop.png","ascent": 786, "height": 800,"chars": ["\u100e"]},
{"type": "bitmap","file": "minecraft:font/area/hyper_loop.png","ascent": 785, "height": 800,"chars": ["\u100f"]},
{"type": "bitmap","file": "minecraft:font/area/hyper_loop.png","ascent": 784, "height": 800,"chars": ["\u1010"]},
{"type": "bitmap","file": "minecraft:font/area/hyper_loop.png","ascent": 783, "height": 800,"chars": ["\u1011"]},
{"type": "bitmap","file": "minecraft:font/area/hyper_loop.png","ascent": 782, "height": 800,"chars": ["\u1012"]},
{"type": "bitmap","file": "minecraft:font/area/hyper_loop.png","ascent": 781, "height": 800,"chars": ["\u1013"]},
{"type": "bitmap","file": "minecraft:font/area/hyper_loop.png","ascent": 780, "height": 800,"chars": ["\u1014"]},
{"type": "bitmap","file": "minecraft:font/area/hyper_loop.png","ascent": 779, "height": 800,"chars": ["\u1015"]},
{"type": "bitmap","file": "minecraft:font/area/hyper_loop.png","ascent": 778, "height": 800,"chars": ["\u1016"]},
{"type": "bitmap","file": "minecraft:font/area/hyper_loop.png","ascent": 777, "height": 800,"chars": ["\u1017"]},
{"type": "bitmap","file": "minecraft:font/area/hyper_loop.png","ascent": 776, "height": 800,"chars": ["\u1018"]},
{"type": "bitmap","file": "minecraft:font/area/hyper_loop.png","ascent": 775, "height": 800,"chars": ["\u1019"]},
{"type": "bitmap","file": "minecraft:font/area/hyper_loop.png","ascent": 774, "height": 800,"chars": ["\u101a"]},
{"type": "bitmap","file": "minecraft:font/area/hyper_loop.png","ascent": 773, "height": 800,"chars": ["\u101b"]},
{"type": "bitmap","file": "minecraft:font/area/hyper_loop.png","ascent": 772, "height": 800,"chars": ["\u101c"]},
{"type": "bitmap","file": "minecraft:font/area/hyper_loop.png","ascent": 771, "height": 800,"chars": ["\u101d"]},
{"type": "bitmap","file": "minecraft:font/area/hyper_loop.png","ascent": 770, "height": 800,"chars": ["\u101e"]},
{"type": "bitmap","file": "minecraft:font/area/hyper_loop.png","ascent": 769, "height": 800,"chars": ["\u101f"]},
{"type": "bitmap","file": "minecraft:font/area/hyper_loop.png","ascent": 768, "height": 800,"chars": ["\u1020"]},
{"type": "bitmap","file": "minecraft:font/area/hyper_loop.png","ascent": 767, "height": 800,"chars": ["\u1021"]},
{"type": "bitmap","file": "minecraft:font/area/hyper_loop.png","ascent": 766, "height": 800,"chars": ["\u1022"]},
{"type": "bitmap","file": "minecraft:font/area/hyper_loop.png","ascent": 765, "height": 800,"chars": ["\u1023"]},
{"type": "bitmap","file": "minecraft:font/area/hyper_loop.png","ascent": 764, "height": 800,"chars": ["\u1024"]},
{"type": "bitmap","file": "minecraft:font/area/hyper_loop.png","ascent": 763, "height": 800,"chars": ["\u1025"]},
{"type": "bitmap","file": "minecraft:font/area/hyper_loop.png","ascent": 762, "height": 800,"chars": ["\u1026"]},
{"type": "bitmap","file": "minecraft:font/area/hyper_loop.png","ascent": 761, "height": 800,"chars": ["\u1027"]},
{"type": "bitmap","file": "minecraft:font/area/hyper_loop.png","ascent": 760, "height": 800,"chars": ["\u1028"]},
{"type": "bitmap","file": "minecraft:font/area/hyper_loop.png","ascent": 759, "height": 800,"chars": ["\u1029"]},
{"type": "bitmap","file": "minecraft:font/area/hyper_loop.png","ascent": 758, "height": 800,"chars": ["\u102a"]},
{"type": "bitmap","file": "minecraft:font/area/hyper_loop.png","ascent": 757, "height": 800,"chars": ["\u102b"]},
{"type": "bitmap","file": "minecraft:font/area/hyper_loop.png","ascent": 756, "height": 800,"chars": ["\u102c"]},
{"type": "bitmap","file": "minecraft:font/area/hyper_loop.png","ascent": 755, "height": 800,"chars": ["\u102d"]},
{"type": "bitmap","file": "minecraft:font/area/hyper_loop.png","ascent": 754, "height": 800,"chars": ["\u102e"]},
{"type": "bitmap","file": "minecraft:font/area/hyper_loop.png","ascent": 753, "height": 800,"chars": ["\u102f"]},
{"type": "bitmap","file": "minecraft:font/area/hyper_loop.png","ascent": 752, "height": 800,"chars": ["\u1030"]},
{"type": "bitmap","file": "minecraft:font/area/hyper_loop.png","ascent": 751, "height": 800,"chars": ["\u1031"]},
{"type": "bitmap","file": "minecraft:font/area/hyper_loop.png","ascent": 750, "height": 800,"chars": ["\u1032"]},
{"type": "bitmap","file": "minecraft:font/area/hyper_loop.png","ascent": 749, "height": 800,"chars": ["\u1033"]},
{"type": "bitmap","file": "minecraft:font/area/hyper_loop.png","ascent": 748, "height": 800,"chars": ["\u1034"]},
{"type": "bitmap","file": "minecraft:font/area/hyper_loop.png","ascent": 747, "height": 800,"chars": ["\u1035"]},
{"type": "bitmap","file": "minecraft:font/area/hyper_loop.png","ascent": 746, "height": 800,"chars": ["\u1036"]},
{"type": "bitmap","file": "minecraft:font/area/hyper_loop.png","ascent": 745, "height": 800,"chars": ["\u1037"]},
{"type": "bitmap","file": "minecraft:font/area/hyper_loop.png","ascent": 744, "height": 800,"chars": ["\u1038"]},
{"type": "bitmap","file": "minecraft:font/area/hyper_loop.png","ascent": 743, "height": 800,"chars": ["\u1039"]},
{"type": "bitmap","file": "minecraft:font/area/hyper_loop.png","ascent": 742, "height": 800,"chars": ["\u103a"]},
{"type": "bitmap","file": "minecraft:font/area/hyper_loop.png","ascent": 741, "height": 800,"chars": ["\u103b"]},
{"type": "bitmap","file": "minecraft:font/area/hyper_loop.png","ascent": 740, "height": 800,"chars": ["\u103c"]},
{"type": "bitmap","file": "minecraft:font/area/hyper_loop.png","ascent": 739, "height": 800,"chars": ["\u103d"]},
{"type": "bitmap","file": "minecraft:font/area/hyper_loop.png","ascent": 738, "height": 800,"chars": ["\u103e"]},
{"type": "bitmap","file": "minecraft:font/area/hyper_loop.png","ascent": 737, "height": 800,"chars": ["\u103f"]},
{"type": "bitmap","file": "minecraft:font/area/hyper_loop.png","ascent": 736, "height": 800,"chars": ["\u1040"]},
{"type": "bitmap","file": "minecraft:font/area/hyper_loop.png","ascent": 735, "height": 800,"chars": ["\u1041"]},
{"type": "bitmap","file": "minecraft:font/area/hyper_loop.png","ascent": 734, "height": 800,"chars": ["\u1042"]},
{"type": "bitmap","file": "minecraft:font/area/hyper_loop.png","ascent": 733, "height": 800,"chars": ["\u1043"]},
{"type": "bitmap","file": "minecraft:font/area/hyper_loop.png","ascent": 732, "height": 800,"chars": ["\u1044"]},
{"type": "bitmap","file": "minecraft:font/area/hyper_loop.png","ascent": 731, "height": 800,"chars": ["\u1045"]},
{"type": "bitmap","file": "minecraft:font/area/hyper_loop.png","ascent": 730, "height": 800,"chars": ["\u1046"]},
{"type": "bitmap","file": "minecraft:font/area/hyper_loop.png","ascent": 729, "height": 800,"chars": ["\u1047"]},
{"type": "bitmap","file": "minecraft:font/area/hyper_loop.png","ascent": 728, "height": 800,"chars": ["\u1048"]},
{"type": "bitmap","file": "minecraft:font/area/hyper_loop.png","ascent": 727, "height": 800,"chars": ["\u1049"]},
{"type": "bitmap","file": "minecraft:font/area/hyper_loop.png","ascent": 726, "height": 800,"chars": ["\u104a"]},
{"type": "bitmap","file": "minecraft:font/area/hyper_loop.png","ascent": 725, "height": 800,"chars": ["\u104b"]},
{"type": "bitmap","file": "minecraft:font/area/hyper_loop.png","ascent": 724, "height": 800,"chars": ["\u104c"]},
{"type": "bitmap","file": "minecraft:font/area/hyper_loop.png","ascent": 723, "height": 800,"chars": ["\u104d"]},
{"type": "bitmap","file": "minecraft:font/area/hyper_loop.png","ascent": 722, "height": 800,"chars": ["\u104e"]},
{"type": "bitmap","file": "minecraft:font/area/hyper_loop.png","ascent": 721, "height": 800,"chars": ["\u104f"]},
{"type": "bitmap","file": "minecraft:font/area/hyper_loop.png","ascent": 720, "height": 800,"chars": ["\u1050"]},
{"type": "bitmap","file": "minecraft:font/area/hyper_loop.png","ascent": 719, "height": 800,"chars": ["\u1051"]},
{"type": "bitmap","file": "minecraft:font/area/hyper_loop.png","ascent": 718, "height": 800,"chars": ["\u1052"]},
{"type": "bitmap","file": "minecraft:font/area/hyper_loop.png","ascent": 717, "height": 800,"chars": ["\u1053"]},
{"type": "bitmap","file": "minecraft:font/area/hyper_loop.png","ascent": 716, "height": 800,"chars": ["\u1054"]},
{"type": "bitmap","file": "minecraft:font/area/hyper_loop.png","ascent": 715, "height": 800,"chars": ["\u1055"]},
{"type": "bitmap","file": "minecraft:font/area/hyper_loop.png","ascent": 714, "height": 800,"chars": ["\u1056"]},
{"type": "bitmap","file": "minecraft:font/area/hyper_loop.png","ascent": 713, "height": 800,"chars": ["\u1057"]},
{"type": "bitmap","file": "minecraft:font/area/hyper_loop.png","ascent": 712, "height": 800,"chars": ["\u1058"]},
{"type": "bitmap","file": "minecraft:font/area/hyper_loop.png","ascent": 711, "height": 800,"chars": ["\u1059"]},
{"type": "bitmap","file": "minecraft:font/area/hyper_loop.png","ascent": 710, "height": 800,"chars": ["\u105a"]},
{"type": "bitmap","file": "minecraft:font/area/hyper_loop.png","ascent": 709, "height": 800,"chars": ["\u105b"]},
{"type": "bitmap","file": "minecraft:font/area/hyper_loop.png","ascent": 708, "height": 800,"chars": ["\u105c"]},
{"type": "bitmap","file": "minecraft:font/area/hyper_loop.png","ascent": 707, "height": 800,"chars": ["\u105d"]},
{"type": "bitmap","file": "minecraft:font/area/hyper_loop.png","ascent": 706, "height": 800,"chars": ["\u105e"]},
{"type": "bitmap","file": "minecraft:font/area/hyper_loop.png","ascent": 705, "height": 800,"chars": ["\u105f"]},
{"type": "bitmap","file": "minecraft:font/area/hyper_loop.png","ascent": 704, "height": 800,"chars": ["\u1060"]},
{"type": "bitmap","file": "minecraft:font/area/hyper_loop.png","ascent": 703, "height": 800,"chars": ["\u1061"]},
{"type": "bitmap","file": "minecraft:font/area/hyper_loop.png","ascent": 702, "height": 800,"chars": ["\u1062"]},
{"type": "bitmap","file": "minecraft:font/area/hyper_loop.png","ascent": 701, "height": 800,"chars": ["\u1063"]},
{"type": "bitmap","file": "minecraft:font/area/hyper_loop.png","ascent": 700, "height": 800,"chars": ["\u1064"]},
{"type": "bitmap","file": "minecraft:font/area/hyper_loop.png","ascent": 699, "height": 800,"chars": ["\u1065"]},
{"type": "bitmap","file": "minecraft:font/area/hyper_loop.png","ascent": 698, "height": 800,"chars": ["\u1066"]},
{"type": "bitmap","file": "minecraft:font/area/hyper_loop.png","ascent": 697, "height": 800,"chars": ["\u1067"]},
{"type": "bitmap","file": "minecraft:font/area/hyper_loop.png","ascent": 696, "height": 800,"chars": ["\u1068"]},
{"type": "bitmap","file": "minecraft:font/area/hyper_loop.png","ascent": 695, "height": 800,"chars": ["\u1069"]},
{"type": "bitmap","file": "minecraft:font/area/hyper_loop.png","ascent": 694, "height": 800,"chars": ["\u106a"]},
{"type": "bitmap","file": "minecraft:font/area/hyper_loop.png","ascent": 693, "height": 800,"chars": ["\u106b"]},
{"type": "bitmap","file": "minecraft:font/area/hyper_loop.png","ascent": 692, "height": 800,"chars": ["\u106c"]},
{"type": "bitmap","file": "minecraft:font/area/hyper_loop.png","ascent": 691, "height": 800,"chars": ["\u106d"]},
{"type": "bitmap","file": "minecraft:font/area/hyper_loop.png","ascent": 690, "height": 800,"chars": ["\u106e"]},
{"type": "bitmap","file": "minecraft:font/area/hyper_loop.png","ascent": 689, "height": 800,"chars": ["\u106f"]},
{"type": "bitmap","file": "minecraft:font/area/hyper_loop.png","ascent": 688, "height": 800,"chars": ["\u1070"]},
{"type": "bitmap","file": "minecraft:font/area/hyper_loop.png","ascent": 687, "height": 800,"chars": ["\u1071"]},
{"type": "bitmap","file": "minecraft:font/area/hyper_loop.png","ascent": 686, "height": 800,"chars": ["\u1072"]},
{"type": "bitmap","file": "minecraft:font/area/hyper_loop.png","ascent": 685, "height": 800,"chars": ["\u1073"]},
{"type": "bitmap","file": "minecraft:font/area/hyper_loop.png","ascent": 684, "height": 800,"chars": ["\u1074"]},
{"type": "bitmap","file": "minecraft:font/area/hyper_loop.png","ascent": 683, "height": 800,"chars": ["\u1075"]},
{"type": "bitmap","file": "minecraft:font/area/hyper_loop.png","ascent": 682, "height": 800,"chars": ["\u1076"]},
{"type": "bitmap","file": "minecraft:font/area/hyper_loop.png","ascent": 681, "height": 800,"chars": ["\u1077"]},
{"type": "bitmap","file": "minecraft:font/area/hyper_loop.png","ascent": 680, "height": 800,"chars": ["\u1078"]},
{"type": "bitmap","file": "minecraft:font/area/hyper_loop.png","ascent": 679, "height": 800,"chars": ["\u1079"]},
{"type": "bitmap","file": "minecraft:font/area/hyper_loop.png","ascent": 678, "height": 800,"chars": ["\u107a"]},
{"type": "bitmap","file": "minecraft:font/area/hyper_loop.png","ascent": 677, "height": 800,"chars": ["\u107b"]},
{"type": "bitmap","file": "minecraft:font/area/hyper_loop.png","ascent": 676, "height": 800,"chars": ["\u107c"]},
{"type": "bitmap","file": "minecraft:font/area/hyper_loop.png","ascent": 675, "height": 800,"chars": ["\u107d"]},
{"type": "bitmap","file": "minecraft:font/area/hyper_loop.png","ascent": 674, "height": 800,"chars": ["\u107e"]},
{"type": "bitmap","file": "minecraft:font/area/hyper_loop.png","ascent": 673, "height": 800,"chars": ["\u107f"]},
{"type": "bitmap","file": "minecraft:font/area/hyper_loop.png","ascent": 672, "height": 800,"chars": ["\u1080"]},
{"type": "bitmap","file": "minecraft:font/area/hyper_loop.png","ascent": 671, "height": 800,"chars": ["\u1081"]},
{"type": "bitmap","file": "minecraft:font/area/hyper_loop.png","ascent": 670, "height": 800,"chars": ["\u1082"]},
{"type": "bitmap","file": "minecraft:font/area/hyper_loop.png","ascent": 669, "height": 800,"chars": ["\u1083"]},
{"type": "bitmap","file": "minecraft:font/area/hyper_loop.png","ascent": 668, "height": 800,"chars": ["\u1084"]},
{"type": "bitmap","file": "minecraft:font/area/hyper_loop.png","ascent": 667, "height": 800,"chars": ["\u1085"]},
{"type": "bitmap","file": "minecraft:font/area/hyper_loop.png","ascent": 666, "height": 800,"chars": ["\u1086"]},
{"type": "bitmap","file": "minecraft:font/area/hyper_loop.png","ascent": 665, "height": 800,"chars": ["\u1087"]},
{"type": "bitmap","file": "minecraft:font/area/hyper_loop.png","ascent": 664, "height": 800,"chars": ["\u1088"]},
{"type": "bitmap","file": "minecraft:font/area/hyper_loop.png","ascent": 663, "height": 800,"chars": ["\u1089"]},
{"type": "bitmap","file": "minecraft:font/area/hyper_loop.png","ascent": 662, "height": 800,"chars": ["\u108a"]},
{"type": "bitmap","file": "minecraft:font/area/hyper_loop.png","ascent": 661, "height": 800,"chars": ["\u108b"]},
{"type": "bitmap","file": "minecraft:font/area/hyper_loop.png","ascent": 660, "height": 800,"chars": ["\u108c"]},
{"type": "bitmap","file": "minecraft:font/area/hyper_loop.png","ascent": 659, "height": 800,"chars": ["\u108d"]},
{"type": "bitmap","file": "minecraft:font/area/hyper_loop.png","ascent": 658, "height": 800,"chars": ["\u108e"]},
{"type": "bitmap","file": "minecraft:font/area/hyper_loop.png","ascent": 657, "height": 800,"chars": ["\u108f"]},
{"type": "bitmap","file": "minecraft:font/area/hyper_loop.png","ascent": 656, "height": 800,"chars": ["\u1090"]},
{"type": "bitmap","file": "minecraft:font/area/hyper_loop.png","ascent": 655, "height": 800,"chars": ["\u1091"]},
{"type": "bitmap","file": "minecraft:font/area/hyper_loop.png","ascent": 654, "height": 800,"chars": ["\u1092"]},
{"type": "bitmap","file": "minecraft:font/area/hyper_loop.png","ascent": 653, "height": 800,"chars": ["\u1093"]},
{"type": "bitmap","file": "minecraft:font/area/hyper_loop.png","ascent": 652, "height": 800,"chars": ["\u1094"]},
{"type": "bitmap","file": "minecraft:font/area/hyper_loop.png","ascent": 651, "height": 800,"chars": ["\u1095"]},
{"type": "bitmap","file": "minecraft:font/area/hyper_loop.png","ascent": 650, "height": 800,"chars": ["\u1096"]},
{"type": "bitmap","file": "minecraft:font/area/hyper_loop.png","ascent": 649, "height": 800,"chars": ["\u1097"]},
{"type": "bitmap","file": "minecraft:font/area/hyper_loop.png","ascent": 648, "height": 800,"chars": ["\u1098"]},
{"type": "bitmap","file": "minecraft:font/area/hyper_loop.png","ascent": 647, "height": 800,"chars": ["\u1099"]},
{"type": "bitmap","file": "minecraft:font/area/hyper_loop.png","ascent": 646, "height": 800,"chars": ["\u109a"]},
{"type": "bitmap","file": "minecraft:font/area/hyper_loop.png","ascent": 645, "height": 800,"chars": ["\u109b"]},
{"type": "bitmap","file": "minecraft:font/area/hyper_loop.png","ascent": 644, "height": 800,"chars": ["\u109c"]},
{"type": "bitmap","file": "minecraft:font/area/hyper_loop.png","ascent": 643, "height": 800,"chars": ["\u109d"]},
{"type": "bitmap","file": "minecraft:font/area/hyper_loop.png","ascent": 642, "height": 800,"chars": ["\u109e"]},
{"type": "bitmap","file": "minecraft:font/area/hyper_loop.png","ascent": 641, "height": 800,"chars": ["\u109f"]},
{"type": "bitmap","file": "minecraft:font/area/hyper_loop.png","ascent": 640, "height": 800,"chars": ["\u10a0"]},
{"type": "bitmap","file": "minecraft:font/area/hyper_loop.png","ascent": 639, "height": 800,"chars": ["\u10a1"]},
{"type": "bitmap","file": "minecraft:font/area/hyper_loop.png","ascent": 638, "height": 800,"chars": ["\u10a2"]},
{"type": "bitmap","file": "minecraft:font/area/hyper_loop.png","ascent": 637, "height": 800,"chars": ["\u10a3"]},
{"type": "bitmap","file": "minecraft:font/area/hyper_loop.png","ascent": 636, "height": 800,"chars": ["\u10a4"]},
{"type": "bitmap","file": "minecraft:font/area/hyper_loop.png","ascent": 635, "height": 800,"chars": ["\u10a5"]},
{"type": "bitmap","file": "minecraft:font/area/hyper_loop.png","ascent": 634, "height": 800,"chars": ["\u10a6"]},
{"type": "bitmap","file": "minecraft:font/area/hyper_loop.png","ascent": 633, "height": 800,"chars": ["\u10a7"]},
{"type": "bitmap","file": "minecraft:font/area/hyper_loop.png","ascent": 632, "height": 800,"chars": ["\u10a8"]},
{"type": "bitmap","file": "minecraft:font/area/hyper_loop.png","ascent": 631, "height": 800,"chars": ["\u10a9"]},
{"type": "bitmap","file": "minecraft:font/area/hyper_loop.png","ascent": 630, "height": 800,"chars": ["\u10aa"]},
{"type": "bitmap","file": "minecraft:font/area/hyper_loop.png","ascent": 629, "height": 800,"chars": ["\u10ab"]},
{"type": "bitmap","file": "minecraft:font/area/hyper_loop.png","ascent": 628, "height": 800,"chars": ["\u10ac"]},
{"type": "bitmap","file": "minecraft:font/area/hyper_loop.png","ascent": 627, "height": 800,"chars": ["\u10ad"]},
{"type": "bitmap","file": "minecraft:font/area/hyper_loop.png","ascent": 626, "height": 800,"chars": ["\u10ae"]},
{"type": "bitmap","file": "minecraft:font/area/hyper_loop.png","ascent": 625, "height": 800,"chars": ["\u10af"]},
{"type": "bitmap","file": "minecraft:font/area/hyper_loop.png","ascent": 624, "height": 800,"chars": ["\u10b0"]},
{"type": "bitmap","file": "minecraft:font/area/hyper_loop.png","ascent": 623, "height": 800,"chars": ["\u10b1"]},
{"type": "bitmap","file": "minecraft:font/area/hyper_loop.png","ascent": 622, "height": 800,"chars": ["\u10b2"]},
{"type": "bitmap","file": "minecraft:font/area/hyper_loop.png","ascent": 621, "height": 800,"chars": ["\u10b3"]},
{"type": "bitmap","file": "minecraft:font/area/hyper_loop.png","ascent": 620, "height": 800,"chars": ["\u10b4"]},
{"type": "bitmap","file": "minecraft:font/area/hyper_loop.png","ascent": 619, "height": 800,"chars": ["\u10b5"]},
{"type": "bitmap","file": "minecraft:font/area/hyper_loop.png","ascent": 618, "height": 800,"chars": ["\u10b6"]},
{"type": "bitmap","file": "minecraft:font/area/hyper_loop.png","ascent": 617, "height": 800,"chars": ["\u10b7"]},
{"type": "bitmap","file": "minecraft:font/area/hyper_loop.png","ascent": 616, "height": 800,"chars": ["\u10b8"]},
{"type": "bitmap","file": "minecraft:font/area/hyper_loop.png","ascent": 615, "height": 800,"chars": ["\u10b9"]},
{"type": "bitmap","file": "minecraft:font/area/hyper_loop.png","ascent": 614, "height": 800,"chars": ["\u10ba"]},
{"type": "bitmap","file": "minecraft:font/area/hyper_loop.png","ascent": 613, "height": 800,"chars": ["\u10bb"]},
{"type": "bitmap","file": "minecraft:font/area/hyper_loop.png","ascent": 612, "height": 800,"chars": ["\u10bc"]},
{"type": "bitmap","file": "minecraft:font/area/hyper_loop.png","ascent": 611, "height": 800,"chars": ["\u10bd"]},
{"type": "bitmap","file": "minecraft:font/area/hyper_loop.png","ascent": 610, "height": 800,"chars": ["\u10be"]},
{"type": "bitmap","file": "minecraft:font/area/hyper_loop.png","ascent": 609, "height": 800,"chars": ["\u10bf"]},
{"type": "bitmap","file": "minecraft:font/area/hyper_loop.png","ascent": 608, "height": 800,"chars": ["\u10c0"]},
{"type": "bitmap","file": "minecraft:font/area/hyper_loop.png","ascent": 607, "height": 800,"chars": ["\u10c1"]},
{"type": "bitmap","file": "minecraft:font/area/hyper_loop.png","ascent": 606, "height": 800,"chars": ["\u10c2"]},
{"type": "bitmap","file": "minecraft:font/area/hyper_loop.png","ascent": 605, "height": 800,"chars": ["\u10c3"]},
{"type": "bitmap","file": "minecraft:font/area/hyper_loop.png","ascent": 604, "height": 800,"chars": ["\u10c4"]},
{"type": "bitmap","file": "minecraft:font/area/hyper_loop.png","ascent": 603, "height": 800,"chars": ["\u10c5"]},
{"type": "bitmap","file": "minecraft:font/area/hyper_loop.png","ascent": 602, "height": 800,"chars": ["\u10c6"]},
{"type": "bitmap","file": "minecraft:font/area/hyper_loop.png","ascent": 601, "height": 800,"chars": ["\u10c7"]},
{"type": "bitmap","file": "minecraft:font/area/hyper_loop.png","ascent": 600, "height": 800,"chars": ["\u10c8"]},
{"type": "bitmap","file": "minecraft:font/area/hyper_loop.png","ascent": 599, "height": 800,"chars": ["\u10c9"]},
{"type": "bitmap","file": "minecraft:font/area/hyper_loop.png","ascent": 598, "height": 800,"chars": ["\u10ca"]},
{"type": "bitmap","file": "minecraft:font/area/hyper_loop.png","ascent": 597, "height": 800,"chars": ["\u10cb"]},
{"type": "bitmap","file": "minecraft:font/area/hyper_loop.png","ascent": 596, "height": 800,"chars": ["\u10cc"]},
{"type": "bitmap","file": "minecraft:font/area/hyper_loop.png","ascent": 595, "height": 800,"chars": ["\u10cd"]},
{"type": "bitmap","file": "minecraft:font/area/hyper_loop.png","ascent": 594, "height": 800,"chars": ["\u10ce"]},
{"type": "bitmap","file": "minecraft:font/area/hyper_loop.png","ascent": 593, "height": 800,"chars": ["\u10cf"]},
{"type": "bitmap","file": "minecraft:font/area/hyper_loop.png","ascent": 592, "height": 800,"chars": ["\u10d0"]},
{"type": "bitmap","file": "minecraft:font/area/hyper_loop.png","ascent": 591, "height": 800,"chars": ["\u10d1"]},
{"type": "bitmap","file": "minecraft:font/area/hyper_loop.png","ascent": 590, "height": 800,"chars": ["\u10d2"]},
{"type": "bitmap","file": "minecraft:font/area/hyper_loop.png","ascent": 589, "height": 800,"chars": ["\u10d3"]},
{"type": "bitmap","file": "minecraft:font/area/hyper_loop.png","ascent": 588, "height": 800,"chars": ["\u10d4"]},
{"type": "bitmap","file": "minecraft:font/area/hyper_loop.png","ascent": 587, "height": 800,"chars": ["\u10d5"]},
{"type": "bitmap","file": "minecraft:font/area/hyper_loop.png","ascent": 586, "height": 800,"chars": ["\u10d6"]},
{"type": "bitmap","file": "minecraft:font/area/hyper_loop.png","ascent": 585, "height": 800,"chars": ["\u10d7"]},
{"type": "bitmap","file": "minecraft:font/area/hyper_loop.png","ascent": 584, "height": 800,"chars": ["\u10d8"]},
{"type": "bitmap","file": "minecraft:font/area/hyper_loop.png","ascent": 583, "height": 800,"chars": ["\u10d9"]},
{"type": "bitmap","file": "minecraft:font/area/hyper_loop.png","ascent": 582, "height": 800,"chars": ["\u10da"]},
{"type": "bitmap","file": "minecraft:font/area/hyper_loop.png","ascent": 581, "height": 800,"chars": ["\u10db"]},
{"type": "bitmap","file": "minecraft:font/area/hyper_loop.png","ascent": 580, "height": 800,"chars": ["\u10dc"]},
{"type": "bitmap","file": "minecraft:font/area/hyper_loop.png","ascent": 579, "height": 800,"chars": ["\u10dd"]},
{"type": "bitmap","file": "minecraft:font/area/hyper_loop.png","ascent": 578, "height": 800,"chars": ["\u10de"]},
{"type": "bitmap","file": "minecraft:font/area/hyper_loop.png","ascent": 577, "height": 800,"chars": ["\u10df"]},
{"type": "bitmap","file": "minecraft:font/area/hyper_loop.png","ascent": 576, "height": 800,"chars": ["\u10e0"]},
{"type": "bitmap","file": "minecraft:font/area/hyper_loop.png","ascent": 575, "height": 800,"chars": ["\u10e1"]},
{"type": "bitmap","file": "minecraft:font/area/hyper_loop.png","ascent": 574, "height": 800,"chars": ["\u10e2"]},
{"type": "bitmap","file": "minecraft:font/area/hyper_loop.png","ascent": 573, "height": 800,"chars": ["\u10e3"]},
{"type": "bitmap","file": "minecraft:font/area/hyper_loop.png","ascent": 572, "height": 800,"chars": ["\u10e4"]},
{"type": "bitmap","file": "minecraft:font/area/hyper_loop.png","ascent": 571, "height": 800,"chars": ["\u10e5"]},
{"type": "bitmap","file": "minecraft:font/area/hyper_loop.png","ascent": 570, "height": 800,"chars": ["\u10e6"]},
{"type": "bitmap","file": "minecraft:font/area/hyper_loop.png","ascent": 569, "height": 800,"chars": ["\u10e7"]},
{"type": "bitmap","file": "minecraft:font/area/hyper_loop.png","ascent": 568, "height": 800,"chars": ["\u10e8"]},
{"type": "bitmap","file": "minecraft:font/area/hyper_loop.png","ascent": 567, "height": 800,"chars": ["\u10e9"]},
{"type": "bitmap","file": "minecraft:font/area/hyper_loop.png","ascent": 566, "height": 800,"chars": ["\u10ea"]},
{"type": "bitmap","file": "minecraft:font/area/hyper_loop.png","ascent": 565, "height": 800,"chars": ["\u10eb"]},
{"type": "bitmap","file": "minecraft:font/area/hyper_loop.png","ascent": 564, "height": 800,"chars": ["\u10ec"]},
{"type": "bitmap","file": "minecraft:font/area/hyper_loop.png","ascent": 563, "height": 800,"chars": ["\u10ed"]},
{"type": "bitmap","file": "minecraft:font/area/hyper_loop.png","ascent": 562, "height": 800,"chars": ["\u10ee"]},
{"type": "bitmap","file": "minecraft:font/area/hyper_loop.png","ascent": 561, "height": 800,"chars": ["\u10ef"]},
{"type": "bitmap","file": "minecraft:font/area/hyper_loop.png","ascent": 560, "height": 800,"chars": ["\u10f0"]},
{"type": "bitmap","file": "minecraft:font/area/hyper_loop.png","ascent": 559, "height": 800,"chars": ["\u10f1"]},
{"type": "bitmap","file": "minecraft:font/area/hyper_loop.png","ascent": 558, "height": 800,"chars": ["\u10f2"]},
{"type": "bitmap","file": "minecraft:font/area/hyper_loop.png","ascent": 557, "height": 800,"chars": ["\u10f3"]},
{"type": "bitmap","file": "minecraft:font/area/hyper_loop.png","ascent": 556, "height": 800,"chars": ["\u10f4"]},
{"type": "bitmap","file": "minecraft:font/area/hyper_loop.png","ascent": 555, "height": 800,"chars": ["\u10f5"]},
{"type": "bitmap","file": "minecraft:font/area/hyper_loop.png","ascent": 554, "height": 800,"chars": ["\u10f6"]},
{"type": "bitmap","file": "minecraft:font/area/hyper_loop.png","ascent": 553, "height": 800,"chars": ["\u10f7"]},
{"type": "bitmap","file": "minecraft:font/area/hyper_loop.png","ascent": 552, "height": 800,"chars": ["\u10f8"]},
{"type": "bitmap","file": "minecraft:font/area/hyper_loop.png","ascent": 551, "height": 800,"chars": ["\u10f9"]},
{"type": "bitmap","file": "minecraft:font/area/hyper_loop.png","ascent": 550, "height": 800,"chars": ["\u10fa"]},
{"type": "bitmap","file": "minecraft:font/area/hyper_loop.png","ascent": 549, "height": 800,"chars": ["\u10fb"]},
{"type": "bitmap","file": "minecraft:font/area/hyper_loop.png","ascent": 548, "height": 800,"chars": ["\u10fc"]},
{"type": "bitmap","file": "minecraft:font/area/hyper_loop.png","ascent": 547, "height": 800,"chars": ["\u10fd"]},
{"type": "bitmap","file": "minecraft:font/area/hyper_loop.png","ascent": 546, "height": 800,"chars": ["\u10fe"]},
{"type": "bitmap","file": "minecraft:font/area/hyper_loop.png","ascent": 545, "height": 800,"chars": ["\u10ff"]},
{"type": "bitmap","file": "minecraft:font/area/hyper_loop.png","ascent": 544, "height": 800,"chars": ["\u1100"]},
{"type": "bitmap","file": "minecraft:font/area/hyper_loop.png","ascent": 543, "height": 800,"chars": ["\u1101"]},
{"type": "bitmap","file": "minecraft:font/area/hyper_loop.png","ascent": 542, "height": 800,"chars": ["\u1102"]},
{"type": "bitmap","file": "minecraft:font/area/hyper_loop.png","ascent": 541, "height": 800,"chars": ["\u1103"]},
{"type": "bitmap","file": "minecraft:font/area/hyper_loop.png","ascent": 540, "height": 800,"chars": ["\u1104"]},
{"type": "bitmap","file": "minecraft:font/area/hyper_loop.png","ascent": 539, "height": 800,"chars": ["\u1105"]},
{"type": "bitmap","file": "minecraft:font/area/hyper_loop.png","ascent": 538, "height": 800,"chars": ["\u1106"]},
{"type": "bitmap","file": "minecraft:font/area/hyper_loop.png","ascent": 537, "height": 800,"chars": ["\u1107"]},
{"type": "bitmap","file": "minecraft:font/area/hyper_loop.png","ascent": 536, "height": 800,"chars": ["\u1108"]},
{"type": "bitmap","file": "minecraft:font/area/hyper_loop.png","ascent": 535, "height": 800,"chars": ["\u1109"]},
{"type": "bitmap","file": "minecraft:font/area/hyper_loop.png","ascent": 534, "height": 800,"chars": ["\u110a"]},
{"type": "bitmap","file": "minecraft:font/area/hyper_loop.png","ascent": 533, "height": 800,"chars": ["\u110b"]},
{"type": "bitmap","file": "minecraft:font/area/hyper_loop.png","ascent": 532, "height": 800,"chars": ["\u110c"]},
{"type": "bitmap","file": "minecraft:font/area/hyper_loop.png","ascent": 531, "height": 800,"chars": ["\u110d"]},
{"type": "bitmap","file": "minecraft:font/area/hyper_loop.png","ascent": 530, "height": 800,"chars": ["\u110e"]},
{"type": "bitmap","file": "minecraft:font/area/hyper_loop.png","ascent": 529, "height": 800,"chars": ["\u110f"]},
{"type": "bitmap","file": "minecraft:font/area/hyper_loop.png","ascent": 528, "height": 800,"chars": ["\u1110"]},
{"type": "bitmap","file": "minecraft:font/area/hyper_loop.png","ascent": 527, "height": 800,"chars": ["\u1111"]},
{"type": "bitmap","file": "minecraft:font/area/hyper_loop.png","ascent": 526, "height": 800,"chars": ["\u1112"]},
{"type": "bitmap","file": "minecraft:font/area/hyper_loop.png","ascent": 525, "height": 800,"chars": ["\u1113"]},
{"type": "bitmap","file": "minecraft:font/area/hyper_loop.png","ascent": 524, "height": 800,"chars": ["\u1114"]},
{"type": "bitmap","file": "minecraft:font/area/hyper_loop.png","ascent": 523, "height": 800,"chars": ["\u1115"]},
{"type": "bitmap","file": "minecraft:font/area/hyper_loop.png","ascent": 522, "height": 800,"chars": ["\u1116"]},
{"type": "bitmap","file": "minecraft:font/area/hyper_loop.png","ascent": 521, "height": 800,"chars": ["\u1117"]},
{"type": "bitmap","file": "minecraft:font/area/hyper_loop.png","ascent": 520, "height": 800,"chars": ["\u1118"]},
{"type": "bitmap","file": "minecraft:font/area/hyper_loop.png","ascent": 519, "height": 800,"chars": ["\u1119"]},
{"type": "bitmap","file": "minecraft:font/area/hyper_loop.png","ascent": 518, "height": 800,"chars": ["\u111a"]},
{"type": "bitmap","file": "minecraft:font/area/hyper_loop.png","ascent": 517, "height": 800,"chars": ["\u111b"]},
{"type": "bitmap","file": "minecraft:font/area/hyper_loop.png","ascent": 516, "height": 800,"chars": ["\u111c"]},
{"type": "bitmap","file": "minecraft:font/area/hyper_loop.png","ascent": 515, "height": 800,"chars": ["\u111d"]},
{"type": "bitmap","file": "minecraft:font/area/hyper_loop.png","ascent": 514, "height": 800,"chars": ["\u111e"]},
{"type": "bitmap","file": "minecraft:font/area/hyper_loop.png","ascent": 513, "height": 800,"chars": ["\u111f"]},
{"type": "bitmap","file": "minecraft:font/area/hyper_loop.png","ascent": 512, "height": 800,"chars": ["\u1120"]},
{"type": "bitmap","file": "minecraft:font/area/hyper_loop.png","ascent": 511, "height": 800,"chars": ["\u1121"]},
{"type": "bitmap","file": "minecraft:font/area/hyper_loop.png","ascent": 510, "height": 800,"chars": ["\u1122"]},
{"type": "bitmap","file": "minecraft:font/area/hyper_loop.png","ascent": 509, "height": 800,"chars": ["\u1123"]},
{"type": "bitmap","file": "minecraft:font/area/hyper_loop.png","ascent": 508, "height": 800,"chars": ["\u1124"]},
{"type": "bitmap","file": "minecraft:font/area/hyper_loop.png","ascent": 507, "height": 800,"chars": ["\u1125"]},
{"type": "bitmap","file": "minecraft:font/area/hyper_loop.png","ascent": 506, "height": 800,"chars": ["\u1126"]},
{"type": "bitmap","file": "minecraft:font/area/hyper_loop.png","ascent": 505, "height": 800,"chars": ["\u1127"]},
{"type": "bitmap","file": "minecraft:font/area/hyper_loop.png","ascent": 504, "height": 800,"chars": ["\u1128"]},
{"type": "bitmap","file": "minecraft:font/area/hyper_loop.png","ascent": 503, "height": 800,"chars": ["\u1129"]},
{"type": "bitmap","file": "minecraft:font/area/hyper_loop.png","ascent": 502, "height": 800,"chars": ["\u112a"]},
{"type": "bitmap","file": "minecraft:font/area/hyper_loop.png","ascent": 501, "height": 800,"chars": ["\u112b"]},
{"type": "bitmap","file": "minecraft:font/area/hyper_loop.png","ascent": 500, "height": 800,"chars": ["\u112c"]},
{"type": "bitmap","file": "minecraft:font/area/hyper_loop.png","ascent": 499, "height": 800,"chars": ["\u112d"]},
{"type": "bitmap","file": "minecraft:font/area/hyper_loop.png","ascent": 498, "height": 800,"chars": ["\u112e"]},
{"type": "bitmap","file": "minecraft:font/area/hyper_loop.png","ascent": 497, "height": 800,"chars": ["\u112f"]},
{"type": "bitmap","file": "minecraft:font/area/hyper_loop.png","ascent": 496, "height": 800,"chars": ["\u1130"]},
{"type": "bitmap","file": "minecraft:font/area/hyper_loop.png","ascent": 495, "height": 800,"chars": ["\u1131"]},
{"type": "bitmap","file": "minecraft:font/area/hyper_loop.png","ascent": 494, "height": 800,"chars": ["\u1132"]},
{"type": "bitmap","file": "minecraft:font/area/hyper_loop.png","ascent": 493, "height": 800,"chars": ["\u1133"]},
{"type": "bitmap","file": "minecraft:font/area/hyper_loop.png","ascent": 492, "height": 800,"chars": ["\u1134"]},
{"type": "bitmap","file": "minecraft:font/area/hyper_loop.png","ascent": 491, "height": 800,"chars": ["\u1135"]},
{"type": "bitmap","file": "minecraft:font/area/hyper_loop.png","ascent": 490, "height": 800,"chars": ["\u1136"]},
{"type": "bitmap","file": "minecraft:font/area/hyper_loop.png","ascent": 489, "height": 800,"chars": ["\u1137"]},
{"type": "bitmap","file": "minecraft:font/area/hyper_loop.png","ascent": 488, "height": 800,"chars": ["\u1138"]},
{"type": "bitmap","file": "minecraft:font/area/hyper_loop.png","ascent": 487, "height": 800,"chars": ["\u1139"]},
{"type": "bitmap","file": "minecraft:font/area/hyper_loop.png","ascent": 486, "height": 800,"chars": ["\u113a"]},
{"type": "bitmap","file": "minecraft:font/area/hyper_loop.png","ascent": 485, "height": 800,"chars": ["\u113b"]},
{"type": "bitmap","file": "minecraft:font/area/hyper_loop.png","ascent": 484, "height": 800,"chars": ["\u113c"]},
{"type": "bitmap","file": "minecraft:font/area/hyper_loop.png","ascent": 483, "height": 800,"chars": ["\u113d"]},
{"type": "bitmap","file": "minecraft:font/area/hyper_loop.png","ascent": 482, "height": 800,"chars": ["\u113e"]},
{"type": "bitmap","file": "minecraft:font/area/hyper_loop.png","ascent": 481, "height": 800,"chars": ["\u113f"]},
{"type": "bitmap","file": "minecraft:font/area/hyper_loop.png","ascent": 480, "height": 800,"chars": ["\u1140"]},
{"type": "bitmap","file": "minecraft:font/area/hyper_loop.png","ascent": 479, "height": 800,"chars": ["\u1141"]},
{"type": "bitmap","file": "minecraft:font/area/hyper_loop.png","ascent": 478, "height": 800,"chars": ["\u1142"]},
{"type": "bitmap","file": "minecraft:font/area/hyper_loop.png","ascent": 477, "height": 800,"chars": ["\u1143"]},
{"type": "bitmap","file": "minecraft:font/area/hyper_loop.png","ascent": 476, "height": 800,"chars": ["\u1144"]},
{"type": "bitmap","file": "minecraft:font/area/hyper_loop.png","ascent": 475, "height": 800,"chars": ["\u1145"]},
{"type": "bitmap","file": "minecraft:font/area/hyper_loop.png","ascent": 474, "height": 800,"chars": ["\u1146"]},
{"type": "bitmap","file": "minecraft:font/area/hyper_loop.png","ascent": 473, "height": 800,"chars": ["\u1147"]},
{"type": "bitmap","file": "minecraft:font/area/hyper_loop.png","ascent": 472, "height": 800,"chars": ["\u1148"]},
{"type": "bitmap","file": "minecraft:font/area/hyper_loop.png","ascent": 471, "height": 800,"chars": ["\u1149"]},
{"type": "bitmap","file": "minecraft:font/area/hyper_loop.png","ascent": 470, "height": 800,"chars": ["\u114a"]},
{"type": "bitmap","file": "minecraft:font/area/hyper_loop.png","ascent": 469, "height": 800,"chars": ["\u114b"]},
{"type": "bitmap","file": "minecraft:font/area/hyper_loop.png","ascent": 468, "height": 800,"chars": ["\u114c"]},
{"type": "bitmap","file": "minecraft:font/area/hyper_loop.png","ascent": 467, "height": 800,"chars": ["\u114d"]},
{"type": "bitmap","file": "minecraft:font/area/hyper_loop.png","ascent": 466, "height": 800,"chars": ["\u114e"]},
{"type": "bitmap","file": "minecraft:font/area/hyper_loop.png","ascent": 465, "height": 800,"chars": ["\u114f"]},
{"type": "bitmap","file": "minecraft:font/area/hyper_loop.png","ascent": 464, "height": 800,"chars": ["\u1150"]},
{"type": "bitmap","file": "minecraft:font/area/hyper_loop.png","ascent": 463, "height": 800,"chars": ["\u1151"]},
{"type": "bitmap","file": "minecraft:font/area/hyper_loop.png","ascent": 462, "height": 800,"chars": ["\u1152"]},
{"type": "bitmap","file": "minecraft:font/area/hyper_loop.png","ascent": 461, "height": 800,"chars": ["\u1153"]},
{"type": "bitmap","file": "minecraft:font/area/hyper_loop.png","ascent": 460, "height": 800,"chars": ["\u1154"]},
{"type": "bitmap","file": "minecraft:font/area/hyper_loop.png","ascent": 459, "height": 800,"chars": ["\u1155"]},
{"type": "bitmap","file": "minecraft:font/area/hyper_loop.png","ascent": 458, "height": 800,"chars": ["\u1156"]},
{"type": "bitmap","file": "minecraft:font/area/hyper_loop.png","ascent": 457, "height": 800,"chars": ["\u1157"]},
{"type": "bitmap","file": "minecraft:font/area/hyper_loop.png","ascent": 456, "height": 800,"chars": ["\u1158"]},
{"type": "bitmap","file": "minecraft:font/area/hyper_loop.png","ascent": 455, "height": 800,"chars": ["\u1159"]},
{"type": "bitmap","file": "minecraft:font/area/hyper_loop.png","ascent": 454, "height": 800,"chars": ["\u115a"]},
{"type": "bitmap","file": "minecraft:font/area/hyper_loop.png","ascent": 453, "height": 800,"chars": ["\u115b"]},
{"type": "bitmap","file": "minecraft:font/area/hyper_loop.png","ascent": 452, "height": 800,"chars": ["\u115c"]},
{"type": "bitmap","file": "minecraft:font/area/hyper_loop.png","ascent": 451, "height": 800,"chars": ["\u115d"]},
{"type": "bitmap","file": "minecraft:font/area/hyper_loop.png","ascent": 450, "height": 800,"chars": ["\u115e"]},
{"type": "bitmap","file": "minecraft:font/area/hyper_loop.png","ascent": 449, "height": 800,"chars": ["\u115f"]},
{"type": "bitmap","file": "minecraft:font/area/hyper_loop.png","ascent": 448, "height": 800,"chars": ["\u1160"]},
{"type": "bitmap","file": "minecraft:font/area/hyper_loop.png","ascent": 447, "height": 800,"chars": ["\u1161"]},
{"type": "bitmap","file": "minecraft:font/area/hyper_loop.png","ascent": 446, "height": 800,"chars": ["\u1162"]},
{"type": "bitmap","file": "minecraft:font/area/hyper_loop.png","ascent": 445, "height": 800,"chars": ["\u1163"]},
{"type": "bitmap","file": "minecraft:font/area/hyper_loop.png","ascent": 444, "height": 800,"chars": ["\u1164"]},
{"type": "bitmap","file": "minecraft:font/area/hyper_loop.png","ascent": 443, "height": 800,"chars": ["\u1165"]},
{"type": "bitmap","file": "minecraft:font/area/hyper_loop.png","ascent": 442, "height": 800,"chars": ["\u1166"]},
{"type": "bitmap","file": "minecraft:font/area/hyper_loop.png","ascent": 441, "height": 800,"chars": ["\u1167"]},
{"type": "bitmap","file": "minecraft:font/area/hyper_loop.png","ascent": 440, "height": 800,"chars": ["\u1168"]},
{"type": "bitmap","file": "minecraft:font/area/hyper_loop.png","ascent": 439, "height": 800,"chars": ["\u1169"]},
{"type": "bitmap","file": "minecraft:font/area/hyper_loop.png","ascent": 438, "height": 800,"chars": ["\u116a"]},
{"type": "bitmap","file": "minecraft:font/area/hyper_loop.png","ascent": 437, "height": 800,"chars": ["\u116b"]},
{"type": "bitmap","file": "minecraft:font/area/hyper_loop.png","ascent": 436, "height": 800,"chars": ["\u116c"]},
{"type": "bitmap","file": "minecraft:font/area/hyper_loop.png","ascent": 435, "height": 800,"chars": ["\u116d"]},
{"type": "bitmap","file": "minecraft:font/area/hyper_loop.png","ascent": 434, "height": 800,"chars": ["\u116e"]},
{"type": "bitmap","file": "minecraft:font/area/hyper_loop.png","ascent": 433, "height": 800,"chars": ["\u116f"]},
{"type": "bitmap","file": "minecraft:font/area/hyper_loop.png","ascent": 432, "height": 800,"chars": ["\u1170"]},
{"type": "bitmap","file": "minecraft:font/area/hyper_loop.png","ascent": 431, "height": 800,"chars": ["\u1171"]},
{"type": "bitmap","file": "minecraft:font/area/hyper_loop.png","ascent": 430, "height": 800,"chars": ["\u1172"]},
{"type": "bitmap","file": "minecraft:font/area/hyper_loop.png","ascent": 429, "height": 800,"chars": ["\u1173"]},
{"type": "bitmap","file": "minecraft:font/area/hyper_loop.png","ascent": 428, "height": 800,"chars": ["\u1174"]},
{"type": "bitmap","file": "minecraft:font/area/hyper_loop.png","ascent": 427, "height": 800,"chars": ["\u1175"]},
{"type": "bitmap","file": "minecraft:font/area/hyper_loop.png","ascent": 426, "height": 800,"chars": ["\u1176"]},
{"type": "bitmap","file": "minecraft:font/area/hyper_loop.png","ascent": 425, "height": 800,"chars": ["\u1177"]},
{"type": "bitmap","file": "minecraft:font/area/hyper_loop.png","ascent": 424, "height": 800,"chars": ["\u1178"]},
{"type": "bitmap","file": "minecraft:font/area/hyper_loop.png","ascent": 423, "height": 800,"chars": ["\u1179"]},
{"type": "bitmap","file": "minecraft:font/area/hyper_loop.png","ascent": 422, "height": 800,"chars": ["\u117a"]},
{"type": "bitmap","file": "minecraft:font/area/hyper_loop.png","ascent": 421, "height": 800,"chars": ["\u117b"]},
{"type": "bitmap","file": "minecraft:font/area/hyper_loop.png","ascent": 420, "height": 800,"chars": ["\u117c"]},
{"type": "bitmap","file": "minecraft:font/area/hyper_loop.png","ascent": 419, "height": 800,"chars": ["\u117d"]},
{"type": "bitmap","file": "minecraft:font/area/hyper_loop.png","ascent": 418, "height": 800,"chars": ["\u117e"]},
{"type": "bitmap","file": "minecraft:font/area/hyper_loop.png","ascent": 417, "height": 800,"chars": ["\u117f"]},
{"type": "bitmap","file": "minecraft:font/area/hyper_loop.png","ascent": 416, "height": 800,"chars": ["\u1180"]},
{"type": "bitmap","file": "minecraft:font/area/hyper_loop.png","ascent": 415, "height": 800,"chars": ["\u1181"]},
{"type": "bitmap","file": "minecraft:font/area/hyper_loop.png","ascent": 414, "height": 800,"chars": ["\u1182"]},
{"type": "bitmap","file": "minecraft:font/area/hyper_loop.png","ascent": 413, "height": 800,"chars": ["\u1183"]},
{"type": "bitmap","file": "minecraft:font/area/hyper_loop.png","ascent": 412, "height": 800,"chars": ["\u1184"]},
{"type": "bitmap","file": "minecraft:font/area/hyper_loop.png","ascent": 411, "height": 800,"chars": ["\u1185"]},
{"type": "bitmap","file": "minecraft:font/area/hyper_loop.png","ascent": 410, "height": 800,"chars": ["\u1186"]},
{"type": "bitmap","file": "minecraft:font/area/hyper_loop.png","ascent": 409, "height": 800,"chars": ["\u1187"]},
{"type": "bitmap","file": "minecraft:font/area/hyper_loop.png","ascent": 408, "height": 800,"chars": ["\u1188"]},
{"type": "bitmap","file": "minecraft:font/area/hyper_loop.png","ascent": 407, "height": 800,"chars": ["\u1189"]},
{"type": "bitmap","file": "minecraft:font/area/hyper_loop.png","ascent": 406, "height": 800,"chars": ["\u118a"]},
{"type": "bitmap","file": "minecraft:font/area/hyper_loop.png","ascent": 405, "height": 800,"chars": ["\u118b"]},
{"type": "bitmap","file": "minecraft:font/area/hyper_loop.png","ascent": 404, "height": 800,"chars": ["\u118c"]},
{"type": "bitmap","file": "minecraft:font/area/hyper_loop.png","ascent": 403, "height": 800,"chars": ["\u118d"]},
{"type": "bitmap","file": "minecraft:font/area/hyper_loop.png","ascent": 402, "height": 800,"chars": ["\u118e"]},
{"type": "bitmap","file": "minecraft:font/area/hyper_loop.png","ascent": 401, "height": 800,"chars": ["\u118f"]},
{"type": "bitmap","file": "minecraft:font/area/hyper_loop.png","ascent": 400, "height": 800,"chars": ["\u1190"]},
{"type": "bitmap","file": "minecraft:font/area/hyper_loop.png","ascent": 399, "height": 800,"chars": ["\u1191"]},
{"type": "bitmap","file": "minecraft:font/area/hyper_loop.png","ascent": 398, "height": 800,"chars": ["\u1192"]},
{"type": "bitmap","file": "minecraft:font/area/hyper_loop.png","ascent": 397, "height": 800,"chars": ["\u1193"]},
{"type": "bitmap","file": "minecraft:font/area/hyper_loop.png","ascent": 396, "height": 800,"chars": ["\u1194"]},
{"type": "bitmap","file": "minecraft:font/area/hyper_loop.png","ascent": 395, "height": 800,"chars": ["\u1195"]},
{"type": "bitmap","file": "minecraft:font/area/hyper_loop.png","ascent": 394, "height": 800,"chars": ["\u1196"]},
{"type": "bitmap","file": "minecraft:font/area/hyper_loop.png","ascent": 393, "height": 800,"chars": ["\u1197"]},
{"type": "bitmap","file": "minecraft:font/area/hyper_loop.png","ascent": 392, "height": 800,"chars": ["\u1198"]},
{"type": "bitmap","file": "minecraft:font/area/hyper_loop.png","ascent": 391, "height": 800,"chars": ["\u1199"]},
{"type": "bitmap","file": "minecraft:font/area/hyper_loop.png","ascent": 390, "height": 800,"chars": ["\u119a"]},
{"type": "bitmap","file": "minecraft:font/area/hyper_loop.png","ascent": 389, "height": 800,"chars": ["\u119b"]},
{"type": "bitmap","file": "minecraft:font/area/hyper_loop.png","ascent": 388, "height": 800,"chars": ["\u119c"]},
{"type": "bitmap","file": "minecraft:font/area/hyper_loop.png","ascent": 387, "height": 800,"chars": ["\u119d"]},
{"type": "bitmap","file": "minecraft:font/area/hyper_loop.png","ascent": 386, "height": 800,"chars": ["\u119e"]},
{"type": "bitmap","file": "minecraft:font/area/hyper_loop.png","ascent": 385, "height": 800,"chars": ["\u119f"]},
{"type": "bitmap","file": "minecraft:font/area/hyper_loop.png","ascent": 384, "height": 800,"chars": ["\u11a0"]},
{"type": "bitmap","file": "minecraft:font/area/hyper_loop.png","ascent": 383, "height": 800,"chars": ["\u11a1"]},
{"type": "bitmap","file": "minecraft:font/area/hyper_loop.png","ascent": 382, "height": 800,"chars": ["\u11a2"]},
{"type": "bitmap","file": "minecraft:font/area/hyper_loop.png","ascent": 381, "height": 800,"chars": ["\u11a3"]},
{"type": "bitmap","file": "minecraft:font/area/hyper_loop.png","ascent": 380, "height": 800,"chars": ["\u11a4"]},
{"type": "bitmap","file": "minecraft:font/area/hyper_loop.png","ascent": 379, "height": 800,"chars": ["\u11a5"]},
{"type": "bitmap","file": "minecraft:font/area/hyper_loop.png","ascent": 378, "height": 800,"chars": ["\u11a6"]},
{"type": "bitmap","file": "minecraft:font/area/hyper_loop.png","ascent": 377, "height": 800,"chars": ["\u11a7"]},
{"type": "bitmap","file": "minecraft:font/area/hyper_loop.png","ascent": 376, "height": 800,"chars": ["\u11a8"]},
{"type": "bitmap","file": "minecraft:font/area/hyper_loop.png","ascent": 375, "height": 800,"chars": ["\u11a9"]},
{"type": "bitmap","file": "minecraft:font/area/hyper_loop.png","ascent": 374, "height": 800,"chars": ["\u11aa"]},
{"type": "bitmap","file": "minecraft:font/area/hyper_loop.png","ascent": 373, "height": 800,"chars": ["\u11ab"]},
{"type": "bitmap","file": "minecraft:font/area/hyper_loop.png","ascent": 372, "height": 800,"chars": ["\u11ac"]},
{"type": "bitmap","file": "minecraft:font/area/hyper_loop.png","ascent": 371, "height": 800,"chars": ["\u11ad"]},
{"type": "bitmap","file": "minecraft:font/area/hyper_loop.png","ascent": 370, "height": 800,"chars": ["\u11ae"]},
{"type": "bitmap","file": "minecraft:font/area/hyper_loop.png","ascent": 369, "height": 800,"chars": ["\u11af"]},
{"type": "bitmap","file": "minecraft:font/area/hyper_loop.png","ascent": 368, "height": 800,"chars": ["\u11b0"]},
{"type": "bitmap","file": "minecraft:font/area/hyper_loop.png","ascent": 367, "height": 800,"chars": ["\u11b1"]},
{"type": "bitmap","file": "minecraft:font/area/hyper_loop.png","ascent": 366, "height": 800,"chars": ["\u11b2"]},
{"type": "bitmap","file": "minecraft:font/area/hyper_loop.png","ascent": 365, "height": 800,"chars": ["\u11b3"]},
{"type": "bitmap","file": "minecraft:font/area/hyper_loop.png","ascent": 364, "height": 800,"chars": ["\u11b4"]},
{"type": "bitmap","file": "minecraft:font/area/hyper_loop.png","ascent": 363, "height": 800,"chars": ["\u11b5"]},
{"type": "bitmap","file": "minecraft:font/area/hyper_loop.png","ascent": 362, "height": 800,"chars": ["\u11b6"]},
{"type": "bitmap","file": "minecraft:font/area/hyper_loop.png","ascent": 361, "height": 800,"chars": ["\u11b7"]},
{"type": "bitmap","file": "minecraft:font/area/hyper_loop.png","ascent": 360, "height": 800,"chars": ["\u11b8"]},
{"type": "bitmap","file": "minecraft:font/area/hyper_loop.png","ascent": 359, "height": 800,"chars": ["\u11b9"]},
{"type": "bitmap","file": "minecraft:font/area/hyper_loop.png","ascent": 358, "height": 800,"chars": ["\u11ba"]},
{"type": "bitmap","file": "minecraft:font/area/hyper_loop.png","ascent": 357, "height": 800,"chars": ["\u11bb"]},
{"type": "bitmap","file": "minecraft:font/area/hyper_loop.png","ascent": 356, "height": 800,"chars": ["\u11bc"]},
{"type": "bitmap","file": "minecraft:font/area/hyper_loop.png","ascent": 355, "height": 800,"chars": ["\u11bd"]},
{"type": "bitmap","file": "minecraft:font/area/hyper_loop.png","ascent": 354, "height": 800,"chars": ["\u11be"]},
{"type": "bitmap","file": "minecraft:font/area/hyper_loop.png","ascent": 353, "height": 800,"chars": ["\u11bf"]},
{"type": "bitmap","file": "minecraft:font/area/hyper_loop.png","ascent": 352, "height": 800,"chars": ["\u11c0"]},
{"type": "bitmap","file": "minecraft:font/area/hyper_loop.png","ascent": 351, "height": 800,"chars": ["\u11c1"]},
{"type": "bitmap","file": "minecraft:font/area/hyper_loop.png","ascent": 350, "height": 800,"chars": ["\u11c2"]},
{"type": "bitmap","file": "minecraft:font/area/hyper_loop.png","ascent": 349, "height": 800,"chars": ["\u11c3"]},
{"type": "bitmap","file": "minecraft:font/area/hyper_loop.png","ascent": 348, "height": 800,"chars": ["\u11c4"]},
{"type": "bitmap","file": "minecraft:font/area/hyper_loop.png","ascent": 347, "height": 800,"chars": ["\u11c5"]},
{"type": "bitmap","file": "minecraft:font/area/hyper_loop.png","ascent": 346, "height": 800,"chars": ["\u11c6"]},
{"type": "bitmap","file": "minecraft:font/area/hyper_loop.png","ascent": 345, "height": 800,"chars": ["\u11c7"]},
{"type": "bitmap","file": "minecraft:font/area/hyper_loop.png","ascent": 344, "height": 800,"chars": ["\u11c8"]},
{"type": "bitmap","file": "minecraft:font/area/hyper_loop.png","ascent": 343, "height": 800,"chars": ["\u11c9"]},
{"type": "bitmap","file": "minecraft:font/area/hyper_loop.png","ascent": 342, "height": 800,"chars": ["\u11ca"]},
{"type": "bitmap","file": "minecraft:font/area/hyper_loop.png","ascent": 341, "height": 800,"chars": ["\u11cb"]},
{"type": "bitmap","file": "minecraft:font/area/hyper_loop.png","ascent": 340, "height": 800,"chars": ["\u11cc"]},
{"type": "bitmap","file": "minecraft:font/area/hyper_loop.png","ascent": 339, "height": 800,"chars": ["\u11cd"]},
{"type": "bitmap","file": "minecraft:font/area/hyper_loop.png","ascent": 338, "height": 800,"chars": ["\u11ce"]},
{"type": "bitmap","file": "minecraft:font/area/hyper_loop.png","ascent": 337, "height": 800,"chars": ["\u11cf"]},
{"type": "bitmap","file": "minecraft:font/area/hyper_loop.png","ascent": 336, "height": 800,"chars": ["\u11d0"]},
{"type": "bitmap","file": "minecraft:font/area/hyper_loop.png","ascent": 335, "height": 800,"chars": ["\u11d1"]},
{"type": "bitmap","file": "minecraft:font/area/hyper_loop.png","ascent": 334, "height": 800,"chars": ["\u11d2"]},
{"type": "bitmap","file": "minecraft:font/area/hyper_loop.png","ascent": 333, "height": 800,"chars": ["\u11d3"]},
{"type": "bitmap","file": "minecraft:font/area/hyper_loop.png","ascent": 332, "height": 800,"chars": ["\u11d4"]},
{"type": "bitmap","file": "minecraft:font/area/hyper_loop.png","ascent": 331, "height": 800,"chars": ["\u11d5"]},
{"type": "bitmap","file": "minecraft:font/area/hyper_loop.png","ascent": 330, "height": 800,"chars": ["\u11d6"]},
{"type": "bitmap","file": "minecraft:font/area/hyper_loop.png","ascent": 329, "height": 800,"chars": ["\u11d7"]},
{"type": "bitmap","file": "minecraft:font/area/hyper_loop.png","ascent": 328, "height": 800,"chars": ["\u11d8"]},
{"type": "bitmap","file": "minecraft:font/area/hyper_loop.png","ascent": 327, "height": 800,"chars": ["\u11d9"]},
{"type": "bitmap","file": "minecraft:font/area/hyper_loop.png","ascent": 326, "height": 800,"chars": ["\u11da"]},
{"type": "bitmap","file": "minecraft:font/area/hyper_loop.png","ascent": 325, "height": 800,"chars": ["\u11db"]},
{"type": "bitmap","file": "minecraft:font/area/hyper_loop.png","ascent": 324, "height": 800,"chars": ["\u11dc"]},
{"type": "bitmap","file": "minecraft:font/area/hyper_loop.png","ascent": 323, "height": 800,"chars": ["\u11dd"]},
{"type": "bitmap","file": "minecraft:font/area/hyper_loop.png","ascent": 322, "height": 800,"chars": ["\u11de"]},
{"type": "bitmap","file": "minecraft:font/area/hyper_loop.png","ascent": 321, "height": 800,"chars": ["\u11df"]},
{"type": "bitmap","file": "minecraft:font/area/hyper_loop.png","ascent": 320, "height": 800,"chars": ["\u11e0"]},
{"type": "bitmap","file": "minecraft:font/area/hyper_loop.png","ascent": 319, "height": 800,"chars": ["\u11e1"]},
{"type": "bitmap","file": "minecraft:font/area/hyper_loop.png","ascent": 318, "height": 800,"chars": ["\u11e2"]},
{"type": "bitmap","file": "minecraft:font/area/hyper_loop.png","ascent": 317, "height": 800,"chars": ["\u11e3"]},
{"type": "bitmap","file": "minecraft:font/area/hyper_loop.png","ascent": 316, "height": 800,"chars": ["\u11e4"]},
{"type": "bitmap","file": "minecraft:font/area/hyper_loop.png","ascent": 315, "height": 800,"chars": ["\u11e5"]},
{"type": "bitmap","file": "minecraft:font/area/hyper_loop.png","ascent": 314, "height": 800,"chars": ["\u11e6"]},
{"type": "bitmap","file": "minecraft:font/area/hyper_loop.png","ascent": 313, "height": 800,"chars": ["\u11e7"]},
{"type": "bitmap","file": "minecraft:font/area/hyper_loop.png","ascent": 312, "height": 800,"chars": ["\u11e8"]},
{"type": "bitmap","file": "minecraft:font/area/hyper_loop.png","ascent": 311, "height": 800,"chars": ["\u11e9"]},
{"type": "bitmap","file": "minecraft:font/area/hyper_loop.png","ascent": 310, "height": 800,"chars": ["\u11ea"]},
{"type": "bitmap","file": "minecraft:font/area/hyper_loop.png","ascent": 309, "height": 800,"chars": ["\u11eb"]},
{"type": "bitmap","file": "minecraft:font/area/hyper_loop.png","ascent": 308, "height": 800,"chars": ["\u11ec"]},
{"type": "bitmap","file": "minecraft:font/area/hyper_loop.png","ascent": 307, "height": 800,"chars": ["\u11ed"]},
{"type": "bitmap","file": "minecraft:font/area/hyper_loop.png","ascent": 306, "height": 800,"chars": ["\u11ee"]},
{"type": "bitmap","file": "minecraft:font/area/hyper_loop.png","ascent": 305, "height": 800,"chars": ["\u11ef"]},
{"type": "bitmap","file": "minecraft:font/area/hyper_loop.png","ascent": 304, "height": 800,"chars": ["\u11f0"]},
{"type": "bitmap","file": "minecraft:font/area/hyper_loop.png","ascent": 303, "height": 800,"chars": ["\u11f1"]},
{"type": "bitmap","file": "minecraft:font/area/hyper_loop.png","ascent": 302, "height": 800,"chars": ["\u11f2"]},
{"type": "bitmap","file": "minecraft:font/area/hyper_loop.png","ascent": 301, "height": 800,"chars": ["\u11f3"]},
{"type": "bitmap","file": "minecraft:font/area/hyper_loop.png","ascent": 300, "height": 800,"chars": ["\u11f4"]},
{"type": "bitmap","file": "minecraft:font/area/hyper_loop.png","ascent": 299, "height": 800,"chars": ["\u11f5"]},
{"type": "bitmap","file": "minecraft:font/area/hyper_loop.png","ascent": 298, "height": 800,"chars": ["\u11f6"]},
{"type": "bitmap","file": "minecraft:font/area/hyper_loop.png","ascent": 297, "height": 800,"chars": ["\u11f7"]},
{"type": "bitmap","file": "minecraft:font/area/hyper_loop.png","ascent": 296, "height": 800,"chars": ["\u11f8"]},
{"type": "bitmap","file": "minecraft:font/area/hyper_loop.png","ascent": 295, "height": 800,"chars": ["\u11f9"]},
{"type": "bitmap","file": "minecraft:font/area/hyper_loop.png","ascent": 294, "height": 800,"chars": ["\u11fa"]},
{"type": "bitmap","file": "minecraft:font/area/hyper_loop.png","ascent": 293, "height": 800,"chars": ["\u11fb"]},
{"type": "bitmap","file": "minecraft:font/area/hyper_loop.png","ascent": 292, "height": 800,"chars": ["\u11fc"]},
{"type": "bitmap","file": "minecraft:font/area/hyper_loop.png","ascent": 291, "height": 800,"chars": ["\u11fd"]},
{"type": "bitmap","file": "minecraft:font/area/hyper_loop.png","ascent": 290, "height": 800,"chars": ["\u11fe"]},
{"type": "bitmap","file": "minecraft:font/area/hyper_loop.png","ascent": 289, "height": 800,"chars": ["\u11ff"]}]}