{"providers":[
{"type": "bitmap","file": "minecraft:font/area/police.png","ascent": 46.333333333333336, "height": 46.333333333333336,"chars": ["\u1000"]},
{"type": "bitmap","file": "minecraft:font/area/police.png","ascent": 45.333333333333336, "height": 46.333333333333336,"chars": ["\u1001"]},
{"type": "bitmap","file": "minecraft:font/area/police.png","ascent": 44.333333333333336, "height": 46.333333333333336,"chars": ["\u1002"]},
{"type": "bitmap","file": "minecraft:font/area/police.png","ascent": 43.333333333333336, "height": 46.333333333333336,"chars": ["\u1003"]},
{"type": "bitmap","file": "minecraft:font/area/police.png","ascent": 42.333333333333336, "height": 46.333333333333336,"chars": ["\u1004"]},
{"type": "bitmap","file": "minecraft:font/area/police.png","ascent": 41.333333333333336, "height": 46.333333333333336,"chars": ["\u1005"]},
{"type": "bitmap","file": "minecraft:font/area/police.png","ascent": 40.333333333333336, "height": 46.333333333333336,"chars": ["\u1006"]},
{"type": "bitmap","file": "minecraft:font/area/police.png","ascent": 39.333333333333336, "height": 46.333333333333336,"chars": ["\u1007"]},
{"type": "bitmap","file": "minecraft:font/area/police.png","ascent": 38.333333333333336, "height": 46.333333333333336,"chars": ["\u1008"]},
{"type": "bitmap","file": "minecraft:font/area/police.png","ascent": 37.333333333333336, "height": 46.333333333333336,"chars": ["\u1009"]},
{"type": "bitmap","file": "minecraft:font/area/police.png","ascent": 36.333333333333336, "height": 46.333333333333336,"chars": ["\u100a"]},
{"type": "bitmap","file": "minecraft:font/area/police.png","ascent": 35.333333333333336, "height": 46.333333333333336,"chars": ["\u100b"]},
{"type": "bitmap","file": "minecraft:font/area/police.png","ascent": 34.333333333333336, "height": 46.333333333333336,"chars": ["\u100c"]},
{"type": "bitmap","file": "minecraft:font/area/police.png","ascent": 33.333333333333336, "height": 46.333333333333336,"chars": ["\u100d"]},
{"type": "bitmap","file": "minecraft:font/area/police.png","ascent": 32.333333333333336, "height": 46.333333333333336,"chars": ["\u100e"]},
{"type": "bitmap","file": "minecraft:font/area/police.png","ascent": 31.333333333333336, "height": 46.333333333333336,"chars": ["\u100f"]},
{"type": "bitmap","file": "minecraft:font/area/police.png","ascent": 30.333333333333336, "height": 46.333333333333336,"chars": ["\u1010"]},
{"type": "bitmap","file": "minecraft:font/area/police.png","ascent": 29.333333333333336, "height": 46.333333333333336,"chars": ["\u1011"]},
{"type": "bitmap","file": "minecraft:font/area/police.png","ascent": 28.333333333333336, "height": 46.333333333333336,"chars": ["\u1012"]},
{"type": "bitmap","file": "minecraft:font/area/police.png","ascent": 27.333333333333336, "height": 46.333333333333336,"chars": ["\u1013"]},
{"type": "bitmap","file": "minecraft:font/area/police.png","ascent": 26.333333333333336, "height": 46.333333333333336,"chars": ["\u1014"]},
{"type": "bitmap","file": "minecraft:font/area/police.png","ascent": 25.333333333333336, "height": 46.333333333333336,"chars": ["\u1015"]},
{"type": "bitmap","file": "minecraft:font/area/police.png","ascent": 24.333333333333336, "height": 46.333333333333336,"chars": ["\u1016"]},
{"type": "bitmap","file": "minecraft:font/area/police.png","ascent": 23.333333333333336, "height": 46.333333333333336,"chars": ["\u1017"]},
{"type": "bitmap","file": "minecraft:font/area/police.png","ascent": 22.333333333333336, "height": 46.333333333333336,"chars": ["\u1018"]},
{"type": "bitmap","file": "minecraft:font/area/police.png","ascent": 21.333333333333336, "height": 46.333333333333336,"chars": ["\u1019"]},
{"type": "bitmap","file": "minecraft:font/area/police.png","ascent": 20.333333333333336, "height": 46.333333333333336,"chars": ["\u101a"]},
{"type": "bitmap","file": "minecraft:font/area/police.png","ascent": 19.333333333333336, "height": 46.333333333333336,"chars": ["\u101b"]},
{"type": "bitmap","file": "minecraft:font/area/police.png","ascent": 18.333333333333336, "height": 46.333333333333336,"chars": ["\u101c"]},
{"type": "bitmap","file": "minecraft:font/area/police.png","ascent": 17.333333333333336, "height": 46.333333333333336,"chars": ["\u101d"]},
{"type": "bitmap","file": "minecraft:font/area/police.png","ascent": 16.333333333333336, "height": 46.333333333333336,"chars": ["\u101e"]},
{"type": "bitmap","file": "minecraft:font/area/police.png","ascent": 15.333333333333336, "height": 46.333333333333336,"chars": ["\u101f"]},
{"type": "bitmap","file": "minecraft:font/area/police.png","ascent": 14.333333333333336, "height": 46.333333333333336,"chars": ["\u1020"]},
{"type": "bitmap","file": "minecraft:font/area/police.png","ascent": 13.333333333333336, "height": 46.333333333333336,"chars": ["\u1021"]},
{"type": "bitmap","file": "minecraft:font/area/police.png","ascent": 12.333333333333336, "height": 46.333333333333336,"chars": ["\u1022"]},
{"type": "bitmap","file": "minecraft:font/area/police.png","ascent": 11.333333333333336, "height": 46.333333333333336,"chars": ["\u1023"]},
{"type": "bitmap","file": "minecraft:font/area/police.png","ascent": 10.333333333333336, "height": 46.333333333333336,"chars": ["\u1024"]},
{"type": "bitmap","file": "minecraft:font/area/police.png","ascent": 9.333333333333336, "height": 46.333333333333336,"chars": ["\u1025"]},
{"type": "bitmap","file": "minecraft:font/area/police.png","ascent": 8.333333333333336, "height": 46.333333333333336,"chars": ["\u1026"]},
{"type": "bitmap","file": "minecraft:font/area/police.png","ascent": 7.333333333333336, "height": 46.333333333333336,"chars": ["\u1027"]},
{"type": "bitmap","file": "minecraft:font/area/police.png","ascent": 6.333333333333336, "height": 46.333333333333336,"chars": ["\u1028"]},
{"type": "bitmap","file": "minecraft:font/area/police.png","ascent": 5.333333333333336, "height": 46.333333333333336,"chars": ["\u1029"]},
{"type": "bitmap","file": "minecraft:font/area/police.png","ascent": 4.333333333333336, "height": 46.333333333333336,"chars": ["\u102a"]},
{"type": "bitmap","file": "minecraft:font/area/police.png","ascent": 3.3333333333333357, "height": 46.333333333333336,"chars": ["\u102b"]},
{"type": "bitmap","file": "minecraft:font/area/police.png","ascent": 2.3333333333333357, "height": 46.333333333333336,"chars": ["\u102c"]},
{"type": "bitmap","file": "minecraft:font/area/police.png","ascent": 1.3333333333333357, "height": 46.333333333333336,"chars": ["\u102d"]},
{"type": "bitmap","file": "minecraft:font/area/police.png","ascent": 0.3333333333333357, "height": 46.333333333333336,"chars": ["\u102e"]},
{"type": "bitmap","file": "minecraft:font/area/police.png","ascent": -0.6666666666666643, "height": 46.333333333333336,"chars": ["\u102f"]},
{"type": "bitmap","file": "minecraft:font/area/police.png","ascent": -1.6666666666666643, "height": 46.333333333333336,"chars": ["\u1030"]},
{"type": "bitmap","file": "minecraft:font/area/police.png","ascent": -2.6666666666666643, "height": 46.333333333333336,"chars": ["\u1031"]},
{"type": "bitmap","file": "minecraft:font/area/police.png","ascent": -3.6666666666666643, "height": 46.333333333333336,"chars": ["\u1032"]},
{"type": "bitmap","file": "minecraft:font/area/police.png","ascent": -4.666666666666664, "height": 46.333333333333336,"chars": ["\u1033"]},
{"type": "bitmap","file": "minecraft:font/area/police.png","ascent": -5.666666666666664, "height": 46.333333333333336,"chars": ["\u1034"]},
{"type": "bitmap","file": "minecraft:font/area/police.png","ascent": -6.666666666666664, "height": 46.333333333333336,"chars": ["\u1035"]},
{"type": "bitmap","file": "minecraft:font/area/police.png","ascent": -7.666666666666664, "height": 46.333333333333336,"chars": ["\u1036"]},
{"type": "bitmap","file": "minecraft:font/area/police.png","ascent": -8.666666666666664, "height": 46.333333333333336,"chars": ["\u1037"]},
{"type": "bitmap","file": "minecraft:font/area/police.png","ascent": -9.666666666666664, "height": 46.333333333333336,"chars": ["\u1038"]},
{"type": "bitmap","file": "minecraft:font/area/police.png","ascent": -10.666666666666664, "height": 46.333333333333336,"chars": ["\u1039"]},
{"type": "bitmap","file": "minecraft:font/area/police.png","ascent": -11.666666666666664, "height": 46.333333333333336,"chars": ["\u103a"]},
{"type": "bitmap","file": "minecraft:font/area/police.png","ascent": -12.666666666666664, "height": 46.333333333333336,"chars": ["\u103b"]},
{"type": "bitmap","file": "minecraft:font/area/police.png","ascent": -13.666666666666664, "height": 46.333333333333336,"chars": ["\u103c"]},
{"type": "bitmap","file": "minecraft:font/area/police.png","ascent": -14.666666666666664, "height": 46.333333333333336,"chars": ["\u103d"]},
{"type": "bitmap","file": "minecraft:font/area/police.png","ascent": -15.666666666666664, "height": 46.333333333333336,"chars": ["\u103e"]},
{"type": "bitmap","file": "minecraft:font/area/police.png","ascent": -16.666666666666664, "height": 46.333333333333336,"chars": ["\u103f"]},
{"type": "bitmap","file": "minecraft:font/area/police.png","ascent": -17.666666666666664, "height": 46.333333333333336,"chars": ["\u1040"]},
{"type": "bitmap","file": "minecraft:font/area/police.png","ascent": -18.666666666666664, "height": 46.333333333333336,"chars": ["\u1041"]},
{"type": "bitmap","file": "minecraft:font/area/police.png","ascent": -19.666666666666664, "height": 46.333333333333336,"chars": ["\u1042"]},
{"type": "bitmap","file": "minecraft:font/area/police.png","ascent": -20.666666666666664, "height": 46.333333333333336,"chars": ["\u1043"]},
{"type": "bitmap","file": "minecraft:font/area/police.png","ascent": -21.666666666666664, "height": 46.333333333333336,"chars": ["\u1044"]},
{"type": "bitmap","file": "minecraft:font/area/police.png","ascent": -22.666666666666664, "height": 46.333333333333336,"chars": ["\u1045"]},
{"type": "bitmap","file": "minecraft:font/area/police.png","ascent": -23.666666666666664, "height": 46.333333333333336,"chars": ["\u1046"]},
{"type": "bitmap","file": "minecraft:font/area/police.png","ascent": -24.666666666666664, "height": 46.333333333333336,"chars": ["\u1047"]},
{"type": "bitmap","file": "minecraft:font/area/police.png","ascent": -25.666666666666664, "height": 46.333333333333336,"chars": ["\u1048"]},
{"type": "bitmap","file": "minecraft:font/area/police.png","ascent": -26.666666666666664, "height": 46.333333333333336,"chars": ["\u1049"]},
{"type": "bitmap","file": "minecraft:font/area/police.png","ascent": -27.666666666666664, "height": 46.333333333333336,"chars": ["\u104a"]},
{"type": "bitmap","file": "minecraft:font/area/police.png","ascent": -28.666666666666664, "height": 46.333333333333336,"chars": ["\u104b"]},
{"type": "bitmap","file": "minecraft:font/area/police.png","ascent": -29.666666666666664, "height": 46.333333333333336,"chars": ["\u104c"]},
{"type": "bitmap","file": "minecraft:font/area/police.png","ascent": -30.666666666666664, "height": 46.333333333333336,"chars": ["\u104d"]},
{"type": "bitmap","file": "minecraft:font/area/police.png","ascent": -31.666666666666664, "height": 46.333333333333336,"chars": ["\u104e"]},
{"type": "bitmap","file": "minecraft:font/area/police.png","ascent": -32.666666666666664, "height": 46.333333333333336,"chars": ["\u104f"]},
{"type": "bitmap","file": "minecraft:font/area/police.png","ascent": -33.666666666666664, "height": 46.333333333333336,"chars": ["\u1050"]},
{"type": "bitmap","file": "minecraft:font/area/police.png","ascent": -34.666666666666664, "height": 46.333333333333336,"chars": ["\u1051"]},
{"type": "bitmap","file": "minecraft:font/area/police.png","ascent": -35.666666666666664, "height": 46.333333333333336,"chars": ["\u1052"]},
{"type": "bitmap","file": "minecraft:font/area/police.png","ascent": -36.666666666666664, "height": 46.333333333333336,"chars": ["\u1053"]},
{"type": "bitmap","file": "minecraft:font/area/police.png","ascent": -37.666666666666664, "height": 46.333333333333336,"chars": ["\u1054"]},
{"type": "bitmap","file": "minecraft:font/area/police.png","ascent": -38.666666666666664, "height": 46.333333333333336,"chars": ["\u1055"]},
{"type": "bitmap","file": "minecraft:font/area/police.png","ascent": -39.666666666666664, "height": 46.333333333333336,"chars": ["\u1056"]},
{"type": "bitmap","file": "minecraft:font/area/police.png","ascent": -40.666666666666664, "height": 46.333333333333336,"chars": ["\u1057"]},
{"type": "bitmap","file": "minecraft:font/area/police.png","ascent": -41.666666666666664, "height": 46.333333333333336,"chars": ["\u1058"]},
{"type": "bitmap","file": "minecraft:font/area/police.png","ascent": -42.666666666666664, "height": 46.333333333333336,"chars": ["\u1059"]},
{"type": "bitmap","file": "minecraft:font/area/police.png","ascent": -43.666666666666664, "height": 46.333333333333336,"chars": ["\u105a"]},
{"type": "bitmap","file": "minecraft:font/area/police.png","ascent": -44.666666666666664, "height": 46.333333333333336,"chars": ["\u105b"]},
{"type": "bitmap","file": "minecraft:font/area/police.png","ascent": -45.666666666666664, "height": 46.333333333333336,"chars": ["\u105c"]},
{"type": "bitmap","file": "minecraft:font/area/police.png","ascent": -46.666666666666664, "height": 46.333333333333336,"chars": ["\u105d"]},
{"type": "bitmap","file": "minecraft:font/area/police.png","ascent": -47.666666666666664, "height": 46.333333333333336,"chars": ["\u105e"]},
{"type": "bitmap","file": "minecraft:font/area/police.png","ascent": -48.666666666666664, "height": 46.333333333333336,"chars": ["\u105f"]},
{"type": "bitmap","file": "minecraft:font/area/police.png","ascent": -49.666666666666664, "height": 46.333333333333336,"chars": ["\u1060"]},
{"type": "bitmap","file": "minecraft:font/area/police.png","ascent": -50.666666666666664, "height": 46.333333333333336,"chars": ["\u1061"]},
{"type": "bitmap","file": "minecraft:font/area/police.png","ascent": -51.666666666666664, "height": 46.333333333333336,"chars": ["\u1062"]},
{"type": "bitmap","file": "minecraft:font/area/police.png","ascent": -52.666666666666664, "height": 46.333333333333336,"chars": ["\u1063"]},
{"type": "bitmap","file": "minecraft:font/area/police.png","ascent": -53.666666666666664, "height": 46.333333333333336,"chars": ["\u1064"]},
{"type": "bitmap","file": "minecraft:font/area/police.png","ascent": -54.666666666666664, "height": 46.333333333333336,"chars": ["\u1065"]},
{"type": "bitmap","file": "minecraft:font/area/police.png","ascent": -55.666666666666664, "height": 46.333333333333336,"chars": ["\u1066"]},
{"type": "bitmap","file": "minecraft:font/area/police.png","ascent": -56.666666666666664, "height": 46.333333333333336,"chars": ["\u1067"]},
{"type": "bitmap","file": "minecraft:font/area/police.png","ascent": -57.666666666666664, "height": 46.333333333333336,"chars": ["\u1068"]},
{"type": "bitmap","file": "minecraft:font/area/police.png","ascent": -58.666666666666664, "height": 46.333333333333336,"chars": ["\u1069"]},
{"type": "bitmap","file": "minecraft:font/area/police.png","ascent": -59.666666666666664, "height": 46.333333333333336,"chars": ["\u106a"]},
{"type": "bitmap","file": "minecraft:font/area/police.png","ascent": -60.666666666666664, "height": 46.333333333333336,"chars": ["\u106b"]},
{"type": "bitmap","file": "minecraft:font/area/police.png","ascent": -61.666666666666664, "height": 46.333333333333336,"chars": ["\u106c"]},
{"type": "bitmap","file": "minecraft:font/area/police.png","ascent": -62.666666666666664, "height": 46.333333333333336,"chars": ["\u106d"]},
{"type": "bitmap","file": "minecraft:font/area/police.png","ascent": -63.666666666666664, "height": 46.333333333333336,"chars": ["\u106e"]},
{"type": "bitmap","file": "minecraft:font/area/police.png","ascent": -64.66666666666666, "height": 46.333333333333336,"chars": ["\u106f"]},
{"type": "bitmap","file": "minecraft:font/area/police.png","ascent": -65.66666666666666, "height": 46.333333333333336,"chars": ["\u1070"]},
{"type": "bitmap","file": "minecraft:font/area/police.png","ascent": -66.66666666666666, "height": 46.333333333333336,"chars": ["\u1071"]},
{"type": "bitmap","file": "minecraft:font/area/police.png","ascent": -67.66666666666666, "height": 46.333333333333336,"chars": ["\u1072"]},
{"type": "bitmap","file": "minecraft:font/area/police.png","ascent": -68.66666666666666, "height": 46.333333333333336,"chars": ["\u1073"]},
{"type": "bitmap","file": "minecraft:font/area/police.png","ascent": -69.66666666666666, "height": 46.333333333333336,"chars": ["\u1074"]},
{"type": "bitmap","file": "minecraft:font/area/police.png","ascent": -70.66666666666666, "height": 46.333333333333336,"chars": ["\u1075"]},
{"type": "bitmap","file": "minecraft:font/area/police.png","ascent": -71.66666666666666, "height": 46.333333333333336,"chars": ["\u1076"]},
{"type": "bitmap","file": "minecraft:font/area/police.png","ascent": -72.66666666666666, "height": 46.333333333333336,"chars": ["\u1077"]},
{"type": "bitmap","file": "minecraft:font/area/police.png","ascent": -73.66666666666666, "height": 46.333333333333336,"chars": ["\u1078"]},
{"type": "bitmap","file": "minecraft:font/area/police.png","ascent": -74.66666666666666, "height": 46.333333333333336,"chars": ["\u1079"]},
{"type": "bitmap","file": "minecraft:font/area/police.png","ascent": -75.66666666666666, "height": 46.333333333333336,"chars": ["\u107a"]},
{"type": "bitmap","file": "minecraft:font/area/police.png","ascent": -76.66666666666666, "height": 46.333333333333336,"chars": ["\u107b"]},
{"type": "bitmap","file": "minecraft:font/area/police.png","ascent": -77.66666666666666, "height": 46.333333333333336,"chars": ["\u107c"]},
{"type": "bitmap","file": "minecraft:font/area/police.png","ascent": -78.66666666666666, "height": 46.333333333333336,"chars": ["\u107d"]},
{"type": "bitmap","file": "minecraft:font/area/police.png","ascent": -79.66666666666666, "height": 46.333333333333336,"chars": ["\u107e"]},
{"type": "bitmap","file": "minecraft:font/area/police.png","ascent": -80.66666666666666, "height": 46.333333333333336,"chars": ["\u107f"]},
{"type": "bitmap","file": "minecraft:font/area/police.png","ascent": -81.66666666666666, "height": 46.333333333333336,"chars": ["\u1080"]},
{"type": "bitmap","file": "minecraft:font/area/police.png","ascent": -82.66666666666666, "height": 46.333333333333336,"chars": ["\u1081"]},
{"type": "bitmap","file": "minecraft:font/area/police.png","ascent": -83.66666666666666, "height": 46.333333333333336,"chars": ["\u1082"]},
{"type": "bitmap","file": "minecraft:font/area/police.png","ascent": -84.66666666666666, "height": 46.333333333333336,"chars": ["\u1083"]},
{"type": "bitmap","file": "minecraft:font/area/police.png","ascent": -85.66666666666666, "height": 46.333333333333336,"chars": ["\u1084"]},
{"type": "bitmap","file": "minecraft:font/area/police.png","ascent": -86.66666666666666, "height": 46.333333333333336,"chars": ["\u1085"]},
{"type": "bitmap","file": "minecraft:font/area/police.png","ascent": -87.66666666666666, "height": 46.333333333333336,"chars": ["\u1086"]},
{"type": "bitmap","file": "minecraft:font/area/police.png","ascent": -88.66666666666666, "height": 46.333333333333336,"chars": ["\u1087"]},
{"type": "bitmap","file": "minecraft:font/area/police.png","ascent": -89.66666666666666, "height": 46.333333333333336,"chars": ["\u1088"]},
{"type": "bitmap","file": "minecraft:font/area/police.png","ascent": -90.66666666666666, "height": 46.333333333333336,"chars": ["\u1089"]},
{"type": "bitmap","file": "minecraft:font/area/police.png","ascent": -91.66666666666666, "height": 46.333333333333336,"chars": ["\u108a"]},
{"type": "bitmap","file": "minecraft:font/area/police.png","ascent": -92.66666666666666, "height": 46.333333333333336,"chars": ["\u108b"]},
{"type": "bitmap","file": "minecraft:font/area/police.png","ascent": -93.66666666666666, "height": 46.333333333333336,"chars": ["\u108c"]},
{"type": "bitmap","file": "minecraft:font/area/police.png","ascent": -94.66666666666666, "height": 46.333333333333336,"chars": ["\u108d"]},
{"type": "bitmap","file": "minecraft:font/area/police.png","ascent": -95.66666666666666, "height": 46.333333333333336,"chars": ["\u108e"]},
{"type": "bitmap","file": "minecraft:font/area/police.png","ascent": -96.66666666666666, "height": 46.333333333333336,"chars": ["\u108f"]},
{"type": "bitmap","file": "minecraft:font/area/police.png","ascent": -97.66666666666666, "height": 46.333333333333336,"chars": ["\u1090"]},
{"type": "bitmap","file": "minecraft:font/area/police.png","ascent": -98.66666666666666, "height": 46.333333333333336,"chars": ["\u1091"]},
{"type": "bitmap","file": "minecraft:font/area/police.png","ascent": -99.66666666666666, "height": 46.333333333333336,"chars": ["\u1092"]},
{"type": "bitmap","file": "minecraft:font/area/police.png","ascent": -100.66666666666666, "height": 46.333333333333336,"chars": ["\u1093"]},
{"type": "bitmap","file": "minecraft:font/area/police.png","ascent": -101.66666666666666, "height": 46.333333333333336,"chars": ["\u1094"]},
{"type": "bitmap","file": "minecraft:font/area/police.png","ascent": -102.66666666666666, "height": 46.333333333333336,"chars": ["\u1095"]},
{"type": "bitmap","file": "minecraft:font/area/police.png","ascent": -103.66666666666666, "height": 46.333333333333336,"chars": ["\u1096"]},
{"type": "bitmap","file": "minecraft:font/area/police.png","ascent": -104.66666666666666, "height": 46.333333333333336,"chars": ["\u1097"]},
{"type": "bitmap","file": "minecraft:font/area/police.png","ascent": -105.66666666666666, "height": 46.333333333333336,"chars": ["\u1098"]},
{"type": "bitmap","file": "minecraft:font/area/police.png","ascent": -106.66666666666666, "height": 46.333333333333336,"chars": ["\u1099"]},
{"type": "bitmap","file": "minecraft:font/area/police.png","ascent": -107.66666666666666, "height": 46.333333333333336,"chars": ["\u109a"]},
{"type": "bitmap","file": "minecraft:font/area/police.png","ascent": -108.66666666666666, "height": 46.333333333333336,"chars": ["\u109b"]},
{"type": "bitmap","file": "minecraft:font/area/police.png","ascent": -109.66666666666666, "height": 46.333333333333336,"chars": ["\u109c"]},
{"type": "bitmap","file": "minecraft:font/area/police.png","ascent": -110.66666666666666, "height": 46.333333333333336,"chars": ["\u109d"]},
{"type": "bitmap","file": "minecraft:font/area/police.png","ascent": -111.66666666666666, "height": 46.333333333333336,"chars": ["\u109e"]},
{"type": "bitmap","file": "minecraft:font/area/police.png","ascent": -112.66666666666666, "height": 46.333333333333336,"chars": ["\u109f"]},
{"type": "bitmap","file": "minecraft:font/area/police.png","ascent": -113.66666666666666, "height": 46.333333333333336,"chars": ["\u10a0"]},
{"type": "bitmap","file": "minecraft:font/area/police.png","ascent": -114.66666666666666, "height": 46.333333333333336,"chars": ["\u10a1"]},
{"type": "bitmap","file": "minecraft:font/area/police.png","ascent": -115.66666666666666, "height": 46.333333333333336,"chars": ["\u10a2"]},
{"type": "bitmap","file": "minecraft:font/area/police.png","ascent": -116.66666666666666, "height": 46.333333333333336,"chars": ["\u10a3"]},
{"type": "bitmap","file": "minecraft:font/area/police.png","ascent": -117.66666666666666, "height": 46.333333333333336,"chars": ["\u10a4"]},
{"type": "bitmap","file": "minecraft:font/area/police.png","ascent": -118.66666666666666, "height": 46.333333333333336,"chars": ["\u10a5"]},
{"type": "bitmap","file": "minecraft:font/area/police.png","ascent": -119.66666666666666, "height": 46.333333333333336,"chars": ["\u10a6"]},
{"type": "bitmap","file": "minecraft:font/area/police.png","ascent": -120.66666666666666, "height": 46.333333333333336,"chars": ["\u10a7"]},
{"type": "bitmap","file": "minecraft:font/area/police.png","ascent": -121.66666666666666, "height": 46.333333333333336,"chars": ["\u10a8"]},
{"type": "bitmap","file": "minecraft:font/area/police.png","ascent": -122.66666666666666, "height": 46.333333333333336,"chars": ["\u10a9"]},
{"type": "bitmap","file": "minecraft:font/area/police.png","ascent": -123.66666666666666, "height": 46.333333333333336,"chars": ["\u10aa"]},
{"type": "bitmap","file": "minecraft:font/area/police.png","ascent": -124.66666666666666, "height": 46.333333333333336,"chars": ["\u10ab"]},
{"type": "bitmap","file": "minecraft:font/area/police.png","ascent": -125.66666666666666, "height": 46.333333333333336,"chars": ["\u10ac"]},
{"type": "bitmap","file": "minecraft:font/area/police.png","ascent": -126.66666666666666, "height": 46.333333333333336,"chars": ["\u10ad"]},
{"type": "bitmap","file": "minecraft:font/area/police.png","ascent": -127.66666666666666, "height": 46.333333333333336,"chars": ["\u10ae"]},
{"type": "bitmap","file": "minecraft:font/area/police.png","ascent": -128.66666666666666, "height": 46.333333333333336,"chars": ["\u10af"]},
{"type": "bitmap","file": "minecraft:font/area/police.png","ascent": -129.66666666666666, "height": 46.333333333333336,"chars": ["\u10b0"]},
{"type": "bitmap","file": "minecraft:font/area/police.png","ascent": -130.66666666666666, "height": 46.333333333333336,"chars": ["\u10b1"]},
{"type": "bitmap","file": "minecraft:font/area/police.png","ascent": -131.66666666666666, "height": 46.333333333333336,"chars": ["\u10b2"]},
{"type": "bitmap","file": "minecraft:font/area/police.png","ascent": -132.66666666666666, "height": 46.333333333333336,"chars": ["\u10b3"]},
{"type": "bitmap","file": "minecraft:font/area/police.png","ascent": -133.66666666666666, "height": 46.333333333333336,"chars": ["\u10b4"]},
{"type": "bitmap","file": "minecraft:font/area/police.png","ascent": -134.66666666666666, "height": 46.333333333333336,"chars": ["\u10b5"]},
{"type": "bitmap","file": "minecraft:font/area/police.png","ascent": -135.66666666666666, "height": 46.333333333333336,"chars": ["\u10b6"]},
{"type": "bitmap","file": "minecraft:font/area/police.png","ascent": -136.66666666666666, "height": 46.333333333333336,"chars": ["\u10b7"]},
{"type": "bitmap","file": "minecraft:font/area/police.png","ascent": -137.66666666666666, "height": 46.333333333333336,"chars": ["\u10b8"]},
{"type": "bitmap","file": "minecraft:font/area/police.png","ascent": -138.66666666666666, "height": 46.333333333333336,"chars": ["\u10b9"]},
{"type": "bitmap","file": "minecraft:font/area/police.png","ascent": -139.66666666666666, "height": 46.333333333333336,"chars": ["\u10ba"]},
{"type": "bitmap","file": "minecraft:font/area/police.png","ascent": -140.66666666666666, "height": 46.333333333333336,"chars": ["\u10bb"]},
{"type": "bitmap","file": "minecraft:font/area/police.png","ascent": -141.66666666666666, "height": 46.333333333333336,"chars": ["\u10bc"]},
{"type": "bitmap","file": "minecraft:font/area/police.png","ascent": -142.66666666666666, "height": 46.333333333333336,"chars": ["\u10bd"]},
{"type": "bitmap","file": "minecraft:font/area/police.png","ascent": -143.66666666666666, "height": 46.333333333333336,"chars": ["\u10be"]},
{"type": "bitmap","file": "minecraft:font/area/police.png","ascent": -144.66666666666666, "height": 46.333333333333336,"chars": ["\u10bf"]},
{"type": "bitmap","file": "minecraft:font/area/police.png","ascent": -145.66666666666666, "height": 46.333333333333336,"chars": ["\u10c0"]},
{"type": "bitmap","file": "minecraft:font/area/police.png","ascent": -146.66666666666666, "height": 46.333333333333336,"chars": ["\u10c1"]},
{"type": "bitmap","file": "minecraft:font/area/police.png","ascent": -147.66666666666666, "height": 46.333333333333336,"chars": ["\u10c2"]},
{"type": "bitmap","file": "minecraft:font/area/police.png","ascent": -148.66666666666666, "height": 46.333333333333336,"chars": ["\u10c3"]},
{"type": "bitmap","file": "minecraft:font/area/police.png","ascent": -149.66666666666666, "height": 46.333333333333336,"chars": ["\u10c4"]},
{"type": "bitmap","file": "minecraft:font/area/police.png","ascent": -150.66666666666666, "height": 46.333333333333336,"chars": ["\u10c5"]},
{"type": "bitmap","file": "minecraft:font/area/police.png","ascent": -151.66666666666666, "height": 46.333333333333336,"chars": ["\u10c6"]},
{"type": "bitmap","file": "minecraft:font/area/police.png","ascent": -152.66666666666666, "height": 46.333333333333336,"chars": ["\u10c7"]},
{"type": "bitmap","file": "minecraft:font/area/police.png","ascent": -153.66666666666666, "height": 46.333333333333336,"chars": ["\u10c8"]},
{"type": "bitmap","file": "minecraft:font/area/police.png","ascent": -154.66666666666666, "height": 46.333333333333336,"chars": ["\u10c9"]},
{"type": "bitmap","file": "minecraft:font/area/police.png","ascent": -155.66666666666666, "height": 46.333333333333336,"chars": ["\u10ca"]},
{"type": "bitmap","file": "minecraft:font/area/police.png","ascent": -156.66666666666666, "height": 46.333333333333336,"chars": ["\u10cb"]},
{"type": "bitmap","file": "minecraft:font/area/police.png","ascent": -157.66666666666666, "height": 46.333333333333336,"chars": ["\u10cc"]},
{"type": "bitmap","file": "minecraft:font/area/police.png","ascent": -158.66666666666666, "height": 46.333333333333336,"chars": ["\u10cd"]},
{"type": "bitmap","file": "minecraft:font/area/police.png","ascent": -159.66666666666666, "height": 46.333333333333336,"chars": ["\u10ce"]},
{"type": "bitmap","file": "minecraft:font/area/police.png","ascent": -160.66666666666666, "height": 46.333333333333336,"chars": ["\u10cf"]},
{"type": "bitmap","file": "minecraft:font/area/police.png","ascent": -161.66666666666666, "height": 46.333333333333336,"chars": ["\u10d0"]},
{"type": "bitmap","file": "minecraft:font/area/police.png","ascent": -162.66666666666666, "height": 46.333333333333336,"chars": ["\u10d1"]},
{"type": "bitmap","file": "minecraft:font/area/police.png","ascent": -163.66666666666666, "height": 46.333333333333336,"chars": ["\u10d2"]},
{"type": "bitmap","file": "minecraft:font/area/police.png","ascent": -164.66666666666666, "height": 46.333333333333336,"chars": ["\u10d3"]},
{"type": "bitmap","file": "minecraft:font/area/police.png","ascent": -165.66666666666666, "height": 46.333333333333336,"chars": ["\u10d4"]},
{"type": "bitmap","file": "minecraft:font/area/police.png","ascent": -166.66666666666666, "height": 46.333333333333336,"chars": ["\u10d5"]},
{"type": "bitmap","file": "minecraft:font/area/police.png","ascent": -167.66666666666666, "height": 46.333333333333336,"chars": ["\u10d6"]},
{"type": "bitmap","file": "minecraft:font/area/police.png","ascent": -168.66666666666666, "height": 46.333333333333336,"chars": ["\u10d7"]},
{"type": "bitmap","file": "minecraft:font/area/police.png","ascent": -169.66666666666666, "height": 46.333333333333336,"chars": ["\u10d8"]},
{"type": "bitmap","file": "minecraft:font/area/police.png","ascent": -170.66666666666666, "height": 46.333333333333336,"chars": ["\u10d9"]},
{"type": "bitmap","file": "minecraft:font/area/police.png","ascent": -171.66666666666666, "height": 46.333333333333336,"chars": ["\u10da"]},
{"type": "bitmap","file": "minecraft:font/area/police.png","ascent": -172.66666666666666, "height": 46.333333333333336,"chars": ["\u10db"]},
{"type": "bitmap","file": "minecraft:font/area/police.png","ascent": -173.66666666666666, "height": 46.333333333333336,"chars": ["\u10dc"]},
{"type": "bitmap","file": "minecraft:font/area/police.png","ascent": -174.66666666666666, "height": 46.333333333333336,"chars": ["\u10dd"]},
{"type": "bitmap","file": "minecraft:font/area/police.png","ascent": -175.66666666666666, "height": 46.333333333333336,"chars": ["\u10de"]},
{"type": "bitmap","file": "minecraft:font/area/police.png","ascent": -176.66666666666666, "height": 46.333333333333336,"chars": ["\u10df"]},
{"type": "bitmap","file": "minecraft:font/area/police.png","ascent": -177.66666666666666, "height": 46.333333333333336,"chars": ["\u10e0"]},
{"type": "bitmap","file": "minecraft:font/area/police.png","ascent": -178.66666666666666, "height": 46.333333333333336,"chars": ["\u10e1"]},
{"type": "bitmap","file": "minecraft:font/area/police.png","ascent": -179.66666666666666, "height": 46.333333333333336,"chars": ["\u10e2"]},
{"type": "bitmap","file": "minecraft:font/area/police.png","ascent": -180.66666666666666, "height": 46.333333333333336,"chars": ["\u10e3"]},
{"type": "bitmap","file": "minecraft:font/area/police.png","ascent": -181.66666666666666, "height": 46.333333333333336,"chars": ["\u10e4"]},
{"type": "bitmap","file": "minecraft:font/area/police.png","ascent": -182.66666666666666, "height": 46.333333333333336,"chars": ["\u10e5"]},
{"type": "bitmap","file": "minecraft:font/area/police.png","ascent": -183.66666666666666, "height": 46.333333333333336,"chars": ["\u10e6"]},
{"type": "bitmap","file": "minecraft:font/area/police.png","ascent": -184.66666666666666, "height": 46.333333333333336,"chars": ["\u10e7"]},
{"type": "bitmap","file": "minecraft:font/area/police.png","ascent": -185.66666666666666, "height": 46.333333333333336,"chars": ["\u10e8"]},
{"type": "bitmap","file": "minecraft:font/area/police.png","ascent": -186.66666666666666, "height": 46.333333333333336,"chars": ["\u10e9"]},
{"type": "bitmap","file": "minecraft:font/area/police.png","ascent": -187.66666666666666, "height": 46.333333333333336,"chars": ["\u10ea"]},
{"type": "bitmap","file": "minecraft:font/area/police.png","ascent": -188.66666666666666, "height": 46.333333333333336,"chars": ["\u10eb"]},
{"type": "bitmap","file": "minecraft:font/area/police.png","ascent": -189.66666666666666, "height": 46.333333333333336,"chars": ["\u10ec"]},
{"type": "bitmap","file": "minecraft:font/area/police.png","ascent": -190.66666666666666, "height": 46.333333333333336,"chars": ["\u10ed"]},
{"type": "bitmap","file": "minecraft:font/area/police.png","ascent": -191.66666666666666, "height": 46.333333333333336,"chars": ["\u10ee"]},
{"type": "bitmap","file": "minecraft:font/area/police.png","ascent": -192.66666666666666, "height": 46.333333333333336,"chars": ["\u10ef"]},
{"type": "bitmap","file": "minecraft:font/area/police.png","ascent": -193.66666666666666, "height": 46.333333333333336,"chars": ["\u10f0"]},
{"type": "bitmap","file": "minecraft:font/area/police.png","ascent": -194.66666666666666, "height": 46.333333333333336,"chars": ["\u10f1"]},
{"type": "bitmap","file": "minecraft:font/area/police.png","ascent": -195.66666666666666, "height": 46.333333333333336,"chars": ["\u10f2"]},
{"type": "bitmap","file": "minecraft:font/area/police.png","ascent": -196.66666666666666, "height": 46.333333333333336,"chars": ["\u10f3"]},
{"type": "bitmap","file": "minecraft:font/area/police.png","ascent": -197.66666666666666, "height": 46.333333333333336,"chars": ["\u10f4"]},
{"type": "bitmap","file": "minecraft:font/area/police.png","ascent": -198.66666666666666, "height": 46.333333333333336,"chars": ["\u10f5"]},
{"type": "bitmap","file": "minecraft:font/area/police.png","ascent": -199.66666666666666, "height": 46.333333333333336,"chars": ["\u10f6"]},
{"type": "bitmap","file": "minecraft:font/area/police.png","ascent": -200.66666666666666, "height": 46.333333333333336,"chars": ["\u10f7"]},
{"type": "bitmap","file": "minecraft:font/area/police.png","ascent": -201.66666666666666, "height": 46.333333333333336,"chars": ["\u10f8"]},
{"type": "bitmap","file": "minecraft:font/area/police.png","ascent": -202.66666666666666, "height": 46.333333333333336,"chars": ["\u10f9"]},
{"type": "bitmap","file": "minecraft:font/area/police.png","ascent": -203.66666666666666, "height": 46.333333333333336,"chars": ["\u10fa"]},
{"type": "bitmap","file": "minecraft:font/area/police.png","ascent": -204.66666666666666, "height": 46.333333333333336,"chars": ["\u10fb"]},
{"type": "bitmap","file": "minecraft:font/area/police.png","ascent": -205.66666666666666, "height": 46.333333333333336,"chars": ["\u10fc"]},
{"type": "bitmap","file": "minecraft:font/area/police.png","ascent": -206.66666666666666, "height": 46.333333333333336,"chars": ["\u10fd"]},
{"type": "bitmap","file": "minecraft:font/area/police.png","ascent": -207.66666666666666, "height": 46.333333333333336,"chars": ["\u10fe"]},
{"type": "bitmap","file": "minecraft:font/area/police.png","ascent": -208.66666666666666, "height": 46.333333333333336,"chars": ["\u10ff"]},
{"type": "bitmap","file": "minecraft:font/area/police.png","ascent": -209.66666666666666, "height": 46.333333333333336,"chars": ["\u1100"]},
{"type": "bitmap","file": "minecraft:font/area/police.png","ascent": -210.66666666666666, "height": 46.333333333333336,"chars": ["\u1101"]},
{"type": "bitmap","file": "minecraft:font/area/police.png","ascent": -211.66666666666666, "height": 46.333333333333336,"chars": ["\u1102"]},
{"type": "bitmap","file": "minecraft:font/area/police.png","ascent": -212.66666666666666, "height": 46.333333333333336,"chars": ["\u1103"]},
{"type": "bitmap","file": "minecraft:font/area/police.png","ascent": -213.66666666666666, "height": 46.333333333333336,"chars": ["\u1104"]},
{"type": "bitmap","file": "minecraft:font/area/police.png","ascent": -214.66666666666666, "height": 46.333333333333336,"chars": ["\u1105"]},
{"type": "bitmap","file": "minecraft:font/area/police.png","ascent": -215.66666666666666, "height": 46.333333333333336,"chars": ["\u1106"]},
{"type": "bitmap","file": "minecraft:font/area/police.png","ascent": -216.66666666666666, "height": 46.333333333333336,"chars": ["\u1107"]},
{"type": "bitmap","file": "minecraft:font/area/police.png","ascent": -217.66666666666666, "height": 46.333333333333336,"chars": ["\u1108"]},
{"type": "bitmap","file": "minecraft:font/area/police.png","ascent": -218.66666666666666, "height": 46.333333333333336,"chars": ["\u1109"]},
{"type": "bitmap","file": "minecraft:font/area/police.png","ascent": -219.66666666666666, "height": 46.333333333333336,"chars": ["\u110a"]},
{"type": "bitmap","file": "minecraft:font/area/police.png","ascent": -220.66666666666666, "height": 46.333333333333336,"chars": ["\u110b"]},
{"type": "bitmap","file": "minecraft:font/area/police.png","ascent": -221.66666666666666, "height": 46.333333333333336,"chars": ["\u110c"]},
{"type": "bitmap","file": "minecraft:font/area/police.png","ascent": -222.66666666666666, "height": 46.333333333333336,"chars": ["\u110d"]},
{"type": "bitmap","file": "minecraft:font/area/police.png","ascent": -223.66666666666666, "height": 46.333333333333336,"chars": ["\u110e"]},
{"type": "bitmap","file": "minecraft:font/area/police.png","ascent": -224.66666666666666, "height": 46.333333333333336,"chars": ["\u110f"]},
{"type": "bitmap","file": "minecraft:font/area/police.png","ascent": -225.66666666666666, "height": 46.333333333333336,"chars": ["\u1110"]},
{"type": "bitmap","file": "minecraft:font/area/police.png","ascent": -226.66666666666666, "height": 46.333333333333336,"chars": ["\u1111"]},
{"type": "bitmap","file": "minecraft:font/area/police.png","ascent": -227.66666666666666, "height": 46.333333333333336,"chars": ["\u1112"]},
{"type": "bitmap","file": "minecraft:font/area/police.png","ascent": -228.66666666666666, "height": 46.333333333333336,"chars": ["\u1113"]},
{"type": "bitmap","file": "minecraft:font/area/police.png","ascent": -229.66666666666666, "height": 46.333333333333336,"chars": ["\u1114"]},
{"type": "bitmap","file": "minecraft:font/area/police.png","ascent": -230.66666666666666, "height": 46.333333333333336,"chars": ["\u1115"]},
{"type": "bitmap","file": "minecraft:font/area/police.png","ascent": -231.66666666666666, "height": 46.333333333333336,"chars": ["\u1116"]},
{"type": "bitmap","file": "minecraft:font/area/police.png","ascent": -232.66666666666666, "height": 46.333333333333336,"chars": ["\u1117"]},
{"type": "bitmap","file": "minecraft:font/area/police.png","ascent": -233.66666666666666, "height": 46.333333333333336,"chars": ["\u1118"]},
{"type": "bitmap","file": "minecraft:font/area/police.png","ascent": -234.66666666666666, "height": 46.333333333333336,"chars": ["\u1119"]},
{"type": "bitmap","file": "minecraft:font/area/police.png","ascent": -235.66666666666666, "height": 46.333333333333336,"chars": ["\u111a"]},
{"type": "bitmap","file": "minecraft:font/area/police.png","ascent": -236.66666666666666, "height": 46.333333333333336,"chars": ["\u111b"]},
{"type": "bitmap","file": "minecraft:font/area/police.png","ascent": -237.66666666666666, "height": 46.333333333333336,"chars": ["\u111c"]},
{"type": "bitmap","file": "minecraft:font/area/police.png","ascent": -238.66666666666666, "height": 46.333333333333336,"chars": ["\u111d"]},
{"type": "bitmap","file": "minecraft:font/area/police.png","ascent": -239.66666666666666, "height": 46.333333333333336,"chars": ["\u111e"]},
{"type": "bitmap","file": "minecraft:font/area/police.png","ascent": -240.66666666666666, "height": 46.333333333333336,"chars": ["\u111f"]},
{"type": "bitmap","file": "minecraft:font/area/police.png","ascent": -241.66666666666666, "height": 46.333333333333336,"chars": ["\u1120"]},
{"type": "bitmap","file": "minecraft:font/area/police.png","ascent": -242.66666666666666, "height": 46.333333333333336,"chars": ["\u1121"]},
{"type": "bitmap","file": "minecraft:font/area/police.png","ascent": -243.66666666666666, "height": 46.333333333333336,"chars": ["\u1122"]},
{"type": "bitmap","file": "minecraft:font/area/police.png","ascent": -244.66666666666666, "height": 46.333333333333336,"chars": ["\u1123"]},
{"type": "bitmap","file": "minecraft:font/area/police.png","ascent": -245.66666666666666, "height": 46.333333333333336,"chars": ["\u1124"]},
{"type": "bitmap","file": "minecraft:font/area/police.png","ascent": -246.66666666666666, "height": 46.333333333333336,"chars": ["\u1125"]},
{"type": "bitmap","file": "minecraft:font/area/police.png","ascent": -247.66666666666666, "height": 46.333333333333336,"chars": ["\u1126"]},
{"type": "bitmap","file": "minecraft:font/area/police.png","ascent": -248.66666666666666, "height": 46.333333333333336,"chars": ["\u1127"]},
{"type": "bitmap","file": "minecraft:font/area/police.png","ascent": -249.66666666666666, "height": 46.333333333333336,"chars": ["\u1128"]},
{"type": "bitmap","file": "minecraft:font/area/police.png","ascent": -250.66666666666666, "height": 46.333333333333336,"chars": ["\u1129"]},
{"type": "bitmap","file": "minecraft:font/area/police.png","ascent": -251.66666666666666, "height": 46.333333333333336,"chars": ["\u112a"]},
{"type": "bitmap","file": "minecraft:font/area/police.png","ascent": -252.66666666666666, "height": 46.333333333333336,"chars": ["\u112b"]},
{"type": "bitmap","file": "minecraft:font/area/police.png","ascent": -253.66666666666666, "height": 46.333333333333336,"chars": ["\u112c"]},
{"type": "bitmap","file": "minecraft:font/area/police.png","ascent": -254.66666666666666, "height": 46.333333333333336,"chars": ["\u112d"]},
{"type": "bitmap","file": "minecraft:font/area/police.png","ascent": -255.66666666666666, "height": 46.333333333333336,"chars": ["\u112e"]},
{"type": "bitmap","file": "minecraft:font/area/police.png","ascent": -256.6666666666667, "height": 46.333333333333336,"chars": ["\u112f"]},
{"type": "bitmap","file": "minecraft:font/area/police.png","ascent": -257.6666666666667, "height": 46.333333333333336,"chars": ["\u1130"]},
{"type": "bitmap","file": "minecraft:font/area/police.png","ascent": -258.6666666666667, "height": 46.333333333333336,"chars": ["\u1131"]},
{"type": "bitmap","file": "minecraft:font/area/police.png","ascent": -259.6666666666667, "height": 46.333333333333336,"chars": ["\u1132"]},
{"type": "bitmap","file": "minecraft:font/area/police.png","ascent": -260.6666666666667, "height": 46.333333333333336,"chars": ["\u1133"]},
{"type": "bitmap","file": "minecraft:font/area/police.png","ascent": -261.6666666666667, "height": 46.333333333333336,"chars": ["\u1134"]},
{"type": "bitmap","file": "minecraft:font/area/police.png","ascent": -262.6666666666667, "height": 46.333333333333336,"chars": ["\u1135"]},
{"type": "bitmap","file": "minecraft:font/area/police.png","ascent": -263.6666666666667, "height": 46.333333333333336,"chars": ["\u1136"]},
{"type": "bitmap","file": "minecraft:font/area/police.png","ascent": -264.6666666666667, "height": 46.333333333333336,"chars": ["\u1137"]},
{"type": "bitmap","file": "minecraft:font/area/police.png","ascent": -265.6666666666667, "height": 46.333333333333336,"chars": ["\u1138"]},
{"type": "bitmap","file": "minecraft:font/area/police.png","ascent": -266.6666666666667, "height": 46.333333333333336,"chars": ["\u1139"]},
{"type": "bitmap","file": "minecraft:font/area/police.png","ascent": -267.6666666666667, "height": 46.333333333333336,"chars": ["\u113a"]},
{"type": "bitmap","file": "minecraft:font/area/police.png","ascent": -268.6666666666667, "height": 46.333333333333336,"chars": ["\u113b"]},
{"type": "bitmap","file": "minecraft:font/area/police.png","ascent": -269.6666666666667, "height": 46.333333333333336,"chars": ["\u113c"]},
{"type": "bitmap","file": "minecraft:font/area/police.png","ascent": -270.6666666666667, "height": 46.333333333333336,"chars": ["\u113d"]},
{"type": "bitmap","file": "minecraft:font/area/police.png","ascent": -271.6666666666667, "height": 46.333333333333336,"chars": ["\u113e"]},
{"type": "bitmap","file": "minecraft:font/area/police.png","ascent": -272.6666666666667, "height": 46.333333333333336,"chars": ["\u113f"]},
{"type": "bitmap","file": "minecraft:font/area/police.png","ascent": -273.6666666666667, "height": 46.333333333333336,"chars": ["\u1140"]},
{"type": "bitmap","file": "minecraft:font/area/police.png","ascent": -274.6666666666667, "height": 46.333333333333336,"chars": ["\u1141"]},
{"type": "bitmap","file": "minecraft:font/area/police.png","ascent": -275.6666666666667, "height": 46.333333333333336,"chars": ["\u1142"]},
{"type": "bitmap","file": "minecraft:font/area/police.png","ascent": -276.6666666666667, "height": 46.333333333333336,"chars": ["\u1143"]},
{"type": "bitmap","file": "minecraft:font/area/police.png","ascent": -277.6666666666667, "height": 46.333333333333336,"chars": ["\u1144"]},
{"type": "bitmap","file": "minecraft:font/area/police.png","ascent": -278.6666666666667, "height": 46.333333333333336,"chars": ["\u1145"]},
{"type": "bitmap","file": "minecraft:font/area/police.png","ascent": -279.6666666666667, "height": 46.333333333333336,"chars": ["\u1146"]},
{"type": "bitmap","file": "minecraft:font/area/police.png","ascent": -280.6666666666667, "height": 46.333333333333336,"chars": ["\u1147"]},
{"type": "bitmap","file": "minecraft:font/area/police.png","ascent": -281.6666666666667, "height": 46.333333333333336,"chars": ["\u1148"]},
{"type": "bitmap","file": "minecraft:font/area/police.png","ascent": -282.6666666666667, "height": 46.333333333333336,"chars": ["\u1149"]},
{"type": "bitmap","file": "minecraft:font/area/police.png","ascent": -283.6666666666667, "height": 46.333333333333336,"chars": ["\u114a"]},
{"type": "bitmap","file": "minecraft:font/area/police.png","ascent": -284.6666666666667, "height": 46.333333333333336,"chars": ["\u114b"]},
{"type": "bitmap","file": "minecraft:font/area/police.png","ascent": -285.6666666666667, "height": 46.333333333333336,"chars": ["\u114c"]},
{"type": "bitmap","file": "minecraft:font/area/police.png","ascent": -286.6666666666667, "height": 46.333333333333336,"chars": ["\u114d"]},
{"type": "bitmap","file": "minecraft:font/area/police.png","ascent": -287.6666666666667, "height": 46.333333333333336,"chars": ["\u114e"]},
{"type": "bitmap","file": "minecraft:font/area/police.png","ascent": -288.6666666666667, "height": 46.333333333333336,"chars": ["\u114f"]},
{"type": "bitmap","file": "minecraft:font/area/police.png","ascent": -289.6666666666667, "height": 46.333333333333336,"chars": ["\u1150"]},
{"type": "bitmap","file": "minecraft:font/area/police.png","ascent": -290.6666666666667, "height": 46.333333333333336,"chars": ["\u1151"]},
{"type": "bitmap","file": "minecraft:font/area/police.png","ascent": -291.6666666666667, "height": 46.333333333333336,"chars": ["\u1152"]},
{"type": "bitmap","file": "minecraft:font/area/police.png","ascent": -292.6666666666667, "height": 46.333333333333336,"chars": ["\u1153"]},
{"type": "bitmap","file": "minecraft:font/area/police.png","ascent": -293.6666666666667, "height": 46.333333333333336,"chars": ["\u1154"]},
{"type": "bitmap","file": "minecraft:font/area/police.png","ascent": -294.6666666666667, "height": 46.333333333333336,"chars": ["\u1155"]},
{"type": "bitmap","file": "minecraft:font/area/police.png","ascent": -295.6666666666667, "height": 46.333333333333336,"chars": ["\u1156"]},
{"type": "bitmap","file": "minecraft:font/area/police.png","ascent": -296.6666666666667, "height": 46.333333333333336,"chars": ["\u1157"]},
{"type": "bitmap","file": "minecraft:font/area/police.png","ascent": -297.6666666666667, "height": 46.333333333333336,"chars": ["\u1158"]},
{"type": "bitmap","file": "minecraft:font/area/police.png","ascent": -298.6666666666667, "height": 46.333333333333336,"chars": ["\u1159"]},
{"type": "bitmap","file": "minecraft:font/area/police.png","ascent": -299.6666666666667, "height": 46.333333333333336,"chars": ["\u115a"]},
{"type": "bitmap","file": "minecraft:font/area/police.png","ascent": -300.6666666666667, "height": 46.333333333333336,"chars": ["\u115b"]},
{"type": "bitmap","file": "minecraft:font/area/police.png","ascent": -301.6666666666667, "height": 46.333333333333336,"chars": ["\u115c"]},
{"type": "bitmap","file": "minecraft:font/area/police.png","ascent": -302.6666666666667, "height": 46.333333333333336,"chars": ["\u115d"]},
{"type": "bitmap","file": "minecraft:font/area/police.png","ascent": -303.6666666666667, "height": 46.333333333333336,"chars": ["\u115e"]},
{"type": "bitmap","file": "minecraft:font/area/police.png","ascent": -304.6666666666667, "height": 46.333333333333336,"chars": ["\u115f"]},
{"type": "bitmap","file": "minecraft:font/area/police.png","ascent": -305.6666666666667, "height": 46.333333333333336,"chars": ["\u1160"]},
{"type": "bitmap","file": "minecraft:font/area/police.png","ascent": -306.6666666666667, "height": 46.333333333333336,"chars": ["\u1161"]},
{"type": "bitmap","file": "minecraft:font/area/police.png","ascent": -307.6666666666667, "height": 46.333333333333336,"chars": ["\u1162"]},
{"type": "bitmap","file": "minecraft:font/area/police.png","ascent": -308.6666666666667, "height": 46.333333333333336,"chars": ["\u1163"]},
{"type": "bitmap","file": "minecraft:font/area/police.png","ascent": -309.6666666666667, "height": 46.333333333333336,"chars": ["\u1164"]},
{"type": "bitmap","file": "minecraft:font/area/police.png","ascent": -310.6666666666667, "height": 46.333333333333336,"chars": ["\u1165"]},
{"type": "bitmap","file": "minecraft:font/area/police.png","ascent": -311.6666666666667, "height": 46.333333333333336,"chars": ["\u1166"]},
{"type": "bitmap","file": "minecraft:font/area/police.png","ascent": -312.6666666666667, "height": 46.333333333333336,"chars": ["\u1167"]},
{"type": "bitmap","file": "minecraft:font/area/police.png","ascent": -313.6666666666667, "height": 46.333333333333336,"chars": ["\u1168"]},
{"type": "bitmap","file": "minecraft:font/area/police.png","ascent": -314.6666666666667, "height": 46.333333333333336,"chars": ["\u1169"]},
{"type": "bitmap","file": "minecraft:font/area/police.png","ascent": -315.6666666666667, "height": 46.333333333333336,"chars": ["\u116a"]},
{"type": "bitmap","file": "minecraft:font/area/police.png","ascent": -316.6666666666667, "height": 46.333333333333336,"chars": ["\u116b"]},
{"type": "bitmap","file": "minecraft:font/area/police.png","ascent": -317.6666666666667, "height": 46.333333333333336,"chars": ["\u116c"]},
{"type": "bitmap","file": "minecraft:font/area/police.png","ascent": -318.6666666666667, "height": 46.333333333333336,"chars": ["\u116d"]},
{"type": "bitmap","file": "minecraft:font/area/police.png","ascent": -319.6666666666667, "height": 46.333333333333336,"chars": ["\u116e"]},
{"type": "bitmap","file": "minecraft:font/area/police.png","ascent": -320.6666666666667, "height": 46.333333333333336,"chars": ["\u116f"]},
{"type": "bitmap","file": "minecraft:font/area/police.png","ascent": -321.6666666666667, "height": 46.333333333333336,"chars": ["\u1170"]},
{"type": "bitmap","file": "minecraft:font/area/police.png","ascent": -322.6666666666667, "height": 46.333333333333336,"chars": ["\u1171"]},
{"type": "bitmap","file": "minecraft:font/area/police.png","ascent": -323.6666666666667, "height": 46.333333333333336,"chars": ["\u1172"]},
{"type": "bitmap","file": "minecraft:font/area/police.png","ascent": -324.6666666666667, "height": 46.333333333333336,"chars": ["\u1173"]},
{"type": "bitmap","file": "minecraft:font/area/police.png","ascent": -325.6666666666667, "height": 46.333333333333336,"chars": ["\u1174"]},
{"type": "bitmap","file": "minecraft:font/area/police.png","ascent": -326.6666666666667, "height": 46.333333333333336,"chars": ["\u1175"]},
{"type": "bitmap","file": "minecraft:font/area/police.png","ascent": -327.6666666666667, "height": 46.333333333333336,"chars": ["\u1176"]},
{"type": "bitmap","file": "minecraft:font/area/police.png","ascent": -328.6666666666667, "height": 46.333333333333336,"chars": ["\u1177"]},
{"type": "bitmap","file": "minecraft:font/area/police.png","ascent": -329.6666666666667, "height": 46.333333333333336,"chars": ["\u1178"]},
{"type": "bitmap","file": "minecraft:font/area/police.png","ascent": -330.6666666666667, "height": 46.333333333333336,"chars": ["\u1179"]},
{"type": "bitmap","file": "minecraft:font/area/police.png","ascent": -331.6666666666667, "height": 46.333333333333336,"chars": ["\u117a"]},
{"type": "bitmap","file": "minecraft:font/area/police.png","ascent": -332.6666666666667, "height": 46.333333333333336,"chars": ["\u117b"]},
{"type": "bitmap","file": "minecraft:font/area/police.png","ascent": -333.6666666666667, "height": 46.333333333333336,"chars": ["\u117c"]},
{"type": "bitmap","file": "minecraft:font/area/police.png","ascent": -334.6666666666667, "height": 46.333333333333336,"chars": ["\u117d"]},
{"type": "bitmap","file": "minecraft:font/area/police.png","ascent": -335.6666666666667, "height": 46.333333333333336,"chars": ["\u117e"]},
{"type": "bitmap","file": "minecraft:font/area/police.png","ascent": -336.6666666666667, "height": 46.333333333333336,"chars": ["\u117f"]},
{"type": "bitmap","file": "minecraft:font/area/police.png","ascent": -337.6666666666667, "height": 46.333333333333336,"chars": ["\u1180"]},
{"type": "bitmap","file": "minecraft:font/area/police.png","ascent": -338.6666666666667, "height": 46.333333333333336,"chars": ["\u1181"]},
{"type": "bitmap","file": "minecraft:font/area/police.png","ascent": -339.6666666666667, "height": 46.333333333333336,"chars": ["\u1182"]},
{"type": "bitmap","file": "minecraft:font/area/police.png","ascent": -340.6666666666667, "height": 46.333333333333336,"chars": ["\u1183"]},
{"type": "bitmap","file": "minecraft:font/area/police.png","ascent": -341.6666666666667, "height": 46.333333333333336,"chars": ["\u1184"]},
{"type": "bitmap","file": "minecraft:font/area/police.png","ascent": -342.6666666666667, "height": 46.333333333333336,"chars": ["\u1185"]},
{"type": "bitmap","file": "minecraft:font/area/police.png","ascent": -343.6666666666667, "height": 46.333333333333336,"chars": ["\u1186"]},
{"type": "bitmap","file": "minecraft:font/area/police.png","ascent": -344.6666666666667, "height": 46.333333333333336,"chars": ["\u1187"]},
{"type": "bitmap","file": "minecraft:font/area/police.png","ascent": -345.6666666666667, "height": 46.333333333333336,"chars": ["\u1188"]},
{"type": "bitmap","file": "minecraft:font/area/police.png","ascent": -346.6666666666667, "height": 46.333333333333336,"chars": ["\u1189"]},
{"type": "bitmap","file": "minecraft:font/area/police.png","ascent": -347.6666666666667, "height": 46.333333333333336,"chars": ["\u118a"]},
{"type": "bitmap","file": "minecraft:font/area/police.png","ascent": -348.6666666666667, "height": 46.333333333333336,"chars": ["\u118b"]},
{"type": "bitmap","file": "minecraft:font/area/police.png","ascent": -349.6666666666667, "height": 46.333333333333336,"chars": ["\u118c"]},
{"type": "bitmap","file": "minecraft:font/area/police.png","ascent": -350.6666666666667, "height": 46.333333333333336,"chars": ["\u118d"]},
{"type": "bitmap","file": "minecraft:font/area/police.png","ascent": -351.6666666666667, "height": 46.333333333333336,"chars": ["\u118e"]},
{"type": "bitmap","file": "minecraft:font/area/police.png","ascent": -352.6666666666667, "height": 46.333333333333336,"chars": ["\u118f"]},
{"type": "bitmap","file": "minecraft:font/area/police.png","ascent": -353.6666666666667, "height": 46.333333333333336,"chars": ["\u1190"]},
{"type": "bitmap","file": "minecraft:font/area/police.png","ascent": -354.6666666666667, "height": 46.333333333333336,"chars": ["\u1191"]},
{"type": "bitmap","file": "minecraft:font/area/police.png","ascent": -355.6666666666667, "height": 46.333333333333336,"chars": ["\u1192"]},
{"type": "bitmap","file": "minecraft:font/area/police.png","ascent": -356.6666666666667, "height": 46.333333333333336,"chars": ["\u1193"]},
{"type": "bitmap","file": "minecraft:font/area/police.png","ascent": -357.6666666666667, "height": 46.333333333333336,"chars": ["\u1194"]},
{"type": "bitmap","file": "minecraft:font/area/police.png","ascent": -358.6666666666667, "height": 46.333333333333336,"chars": ["\u1195"]},
{"type": "bitmap","file": "minecraft:font/area/police.png","ascent": -359.6666666666667, "height": 46.333333333333336,"chars": ["\u1196"]},
{"type": "bitmap","file": "minecraft:font/area/police.png","ascent": -360.6666666666667, "height": 46.333333333333336,"chars": ["\u1197"]},
{"type": "bitmap","file": "minecraft:font/area/police.png","ascent": -361.6666666666667, "height": 46.333333333333336,"chars": ["\u1198"]},
{"type": "bitmap","file": "minecraft:font/area/police.png","ascent": -362.6666666666667, "height": 46.333333333333336,"chars": ["\u1199"]},
{"type": "bitmap","file": "minecraft:font/area/police.png","ascent": -363.6666666666667, "height": 46.333333333333336,"chars": ["\u119a"]},
{"type": "bitmap","file": "minecraft:font/area/police.png","ascent": -364.6666666666667, "height": 46.333333333333336,"chars": ["\u119b"]},
{"type": "bitmap","file": "minecraft:font/area/police.png","ascent": -365.6666666666667, "height": 46.333333333333336,"chars": ["\u119c"]},
{"type": "bitmap","file": "minecraft:font/area/police.png","ascent": -366.6666666666667, "height": 46.333333333333336,"chars": ["\u119d"]},
{"type": "bitmap","file": "minecraft:font/area/police.png","ascent": -367.6666666666667, "height": 46.333333333333336,"chars": ["\u119e"]},
{"type": "bitmap","file": "minecraft:font/area/police.png","ascent": -368.6666666666667, "height": 46.333333333333336,"chars": ["\u119f"]},
{"type": "bitmap","file": "minecraft:font/area/police.png","ascent": -369.6666666666667, "height": 46.333333333333336,"chars": ["\u11a0"]},
{"type": "bitmap","file": "minecraft:font/area/police.png","ascent": -370.6666666666667, "height": 46.333333333333336,"chars": ["\u11a1"]},
{"type": "bitmap","file": "minecraft:font/area/police.png","ascent": -371.6666666666667, "height": 46.333333333333336,"chars": ["\u11a2"]},
{"type": "bitmap","file": "minecraft:font/area/police.png","ascent": -372.6666666666667, "height": 46.333333333333336,"chars": ["\u11a3"]},
{"type": "bitmap","file": "minecraft:font/area/police.png","ascent": -373.6666666666667, "height": 46.333333333333336,"chars": ["\u11a4"]},
{"type": "bitmap","file": "minecraft:font/area/police.png","ascent": -374.6666666666667, "height": 46.333333333333336,"chars": ["\u11a5"]},
{"type": "bitmap","file": "minecraft:font/area/police.png","ascent": -375.6666666666667, "height": 46.333333333333336,"chars": ["\u11a6"]},
{"type": "bitmap","file": "minecraft:font/area/police.png","ascent": -376.6666666666667, "height": 46.333333333333336,"chars": ["\u11a7"]},
{"type": "bitmap","file": "minecraft:font/area/police.png","ascent": -377.6666666666667, "height": 46.333333333333336,"chars": ["\u11a8"]},
{"type": "bitmap","file": "minecraft:font/area/police.png","ascent": -378.6666666666667, "height": 46.333333333333336,"chars": ["\u11a9"]},
{"type": "bitmap","file": "minecraft:font/area/police.png","ascent": -379.6666666666667, "height": 46.333333333333336,"chars": ["\u11aa"]},
{"type": "bitmap","file": "minecraft:font/area/police.png","ascent": -380.6666666666667, "height": 46.333333333333336,"chars": ["\u11ab"]},
{"type": "bitmap","file": "minecraft:font/area/police.png","ascent": -381.6666666666667, "height": 46.333333333333336,"chars": ["\u11ac"]},
{"type": "bitmap","file": "minecraft:font/area/police.png","ascent": -382.6666666666667, "height": 46.333333333333336,"chars": ["\u11ad"]},
{"type": "bitmap","file": "minecraft:font/area/police.png","ascent": -383.6666666666667, "height": 46.333333333333336,"chars": ["\u11ae"]},
{"type": "bitmap","file": "minecraft:font/area/police.png","ascent": -384.6666666666667, "height": 46.333333333333336,"chars": ["\u11af"]},
{"type": "bitmap","file": "minecraft:font/area/police.png","ascent": -385.6666666666667, "height": 46.333333333333336,"chars": ["\u11b0"]},
{"type": "bitmap","file": "minecraft:font/area/police.png","ascent": -386.6666666666667, "height": 46.333333333333336,"chars": ["\u11b1"]},
{"type": "bitmap","file": "minecraft:font/area/police.png","ascent": -387.6666666666667, "height": 46.333333333333336,"chars": ["\u11b2"]},
{"type": "bitmap","file": "minecraft:font/area/police.png","ascent": -388.6666666666667, "height": 46.333333333333336,"chars": ["\u11b3"]},
{"type": "bitmap","file": "minecraft:font/area/police.png","ascent": -389.6666666666667, "height": 46.333333333333336,"chars": ["\u11b4"]},
{"type": "bitmap","file": "minecraft:font/area/police.png","ascent": -390.6666666666667, "height": 46.333333333333336,"chars": ["\u11b5"]},
{"type": "bitmap","file": "minecraft:font/area/police.png","ascent": -391.6666666666667, "height": 46.333333333333336,"chars": ["\u11b6"]},
{"type": "bitmap","file": "minecraft:font/area/police.png","ascent": -392.6666666666667, "height": 46.333333333333336,"chars": ["\u11b7"]},
{"type": "bitmap","file": "minecraft:font/area/police.png","ascent": -393.6666666666667, "height": 46.333333333333336,"chars": ["\u11b8"]},
{"type": "bitmap","file": "minecraft:font/area/police.png","ascent": -394.6666666666667, "height": 46.333333333333336,"chars": ["\u11b9"]},
{"type": "bitmap","file": "minecraft:font/area/police.png","ascent": -395.6666666666667, "height": 46.333333333333336,"chars": ["\u11ba"]},
{"type": "bitmap","file": "minecraft:font/area/police.png","ascent": -396.6666666666667, "height": 46.333333333333336,"chars": ["\u11bb"]},
{"type": "bitmap","file": "minecraft:font/area/police.png","ascent": -397.6666666666667, "height": 46.333333333333336,"chars": ["\u11bc"]},
{"type": "bitmap","file": "minecraft:font/area/police.png","ascent": -398.6666666666667, "height": 46.333333333333336,"chars": ["\u11bd"]},
{"type": "bitmap","file": "minecraft:font/area/police.png","ascent": -399.6666666666667, "height": 46.333333333333336,"chars": ["\u11be"]},
{"type": "bitmap","file": "minecraft:font/area/police.png","ascent": -400.6666666666667, "height": 46.333333333333336,"chars": ["\u11bf"]},
{"type": "bitmap","file": "minecraft:font/area/police.png","ascent": -401.6666666666667, "height": 46.333333333333336,"chars": ["\u11c0"]},
{"type": "bitmap","file": "minecraft:font/area/police.png","ascent": -402.6666666666667, "height": 46.333333333333336,"chars": ["\u11c1"]},
{"type": "bitmap","file": "minecraft:font/area/police.png","ascent": -403.6666666666667, "height": 46.333333333333336,"chars": ["\u11c2"]},
{"type": "bitmap","file": "minecraft:font/area/police.png","ascent": -404.6666666666667, "height": 46.333333333333336,"chars": ["\u11c3"]},
{"type": "bitmap","file": "minecraft:font/area/police.png","ascent": -405.6666666666667, "height": 46.333333333333336,"chars": ["\u11c4"]},
{"type": "bitmap","file": "minecraft:font/area/police.png","ascent": -406.6666666666667, "height": 46.333333333333336,"chars": ["\u11c5"]},
{"type": "bitmap","file": "minecraft:font/area/police.png","ascent": -407.6666666666667, "height": 46.333333333333336,"chars": ["\u11c6"]},
{"type": "bitmap","file": "minecraft:font/area/police.png","ascent": -408.6666666666667, "height": 46.333333333333336,"chars": ["\u11c7"]},
{"type": "bitmap","file": "minecraft:font/area/police.png","ascent": -409.6666666666667, "height": 46.333333333333336,"chars": ["\u11c8"]},
{"type": "bitmap","file": "minecraft:font/area/police.png","ascent": -410.6666666666667, "height": 46.333333333333336,"chars": ["\u11c9"]},
{"type": "bitmap","file": "minecraft:font/area/police.png","ascent": -411.6666666666667, "height": 46.333333333333336,"chars": ["\u11ca"]},
{"type": "bitmap","file": "minecraft:font/area/police.png","ascent": -412.6666666666667, "height": 46.333333333333336,"chars": ["\u11cb"]},
{"type": "bitmap","file": "minecraft:font/area/police.png","ascent": -413.6666666666667, "height": 46.333333333333336,"chars": ["\u11cc"]},
{"type": "bitmap","file": "minecraft:font/area/police.png","ascent": -414.6666666666667, "height": 46.333333333333336,"chars": ["\u11cd"]},
{"type": "bitmap","file": "minecraft:font/area/police.png","ascent": -415.6666666666667, "height": 46.333333333333336,"chars": ["\u11ce"]},
{"type": "bitmap","file": "minecraft:font/area/police.png","ascent": -416.6666666666667, "height": 46.333333333333336,"chars": ["\u11cf"]},
{"type": "bitmap","file": "minecraft:font/area/police.png","ascent": -417.6666666666667, "height": 46.333333333333336,"chars": ["\u11d0"]},
{"type": "bitmap","file": "minecraft:font/area/police.png","ascent": -418.6666666666667, "height": 46.333333333333336,"chars": ["\u11d1"]},
{"type": "bitmap","file": "minecraft:font/area/police.png","ascent": -419.6666666666667, "height": 46.333333333333336,"chars": ["\u11d2"]},
{"type": "bitmap","file": "minecraft:font/area/police.png","ascent": -420.6666666666667, "height": 46.333333333333336,"chars": ["\u11d3"]},
{"type": "bitmap","file": "minecraft:font/area/police.png","ascent": -421.6666666666667, "height": 46.333333333333336,"chars": ["\u11d4"]},
{"type": "bitmap","file": "minecraft:font/area/police.png","ascent": -422.6666666666667, "height": 46.333333333333336,"chars": ["\u11d5"]},
{"type": "bitmap","file": "minecraft:font/area/police.png","ascent": -423.6666666666667, "height": 46.333333333333336,"chars": ["\u11d6"]},
{"type": "bitmap","file": "minecraft:font/area/police.png","ascent": -424.6666666666667, "height": 46.333333333333336,"chars": ["\u11d7"]},
{"type": "bitmap","file": "minecraft:font/area/police.png","ascent": -425.6666666666667, "height": 46.333333333333336,"chars": ["\u11d8"]},
{"type": "bitmap","file": "minecraft:font/area/police.png","ascent": -426.6666666666667, "height": 46.333333333333336,"chars": ["\u11d9"]},
{"type": "bitmap","file": "minecraft:font/area/police.png","ascent": -427.6666666666667, "height": 46.333333333333336,"chars": ["\u11da"]},
{"type": "bitmap","file": "minecraft:font/area/police.png","ascent": -428.6666666666667, "height": 46.333333333333336,"chars": ["\u11db"]},
{"type": "bitmap","file": "minecraft:font/area/police.png","ascent": -429.6666666666667, "height": 46.333333333333336,"chars": ["\u11dc"]},
{"type": "bitmap","file": "minecraft:font/area/police.png","ascent": -430.6666666666667, "height": 46.333333333333336,"chars": ["\u11dd"]},
{"type": "bitmap","file": "minecraft:font/area/police.png","ascent": -431.6666666666667, "height": 46.333333333333336,"chars": ["\u11de"]},
{"type": "bitmap","file": "minecraft:font/area/police.png","ascent": -432.6666666666667, "height": 46.333333333333336,"chars": ["\u11df"]},
{"type": "bitmap","file": "minecraft:font/area/police.png","ascent": -433.6666666666667, "height": 46.333333333333336,"chars": ["\u11e0"]},
{"type": "bitmap","file": "minecraft:font/area/police.png","ascent": -434.6666666666667, "height": 46.333333333333336,"chars": ["\u11e1"]},
{"type": "bitmap","file": "minecraft:font/area/police.png","ascent": -435.6666666666667, "height": 46.333333333333336,"chars": ["\u11e2"]},
{"type": "bitmap","file": "minecraft:font/area/police.png","ascent": -436.6666666666667, "height": 46.333333333333336,"chars": ["\u11e3"]},
{"type": "bitmap","file": "minecraft:font/area/police.png","ascent": -437.6666666666667, "height": 46.333333333333336,"chars": ["\u11e4"]},
{"type": "bitmap","file": "minecraft:font/area/police.png","ascent": -438.6666666666667, "height": 46.333333333333336,"chars": ["\u11e5"]},
{"type": "bitmap","file": "minecraft:font/area/police.png","ascent": -439.6666666666667, "height": 46.333333333333336,"chars": ["\u11e6"]},
{"type": "bitmap","file": "minecraft:font/area/police.png","ascent": -440.6666666666667, "height": 46.333333333333336,"chars": ["\u11e7"]},
{"type": "bitmap","file": "minecraft:font/area/police.png","ascent": -441.6666666666667, "height": 46.333333333333336,"chars": ["\u11e8"]},
{"type": "bitmap","file": "minecraft:font/area/police.png","ascent": -442.6666666666667, "height": 46.333333333333336,"chars": ["\u11e9"]},
{"type": "bitmap","file": "minecraft:font/area/police.png","ascent": -443.6666666666667, "height": 46.333333333333336,"chars": ["\u11ea"]},
{"type": "bitmap","file": "minecraft:font/area/police.png","ascent": -444.6666666666667, "height": 46.333333333333336,"chars": ["\u11eb"]},
{"type": "bitmap","file": "minecraft:font/area/police.png","ascent": -445.6666666666667, "height": 46.333333333333336,"chars": ["\u11ec"]},
{"type": "bitmap","file": "minecraft:font/area/police.png","ascent": -446.6666666666667, "height": 46.333333333333336,"chars": ["\u11ed"]},
{"type": "bitmap","file": "minecraft:font/area/police.png","ascent": -447.6666666666667, "height": 46.333333333333336,"chars": ["\u11ee"]},
{"type": "bitmap","file": "minecraft:font/area/police.png","ascent": -448.6666666666667, "height": 46.333333333333336,"chars": ["\u11ef"]},
{"type": "bitmap","file": "minecraft:font/area/police.png","ascent": -449.6666666666667, "height": 46.333333333333336,"chars": ["\u11f0"]},
{"type": "bitmap","file": "minecraft:font/area/police.png","ascent": -450.6666666666667, "height": 46.333333333333336,"chars": ["\u11f1"]},
{"type": "bitmap","file": "minecraft:font/area/police.png","ascent": -451.6666666666667, "height": 46.333333333333336,"chars": ["\u11f2"]},
{"type": "bitmap","file": "minecraft:font/area/police.png","ascent": -452.6666666666667, "height": 46.333333333333336,"chars": ["\u11f3"]},
{"type": "bitmap","file": "minecraft:font/area/police.png","ascent": -453.6666666666667, "height": 46.333333333333336,"chars": ["\u11f4"]},
{"type": "bitmap","file": "minecraft:font/area/police.png","ascent": -454.6666666666667, "height": 46.333333333333336,"chars": ["\u11f5"]},
{"type": "bitmap","file": "minecraft:font/area/police.png","ascent": -455.6666666666667, "height": 46.333333333333336,"chars": ["\u11f6"]},
{"type": "bitmap","file": "minecraft:font/area/police.png","ascent": -456.6666666666667, "height": 46.333333333333336,"chars": ["\u11f7"]},
{"type": "bitmap","file": "minecraft:font/area/police.png","ascent": -457.6666666666667, "height": 46.333333333333336,"chars": ["\u11f8"]},
{"type": "bitmap","file": "minecraft:font/area/police.png","ascent": -458.6666666666667, "height": 46.333333333333336,"chars": ["\u11f9"]},
{"type": "bitmap","file": "minecraft:font/area/police.png","ascent": -459.6666666666667, "height": 46.333333333333336,"chars": ["\u11fa"]},
{"type": "bitmap","file": "minecraft:font/area/police.png","ascent": -460.6666666666667, "height": 46.333333333333336,"chars": ["\u11fb"]},
{"type": "bitmap","file": "minecraft:font/area/police.png","ascent": -461.6666666666667, "height": 46.333333333333336,"chars": ["\u11fc"]},
{"type": "bitmap","file": "minecraft:font/area/police.png","ascent": -462.6666666666667, "height": 46.333333333333336,"chars": ["\u11fd"]},
{"type": "bitmap","file": "minecraft:font/area/police.png","ascent": -463.6666666666667, "height": 46.333333333333336,"chars": ["\u11fe"]},
{"type": "bitmap","file": "minecraft:font/area/police.png","ascent": -464.6666666666667, "height": 46.333333333333336,"chars": ["\u11ff"]}]}