{"providers":[
{"type": "bitmap","file": "minecraft:font/area/port.png","ascent": 33.0, "height": 33.0,"chars": ["\u1000"]},
{"type": "bitmap","file": "minecraft:font/area/port.png","ascent": 32.0, "height": 33.0,"chars": ["\u1001"]},
{"type": "bitmap","file": "minecraft:font/area/port.png","ascent": 31.0, "height": 33.0,"chars": ["\u1002"]},
{"type": "bitmap","file": "minecraft:font/area/port.png","ascent": 30.0, "height": 33.0,"chars": ["\u1003"]},
{"type": "bitmap","file": "minecraft:font/area/port.png","ascent": 29.0, "height": 33.0,"chars": ["\u1004"]},
{"type": "bitmap","file": "minecraft:font/area/port.png","ascent": 28.0, "height": 33.0,"chars": ["\u1005"]},
{"type": "bitmap","file": "minecraft:font/area/port.png","ascent": 27.0, "height": 33.0,"chars": ["\u1006"]},
{"type": "bitmap","file": "minecraft:font/area/port.png","ascent": 26.0, "height": 33.0,"chars": ["\u1007"]},
{"type": "bitmap","file": "minecraft:font/area/port.png","ascent": 25.0, "height": 33.0,"chars": ["\u1008"]},
{"type": "bitmap","file": "minecraft:font/area/port.png","ascent": 24.0, "height": 33.0,"chars": ["\u1009"]},
{"type": "bitmap","file": "minecraft:font/area/port.png","ascent": 23.0, "height": 33.0,"chars": ["\u100a"]},
{"type": "bitmap","file": "minecraft:font/area/port.png","ascent": 22.0, "height": 33.0,"chars": ["\u100b"]},
{"type": "bitmap","file": "minecraft:font/area/port.png","ascent": 21.0, "height": 33.0,"chars": ["\u100c"]},
{"type": "bitmap","file": "minecraft:font/area/port.png","ascent": 20.0, "height": 33.0,"chars": ["\u100d"]},
{"type": "bitmap","file": "minecraft:font/area/port.png","ascent": 19.0, "height": 33.0,"chars": ["\u100e"]},
{"type": "bitmap","file": "minecraft:font/area/port.png","ascent": 18.0, "height": 33.0,"chars": ["\u100f"]},
{"type": "bitmap","file": "minecraft:font/area/port.png","ascent": 17.0, "height": 33.0,"chars": ["\u1010"]},
{"type": "bitmap","file": "minecraft:font/area/port.png","ascent": 16.0, "height": 33.0,"chars": ["\u1011"]},
{"type": "bitmap","file": "minecraft:font/area/port.png","ascent": 15.0, "height": 33.0,"chars": ["\u1012"]},
{"type": "bitmap","file": "minecraft:font/area/port.png","ascent": 14.0, "height": 33.0,"chars": ["\u1013"]},
{"type": "bitmap","file": "minecraft:font/area/port.png","ascent": 13.0, "height": 33.0,"chars": ["\u1014"]},
{"type": "bitmap","file": "minecraft:font/area/port.png","ascent": 12.0, "height": 33.0,"chars": ["\u1015"]},
{"type": "bitmap","file": "minecraft:font/area/port.png","ascent": 11.0, "height": 33.0,"chars": ["\u1016"]},
{"type": "bitmap","file": "minecraft:font/area/port.png","ascent": 10.0, "height": 33.0,"chars": ["\u1017"]},
{"type": "bitmap","file": "minecraft:font/area/port.png","ascent": 9.0, "height": 33.0,"chars": ["\u1018"]},
{"type": "bitmap","file": "minecraft:font/area/port.png","ascent": 8.0, "height": 33.0,"chars": ["\u1019"]},
{"type": "bitmap","file": "minecraft:font/area/port.png","ascent": 7.0, "height": 33.0,"chars": ["\u101a"]},
{"type": "bitmap","file": "minecraft:font/area/port.png","ascent": 6.0, "height": 33.0,"chars": ["\u101b"]},
{"type": "bitmap","file": "minecraft:font/area/port.png","ascent": 5.0, "height": 33.0,"chars": ["\u101c"]},
{"type": "bitmap","file": "minecraft:font/area/port.png","ascent": 4.0, "height": 33.0,"chars": ["\u101d"]},
{"type": "bitmap","file": "minecraft:font/area/port.png","ascent": 3.0, "height": 33.0,"chars": ["\u101e"]},
{"type": "bitmap","file": "minecraft:font/area/port.png","ascent": 2.0, "height": 33.0,"chars": ["\u101f"]},
{"type": "bitmap","file": "minecraft:font/area/port.png","ascent": 1.0, "height": 33.0,"chars": ["\u1020"]},
{"type": "bitmap","file": "minecraft:font/area/port.png","ascent": 0.0, "height": 33.0,"chars": ["\u1021"]},
{"type": "bitmap","file": "minecraft:font/area/port.png","ascent": -1.0, "height": 33.0,"chars": ["\u1022"]},
{"type": "bitmap","file": "minecraft:font/area/port.png","ascent": -2.0, "height": 33.0,"chars": ["\u1023"]},
{"type": "bitmap","file": "minecraft:font/area/port.png","ascent": -3.0, "height": 33.0,"chars": ["\u1024"]},
{"type": "bitmap","file": "minecraft:font/area/port.png","ascent": -4.0, "height": 33.0,"chars": ["\u1025"]},
{"type": "bitmap","file": "minecraft:font/area/port.png","ascent": -5.0, "height": 33.0,"chars": ["\u1026"]},
{"type": "bitmap","file": "minecraft:font/area/port.png","ascent": -6.0, "height": 33.0,"chars": ["\u1027"]},
{"type": "bitmap","file": "minecraft:font/area/port.png","ascent": -7.0, "height": 33.0,"chars": ["\u1028"]},
{"type": "bitmap","file": "minecraft:font/area/port.png","ascent": -8.0, "height": 33.0,"chars": ["\u1029"]},
{"type": "bitmap","file": "minecraft:font/area/port.png","ascent": -9.0, "height": 33.0,"chars": ["\u102a"]},
{"type": "bitmap","file": "minecraft:font/area/port.png","ascent": -10.0, "height": 33.0,"chars": ["\u102b"]},
{"type": "bitmap","file": "minecraft:font/area/port.png","ascent": -11.0, "height": 33.0,"chars": ["\u102c"]},
{"type": "bitmap","file": "minecraft:font/area/port.png","ascent": -12.0, "height": 33.0,"chars": ["\u102d"]},
{"type": "bitmap","file": "minecraft:font/area/port.png","ascent": -13.0, "height": 33.0,"chars": ["\u102e"]},
{"type": "bitmap","file": "minecraft:font/area/port.png","ascent": -14.0, "height": 33.0,"chars": ["\u102f"]},
{"type": "bitmap","file": "minecraft:font/area/port.png","ascent": -15.0, "height": 33.0,"chars": ["\u1030"]},
{"type": "bitmap","file": "minecraft:font/area/port.png","ascent": -16.0, "height": 33.0,"chars": ["\u1031"]},
{"type": "bitmap","file": "minecraft:font/area/port.png","ascent": -17.0, "height": 33.0,"chars": ["\u1032"]},
{"type": "bitmap","file": "minecraft:font/area/port.png","ascent": -18.0, "height": 33.0,"chars": ["\u1033"]},
{"type": "bitmap","file": "minecraft:font/area/port.png","ascent": -19.0, "height": 33.0,"chars": ["\u1034"]},
{"type": "bitmap","file": "minecraft:font/area/port.png","ascent": -20.0, "height": 33.0,"chars": ["\u1035"]},
{"type": "bitmap","file": "minecraft:font/area/port.png","ascent": -21.0, "height": 33.0,"chars": ["\u1036"]},
{"type": "bitmap","file": "minecraft:font/area/port.png","ascent": -22.0, "height": 33.0,"chars": ["\u1037"]},
{"type": "bitmap","file": "minecraft:font/area/port.png","ascent": -23.0, "height": 33.0,"chars": ["\u1038"]},
{"type": "bitmap","file": "minecraft:font/area/port.png","ascent": -24.0, "height": 33.0,"chars": ["\u1039"]},
{"type": "bitmap","file": "minecraft:font/area/port.png","ascent": -25.0, "height": 33.0,"chars": ["\u103a"]},
{"type": "bitmap","file": "minecraft:font/area/port.png","ascent": -26.0, "height": 33.0,"chars": ["\u103b"]},
{"type": "bitmap","file": "minecraft:font/area/port.png","ascent": -27.0, "height": 33.0,"chars": ["\u103c"]},
{"type": "bitmap","file": "minecraft:font/area/port.png","ascent": -28.0, "height": 33.0,"chars": ["\u103d"]},
{"type": "bitmap","file": "minecraft:font/area/port.png","ascent": -29.0, "height": 33.0,"chars": ["\u103e"]},
{"type": "bitmap","file": "minecraft:font/area/port.png","ascent": -30.0, "height": 33.0,"chars": ["\u103f"]},
{"type": "bitmap","file": "minecraft:font/area/port.png","ascent": -31.0, "height": 33.0,"chars": ["\u1040"]},
{"type": "bitmap","file": "minecraft:font/area/port.png","ascent": -32.0, "height": 33.0,"chars": ["\u1041"]},
{"type": "bitmap","file": "minecraft:font/area/port.png","ascent": -33.0, "height": 33.0,"chars": ["\u1042"]},
{"type": "bitmap","file": "minecraft:font/area/port.png","ascent": -34.0, "height": 33.0,"chars": ["\u1043"]},
{"type": "bitmap","file": "minecraft:font/area/port.png","ascent": -35.0, "height": 33.0,"chars": ["\u1044"]},
{"type": "bitmap","file": "minecraft:font/area/port.png","ascent": -36.0, "height": 33.0,"chars": ["\u1045"]},
{"type": "bitmap","file": "minecraft:font/area/port.png","ascent": -37.0, "height": 33.0,"chars": ["\u1046"]},
{"type": "bitmap","file": "minecraft:font/area/port.png","ascent": -38.0, "height": 33.0,"chars": ["\u1047"]},
{"type": "bitmap","file": "minecraft:font/area/port.png","ascent": -39.0, "height": 33.0,"chars": ["\u1048"]},
{"type": "bitmap","file": "minecraft:font/area/port.png","ascent": -40.0, "height": 33.0,"chars": ["\u1049"]},
{"type": "bitmap","file": "minecraft:font/area/port.png","ascent": -41.0, "height": 33.0,"chars": ["\u104a"]},
{"type": "bitmap","file": "minecraft:font/area/port.png","ascent": -42.0, "height": 33.0,"chars": ["\u104b"]},
{"type": "bitmap","file": "minecraft:font/area/port.png","ascent": -43.0, "height": 33.0,"chars": ["\u104c"]},
{"type": "bitmap","file": "minecraft:font/area/port.png","ascent": -44.0, "height": 33.0,"chars": ["\u104d"]},
{"type": "bitmap","file": "minecraft:font/area/port.png","ascent": -45.0, "height": 33.0,"chars": ["\u104e"]},
{"type": "bitmap","file": "minecraft:font/area/port.png","ascent": -46.0, "height": 33.0,"chars": ["\u104f"]},
{"type": "bitmap","file": "minecraft:font/area/port.png","ascent": -47.0, "height": 33.0,"chars": ["\u1050"]},
{"type": "bitmap","file": "minecraft:font/area/port.png","ascent": -48.0, "height": 33.0,"chars": ["\u1051"]},
{"type": "bitmap","file": "minecraft:font/area/port.png","ascent": -49.0, "height": 33.0,"chars": ["\u1052"]},
{"type": "bitmap","file": "minecraft:font/area/port.png","ascent": -50.0, "height": 33.0,"chars": ["\u1053"]},
{"type": "bitmap","file": "minecraft:font/area/port.png","ascent": -51.0, "height": 33.0,"chars": ["\u1054"]},
{"type": "bitmap","file": "minecraft:font/area/port.png","ascent": -52.0, "height": 33.0,"chars": ["\u1055"]},
{"type": "bitmap","file": "minecraft:font/area/port.png","ascent": -53.0, "height": 33.0,"chars": ["\u1056"]},
{"type": "bitmap","file": "minecraft:font/area/port.png","ascent": -54.0, "height": 33.0,"chars": ["\u1057"]},
{"type": "bitmap","file": "minecraft:font/area/port.png","ascent": -55.0, "height": 33.0,"chars": ["\u1058"]},
{"type": "bitmap","file": "minecraft:font/area/port.png","ascent": -56.0, "height": 33.0,"chars": ["\u1059"]},
{"type": "bitmap","file": "minecraft:font/area/port.png","ascent": -57.0, "height": 33.0,"chars": ["\u105a"]},
{"type": "bitmap","file": "minecraft:font/area/port.png","ascent": -58.0, "height": 33.0,"chars": ["\u105b"]},
{"type": "bitmap","file": "minecraft:font/area/port.png","ascent": -59.0, "height": 33.0,"chars": ["\u105c"]},
{"type": "bitmap","file": "minecraft:font/area/port.png","ascent": -60.0, "height": 33.0,"chars": ["\u105d"]},
{"type": "bitmap","file": "minecraft:font/area/port.png","ascent": -61.0, "height": 33.0,"chars": ["\u105e"]},
{"type": "bitmap","file": "minecraft:font/area/port.png","ascent": -62.0, "height": 33.0,"chars": ["\u105f"]},
{"type": "bitmap","file": "minecraft:font/area/port.png","ascent": -63.0, "height": 33.0,"chars": ["\u1060"]},
{"type": "bitmap","file": "minecraft:font/area/port.png","ascent": -64.0, "height": 33.0,"chars": ["\u1061"]},
{"type": "bitmap","file": "minecraft:font/area/port.png","ascent": -65.0, "height": 33.0,"chars": ["\u1062"]},
{"type": "bitmap","file": "minecraft:font/area/port.png","ascent": -66.0, "height": 33.0,"chars": ["\u1063"]},
{"type": "bitmap","file": "minecraft:font/area/port.png","ascent": -67.0, "height": 33.0,"chars": ["\u1064"]},
{"type": "bitmap","file": "minecraft:font/area/port.png","ascent": -68.0, "height": 33.0,"chars": ["\u1065"]},
{"type": "bitmap","file": "minecraft:font/area/port.png","ascent": -69.0, "height": 33.0,"chars": ["\u1066"]},
{"type": "bitmap","file": "minecraft:font/area/port.png","ascent": -70.0, "height": 33.0,"chars": ["\u1067"]},
{"type": "bitmap","file": "minecraft:font/area/port.png","ascent": -71.0, "height": 33.0,"chars": ["\u1068"]},
{"type": "bitmap","file": "minecraft:font/area/port.png","ascent": -72.0, "height": 33.0,"chars": ["\u1069"]},
{"type": "bitmap","file": "minecraft:font/area/port.png","ascent": -73.0, "height": 33.0,"chars": ["\u106a"]},
{"type": "bitmap","file": "minecraft:font/area/port.png","ascent": -74.0, "height": 33.0,"chars": ["\u106b"]},
{"type": "bitmap","file": "minecraft:font/area/port.png","ascent": -75.0, "height": 33.0,"chars": ["\u106c"]},
{"type": "bitmap","file": "minecraft:font/area/port.png","ascent": -76.0, "height": 33.0,"chars": ["\u106d"]},
{"type": "bitmap","file": "minecraft:font/area/port.png","ascent": -77.0, "height": 33.0,"chars": ["\u106e"]},
{"type": "bitmap","file": "minecraft:font/area/port.png","ascent": -78.0, "height": 33.0,"chars": ["\u106f"]},
{"type": "bitmap","file": "minecraft:font/area/port.png","ascent": -79.0, "height": 33.0,"chars": ["\u1070"]},
{"type": "bitmap","file": "minecraft:font/area/port.png","ascent": -80.0, "height": 33.0,"chars": ["\u1071"]},
{"type": "bitmap","file": "minecraft:font/area/port.png","ascent": -81.0, "height": 33.0,"chars": ["\u1072"]},
{"type": "bitmap","file": "minecraft:font/area/port.png","ascent": -82.0, "height": 33.0,"chars": ["\u1073"]},
{"type": "bitmap","file": "minecraft:font/area/port.png","ascent": -83.0, "height": 33.0,"chars": ["\u1074"]},
{"type": "bitmap","file": "minecraft:font/area/port.png","ascent": -84.0, "height": 33.0,"chars": ["\u1075"]},
{"type": "bitmap","file": "minecraft:font/area/port.png","ascent": -85.0, "height": 33.0,"chars": ["\u1076"]},
{"type": "bitmap","file": "minecraft:font/area/port.png","ascent": -86.0, "height": 33.0,"chars": ["\u1077"]},
{"type": "bitmap","file": "minecraft:font/area/port.png","ascent": -87.0, "height": 33.0,"chars": ["\u1078"]},
{"type": "bitmap","file": "minecraft:font/area/port.png","ascent": -88.0, "height": 33.0,"chars": ["\u1079"]},
{"type": "bitmap","file": "minecraft:font/area/port.png","ascent": -89.0, "height": 33.0,"chars": ["\u107a"]},
{"type": "bitmap","file": "minecraft:font/area/port.png","ascent": -90.0, "height": 33.0,"chars": ["\u107b"]},
{"type": "bitmap","file": "minecraft:font/area/port.png","ascent": -91.0, "height": 33.0,"chars": ["\u107c"]},
{"type": "bitmap","file": "minecraft:font/area/port.png","ascent": -92.0, "height": 33.0,"chars": ["\u107d"]},
{"type": "bitmap","file": "minecraft:font/area/port.png","ascent": -93.0, "height": 33.0,"chars": ["\u107e"]},
{"type": "bitmap","file": "minecraft:font/area/port.png","ascent": -94.0, "height": 33.0,"chars": ["\u107f"]},
{"type": "bitmap","file": "minecraft:font/area/port.png","ascent": -95.0, "height": 33.0,"chars": ["\u1080"]},
{"type": "bitmap","file": "minecraft:font/area/port.png","ascent": -96.0, "height": 33.0,"chars": ["\u1081"]},
{"type": "bitmap","file": "minecraft:font/area/port.png","ascent": -97.0, "height": 33.0,"chars": ["\u1082"]},
{"type": "bitmap","file": "minecraft:font/area/port.png","ascent": -98.0, "height": 33.0,"chars": ["\u1083"]},
{"type": "bitmap","file": "minecraft:font/area/port.png","ascent": -99.0, "height": 33.0,"chars": ["\u1084"]},
{"type": "bitmap","file": "minecraft:font/area/port.png","ascent": -100.0, "height": 33.0,"chars": ["\u1085"]},
{"type": "bitmap","file": "minecraft:font/area/port.png","ascent": -101.0, "height": 33.0,"chars": ["\u1086"]},
{"type": "bitmap","file": "minecraft:font/area/port.png","ascent": -102.0, "height": 33.0,"chars": ["\u1087"]},
{"type": "bitmap","file": "minecraft:font/area/port.png","ascent": -103.0, "height": 33.0,"chars": ["\u1088"]},
{"type": "bitmap","file": "minecraft:font/area/port.png","ascent": -104.0, "height": 33.0,"chars": ["\u1089"]},
{"type": "bitmap","file": "minecraft:font/area/port.png","ascent": -105.0, "height": 33.0,"chars": ["\u108a"]},
{"type": "bitmap","file": "minecraft:font/area/port.png","ascent": -106.0, "height": 33.0,"chars": ["\u108b"]},
{"type": "bitmap","file": "minecraft:font/area/port.png","ascent": -107.0, "height": 33.0,"chars": ["\u108c"]},
{"type": "bitmap","file": "minecraft:font/area/port.png","ascent": -108.0, "height": 33.0,"chars": ["\u108d"]},
{"type": "bitmap","file": "minecraft:font/area/port.png","ascent": -109.0, "height": 33.0,"chars": ["\u108e"]},
{"type": "bitmap","file": "minecraft:font/area/port.png","ascent": -110.0, "height": 33.0,"chars": ["\u108f"]},
{"type": "bitmap","file": "minecraft:font/area/port.png","ascent": -111.0, "height": 33.0,"chars": ["\u1090"]},
{"type": "bitmap","file": "minecraft:font/area/port.png","ascent": -112.0, "height": 33.0,"chars": ["\u1091"]},
{"type": "bitmap","file": "minecraft:font/area/port.png","ascent": -113.0, "height": 33.0,"chars": ["\u1092"]},
{"type": "bitmap","file": "minecraft:font/area/port.png","ascent": -114.0, "height": 33.0,"chars": ["\u1093"]},
{"type": "bitmap","file": "minecraft:font/area/port.png","ascent": -115.0, "height": 33.0,"chars": ["\u1094"]},
{"type": "bitmap","file": "minecraft:font/area/port.png","ascent": -116.0, "height": 33.0,"chars": ["\u1095"]},
{"type": "bitmap","file": "minecraft:font/area/port.png","ascent": -117.0, "height": 33.0,"chars": ["\u1096"]},
{"type": "bitmap","file": "minecraft:font/area/port.png","ascent": -118.0, "height": 33.0,"chars": ["\u1097"]},
{"type": "bitmap","file": "minecraft:font/area/port.png","ascent": -119.0, "height": 33.0,"chars": ["\u1098"]},
{"type": "bitmap","file": "minecraft:font/area/port.png","ascent": -120.0, "height": 33.0,"chars": ["\u1099"]},
{"type": "bitmap","file": "minecraft:font/area/port.png","ascent": -121.0, "height": 33.0,"chars": ["\u109a"]},
{"type": "bitmap","file": "minecraft:font/area/port.png","ascent": -122.0, "height": 33.0,"chars": ["\u109b"]},
{"type": "bitmap","file": "minecraft:font/area/port.png","ascent": -123.0, "height": 33.0,"chars": ["\u109c"]},
{"type": "bitmap","file": "minecraft:font/area/port.png","ascent": -124.0, "height": 33.0,"chars": ["\u109d"]},
{"type": "bitmap","file": "minecraft:font/area/port.png","ascent": -125.0, "height": 33.0,"chars": ["\u109e"]},
{"type": "bitmap","file": "minecraft:font/area/port.png","ascent": -126.0, "height": 33.0,"chars": ["\u109f"]},
{"type": "bitmap","file": "minecraft:font/area/port.png","ascent": -127.0, "height": 33.0,"chars": ["\u10a0"]},
{"type": "bitmap","file": "minecraft:font/area/port.png","ascent": -128.0, "height": 33.0,"chars": ["\u10a1"]},
{"type": "bitmap","file": "minecraft:font/area/port.png","ascent": -129.0, "height": 33.0,"chars": ["\u10a2"]},
{"type": "bitmap","file": "minecraft:font/area/port.png","ascent": -130.0, "height": 33.0,"chars": ["\u10a3"]},
{"type": "bitmap","file": "minecraft:font/area/port.png","ascent": -131.0, "height": 33.0,"chars": ["\u10a4"]},
{"type": "bitmap","file": "minecraft:font/area/port.png","ascent": -132.0, "height": 33.0,"chars": ["\u10a5"]},
{"type": "bitmap","file": "minecraft:font/area/port.png","ascent": -133.0, "height": 33.0,"chars": ["\u10a6"]},
{"type": "bitmap","file": "minecraft:font/area/port.png","ascent": -134.0, "height": 33.0,"chars": ["\u10a7"]},
{"type": "bitmap","file": "minecraft:font/area/port.png","ascent": -135.0, "height": 33.0,"chars": ["\u10a8"]},
{"type": "bitmap","file": "minecraft:font/area/port.png","ascent": -136.0, "height": 33.0,"chars": ["\u10a9"]},
{"type": "bitmap","file": "minecraft:font/area/port.png","ascent": -137.0, "height": 33.0,"chars": ["\u10aa"]},
{"type": "bitmap","file": "minecraft:font/area/port.png","ascent": -138.0, "height": 33.0,"chars": ["\u10ab"]},
{"type": "bitmap","file": "minecraft:font/area/port.png","ascent": -139.0, "height": 33.0,"chars": ["\u10ac"]},
{"type": "bitmap","file": "minecraft:font/area/port.png","ascent": -140.0, "height": 33.0,"chars": ["\u10ad"]},
{"type": "bitmap","file": "minecraft:font/area/port.png","ascent": -141.0, "height": 33.0,"chars": ["\u10ae"]},
{"type": "bitmap","file": "minecraft:font/area/port.png","ascent": -142.0, "height": 33.0,"chars": ["\u10af"]},
{"type": "bitmap","file": "minecraft:font/area/port.png","ascent": -143.0, "height": 33.0,"chars": ["\u10b0"]},
{"type": "bitmap","file": "minecraft:font/area/port.png","ascent": -144.0, "height": 33.0,"chars": ["\u10b1"]},
{"type": "bitmap","file": "minecraft:font/area/port.png","ascent": -145.0, "height": 33.0,"chars": ["\u10b2"]},
{"type": "bitmap","file": "minecraft:font/area/port.png","ascent": -146.0, "height": 33.0,"chars": ["\u10b3"]},
{"type": "bitmap","file": "minecraft:font/area/port.png","ascent": -147.0, "height": 33.0,"chars": ["\u10b4"]},
{"type": "bitmap","file": "minecraft:font/area/port.png","ascent": -148.0, "height": 33.0,"chars": ["\u10b5"]},
{"type": "bitmap","file": "minecraft:font/area/port.png","ascent": -149.0, "height": 33.0,"chars": ["\u10b6"]},
{"type": "bitmap","file": "minecraft:font/area/port.png","ascent": -150.0, "height": 33.0,"chars": ["\u10b7"]},
{"type": "bitmap","file": "minecraft:font/area/port.png","ascent": -151.0, "height": 33.0,"chars": ["\u10b8"]},
{"type": "bitmap","file": "minecraft:font/area/port.png","ascent": -152.0, "height": 33.0,"chars": ["\u10b9"]},
{"type": "bitmap","file": "minecraft:font/area/port.png","ascent": -153.0, "height": 33.0,"chars": ["\u10ba"]},
{"type": "bitmap","file": "minecraft:font/area/port.png","ascent": -154.0, "height": 33.0,"chars": ["\u10bb"]},
{"type": "bitmap","file": "minecraft:font/area/port.png","ascent": -155.0, "height": 33.0,"chars": ["\u10bc"]},
{"type": "bitmap","file": "minecraft:font/area/port.png","ascent": -156.0, "height": 33.0,"chars": ["\u10bd"]},
{"type": "bitmap","file": "minecraft:font/area/port.png","ascent": -157.0, "height": 33.0,"chars": ["\u10be"]},
{"type": "bitmap","file": "minecraft:font/area/port.png","ascent": -158.0, "height": 33.0,"chars": ["\u10bf"]},
{"type": "bitmap","file": "minecraft:font/area/port.png","ascent": -159.0, "height": 33.0,"chars": ["\u10c0"]},
{"type": "bitmap","file": "minecraft:font/area/port.png","ascent": -160.0, "height": 33.0,"chars": ["\u10c1"]},
{"type": "bitmap","file": "minecraft:font/area/port.png","ascent": -161.0, "height": 33.0,"chars": ["\u10c2"]},
{"type": "bitmap","file": "minecraft:font/area/port.png","ascent": -162.0, "height": 33.0,"chars": ["\u10c3"]},
{"type": "bitmap","file": "minecraft:font/area/port.png","ascent": -163.0, "height": 33.0,"chars": ["\u10c4"]},
{"type": "bitmap","file": "minecraft:font/area/port.png","ascent": -164.0, "height": 33.0,"chars": ["\u10c5"]},
{"type": "bitmap","file": "minecraft:font/area/port.png","ascent": -165.0, "height": 33.0,"chars": ["\u10c6"]},
{"type": "bitmap","file": "minecraft:font/area/port.png","ascent": -166.0, "height": 33.0,"chars": ["\u10c7"]},
{"type": "bitmap","file": "minecraft:font/area/port.png","ascent": -167.0, "height": 33.0,"chars": ["\u10c8"]},
{"type": "bitmap","file": "minecraft:font/area/port.png","ascent": -168.0, "height": 33.0,"chars": ["\u10c9"]},
{"type": "bitmap","file": "minecraft:font/area/port.png","ascent": -169.0, "height": 33.0,"chars": ["\u10ca"]},
{"type": "bitmap","file": "minecraft:font/area/port.png","ascent": -170.0, "height": 33.0,"chars": ["\u10cb"]},
{"type": "bitmap","file": "minecraft:font/area/port.png","ascent": -171.0, "height": 33.0,"chars": ["\u10cc"]},
{"type": "bitmap","file": "minecraft:font/area/port.png","ascent": -172.0, "height": 33.0,"chars": ["\u10cd"]},
{"type": "bitmap","file": "minecraft:font/area/port.png","ascent": -173.0, "height": 33.0,"chars": ["\u10ce"]},
{"type": "bitmap","file": "minecraft:font/area/port.png","ascent": -174.0, "height": 33.0,"chars": ["\u10cf"]},
{"type": "bitmap","file": "minecraft:font/area/port.png","ascent": -175.0, "height": 33.0,"chars": ["\u10d0"]},
{"type": "bitmap","file": "minecraft:font/area/port.png","ascent": -176.0, "height": 33.0,"chars": ["\u10d1"]},
{"type": "bitmap","file": "minecraft:font/area/port.png","ascent": -177.0, "height": 33.0,"chars": ["\u10d2"]},
{"type": "bitmap","file": "minecraft:font/area/port.png","ascent": -178.0, "height": 33.0,"chars": ["\u10d3"]},
{"type": "bitmap","file": "minecraft:font/area/port.png","ascent": -179.0, "height": 33.0,"chars": ["\u10d4"]},
{"type": "bitmap","file": "minecraft:font/area/port.png","ascent": -180.0, "height": 33.0,"chars": ["\u10d5"]},
{"type": "bitmap","file": "minecraft:font/area/port.png","ascent": -181.0, "height": 33.0,"chars": ["\u10d6"]},
{"type": "bitmap","file": "minecraft:font/area/port.png","ascent": -182.0, "height": 33.0,"chars": ["\u10d7"]},
{"type": "bitmap","file": "minecraft:font/area/port.png","ascent": -183.0, "height": 33.0,"chars": ["\u10d8"]},
{"type": "bitmap","file": "minecraft:font/area/port.png","ascent": -184.0, "height": 33.0,"chars": ["\u10d9"]},
{"type": "bitmap","file": "minecraft:font/area/port.png","ascent": -185.0, "height": 33.0,"chars": ["\u10da"]},
{"type": "bitmap","file": "minecraft:font/area/port.png","ascent": -186.0, "height": 33.0,"chars": ["\u10db"]},
{"type": "bitmap","file": "minecraft:font/area/port.png","ascent": -187.0, "height": 33.0,"chars": ["\u10dc"]},
{"type": "bitmap","file": "minecraft:font/area/port.png","ascent": -188.0, "height": 33.0,"chars": ["\u10dd"]},
{"type": "bitmap","file": "minecraft:font/area/port.png","ascent": -189.0, "height": 33.0,"chars": ["\u10de"]},
{"type": "bitmap","file": "minecraft:font/area/port.png","ascent": -190.0, "height": 33.0,"chars": ["\u10df"]},
{"type": "bitmap","file": "minecraft:font/area/port.png","ascent": -191.0, "height": 33.0,"chars": ["\u10e0"]},
{"type": "bitmap","file": "minecraft:font/area/port.png","ascent": -192.0, "height": 33.0,"chars": ["\u10e1"]},
{"type": "bitmap","file": "minecraft:font/area/port.png","ascent": -193.0, "height": 33.0,"chars": ["\u10e2"]},
{"type": "bitmap","file": "minecraft:font/area/port.png","ascent": -194.0, "height": 33.0,"chars": ["\u10e3"]},
{"type": "bitmap","file": "minecraft:font/area/port.png","ascent": -195.0, "height": 33.0,"chars": ["\u10e4"]},
{"type": "bitmap","file": "minecraft:font/area/port.png","ascent": -196.0, "height": 33.0,"chars": ["\u10e5"]},
{"type": "bitmap","file": "minecraft:font/area/port.png","ascent": -197.0, "height": 33.0,"chars": ["\u10e6"]},
{"type": "bitmap","file": "minecraft:font/area/port.png","ascent": -198.0, "height": 33.0,"chars": ["\u10e7"]},
{"type": "bitmap","file": "minecraft:font/area/port.png","ascent": -199.0, "height": 33.0,"chars": ["\u10e8"]},
{"type": "bitmap","file": "minecraft:font/area/port.png","ascent": -200.0, "height": 33.0,"chars": ["\u10e9"]},
{"type": "bitmap","file": "minecraft:font/area/port.png","ascent": -201.0, "height": 33.0,"chars": ["\u10ea"]},
{"type": "bitmap","file": "minecraft:font/area/port.png","ascent": -202.0, "height": 33.0,"chars": ["\u10eb"]},
{"type": "bitmap","file": "minecraft:font/area/port.png","ascent": -203.0, "height": 33.0,"chars": ["\u10ec"]},
{"type": "bitmap","file": "minecraft:font/area/port.png","ascent": -204.0, "height": 33.0,"chars": ["\u10ed"]},
{"type": "bitmap","file": "minecraft:font/area/port.png","ascent": -205.0, "height": 33.0,"chars": ["\u10ee"]},
{"type": "bitmap","file": "minecraft:font/area/port.png","ascent": -206.0, "height": 33.0,"chars": ["\u10ef"]},
{"type": "bitmap","file": "minecraft:font/area/port.png","ascent": -207.0, "height": 33.0,"chars": ["\u10f0"]},
{"type": "bitmap","file": "minecraft:font/area/port.png","ascent": -208.0, "height": 33.0,"chars": ["\u10f1"]},
{"type": "bitmap","file": "minecraft:font/area/port.png","ascent": -209.0, "height": 33.0,"chars": ["\u10f2"]},
{"type": "bitmap","file": "minecraft:font/area/port.png","ascent": -210.0, "height": 33.0,"chars": ["\u10f3"]},
{"type": "bitmap","file": "minecraft:font/area/port.png","ascent": -211.0, "height": 33.0,"chars": ["\u10f4"]},
{"type": "bitmap","file": "minecraft:font/area/port.png","ascent": -212.0, "height": 33.0,"chars": ["\u10f5"]},
{"type": "bitmap","file": "minecraft:font/area/port.png","ascent": -213.0, "height": 33.0,"chars": ["\u10f6"]},
{"type": "bitmap","file": "minecraft:font/area/port.png","ascent": -214.0, "height": 33.0,"chars": ["\u10f7"]},
{"type": "bitmap","file": "minecraft:font/area/port.png","ascent": -215.0, "height": 33.0,"chars": ["\u10f8"]},
{"type": "bitmap","file": "minecraft:font/area/port.png","ascent": -216.0, "height": 33.0,"chars": ["\u10f9"]},
{"type": "bitmap","file": "minecraft:font/area/port.png","ascent": -217.0, "height": 33.0,"chars": ["\u10fa"]},
{"type": "bitmap","file": "minecraft:font/area/port.png","ascent": -218.0, "height": 33.0,"chars": ["\u10fb"]},
{"type": "bitmap","file": "minecraft:font/area/port.png","ascent": -219.0, "height": 33.0,"chars": ["\u10fc"]},
{"type": "bitmap","file": "minecraft:font/area/port.png","ascent": -220.0, "height": 33.0,"chars": ["\u10fd"]},
{"type": "bitmap","file": "minecraft:font/area/port.png","ascent": -221.0, "height": 33.0,"chars": ["\u10fe"]},
{"type": "bitmap","file": "minecraft:font/area/port.png","ascent": -222.0, "height": 33.0,"chars": ["\u10ff"]},
{"type": "bitmap","file": "minecraft:font/area/port.png","ascent": -223.0, "height": 33.0,"chars": ["\u1100"]},
{"type": "bitmap","file": "minecraft:font/area/port.png","ascent": -224.0, "height": 33.0,"chars": ["\u1101"]},
{"type": "bitmap","file": "minecraft:font/area/port.png","ascent": -225.0, "height": 33.0,"chars": ["\u1102"]},
{"type": "bitmap","file": "minecraft:font/area/port.png","ascent": -226.0, "height": 33.0,"chars": ["\u1103"]},
{"type": "bitmap","file": "minecraft:font/area/port.png","ascent": -227.0, "height": 33.0,"chars": ["\u1104"]},
{"type": "bitmap","file": "minecraft:font/area/port.png","ascent": -228.0, "height": 33.0,"chars": ["\u1105"]},
{"type": "bitmap","file": "minecraft:font/area/port.png","ascent": -229.0, "height": 33.0,"chars": ["\u1106"]},
{"type": "bitmap","file": "minecraft:font/area/port.png","ascent": -230.0, "height": 33.0,"chars": ["\u1107"]},
{"type": "bitmap","file": "minecraft:font/area/port.png","ascent": -231.0, "height": 33.0,"chars": ["\u1108"]},
{"type": "bitmap","file": "minecraft:font/area/port.png","ascent": -232.0, "height": 33.0,"chars": ["\u1109"]},
{"type": "bitmap","file": "minecraft:font/area/port.png","ascent": -233.0, "height": 33.0,"chars": ["\u110a"]},
{"type": "bitmap","file": "minecraft:font/area/port.png","ascent": -234.0, "height": 33.0,"chars": ["\u110b"]},
{"type": "bitmap","file": "minecraft:font/area/port.png","ascent": -235.0, "height": 33.0,"chars": ["\u110c"]},
{"type": "bitmap","file": "minecraft:font/area/port.png","ascent": -236.0, "height": 33.0,"chars": ["\u110d"]},
{"type": "bitmap","file": "minecraft:font/area/port.png","ascent": -237.0, "height": 33.0,"chars": ["\u110e"]},
{"type": "bitmap","file": "minecraft:font/area/port.png","ascent": -238.0, "height": 33.0,"chars": ["\u110f"]},
{"type": "bitmap","file": "minecraft:font/area/port.png","ascent": -239.0, "height": 33.0,"chars": ["\u1110"]},
{"type": "bitmap","file": "minecraft:font/area/port.png","ascent": -240.0, "height": 33.0,"chars": ["\u1111"]},
{"type": "bitmap","file": "minecraft:font/area/port.png","ascent": -241.0, "height": 33.0,"chars": ["\u1112"]},
{"type": "bitmap","file": "minecraft:font/area/port.png","ascent": -242.0, "height": 33.0,"chars": ["\u1113"]},
{"type": "bitmap","file": "minecraft:font/area/port.png","ascent": -243.0, "height": 33.0,"chars": ["\u1114"]},
{"type": "bitmap","file": "minecraft:font/area/port.png","ascent": -244.0, "height": 33.0,"chars": ["\u1115"]},
{"type": "bitmap","file": "minecraft:font/area/port.png","ascent": -245.0, "height": 33.0,"chars": ["\u1116"]},
{"type": "bitmap","file": "minecraft:font/area/port.png","ascent": -246.0, "height": 33.0,"chars": ["\u1117"]},
{"type": "bitmap","file": "minecraft:font/area/port.png","ascent": -247.0, "height": 33.0,"chars": ["\u1118"]},
{"type": "bitmap","file": "minecraft:font/area/port.png","ascent": -248.0, "height": 33.0,"chars": ["\u1119"]},
{"type": "bitmap","file": "minecraft:font/area/port.png","ascent": -249.0, "height": 33.0,"chars": ["\u111a"]},
{"type": "bitmap","file": "minecraft:font/area/port.png","ascent": -250.0, "height": 33.0,"chars": ["\u111b"]},
{"type": "bitmap","file": "minecraft:font/area/port.png","ascent": -251.0, "height": 33.0,"chars": ["\u111c"]},
{"type": "bitmap","file": "minecraft:font/area/port.png","ascent": -252.0, "height": 33.0,"chars": ["\u111d"]},
{"type": "bitmap","file": "minecraft:font/area/port.png","ascent": -253.0, "height": 33.0,"chars": ["\u111e"]},
{"type": "bitmap","file": "minecraft:font/area/port.png","ascent": -254.0, "height": 33.0,"chars": ["\u111f"]},
{"type": "bitmap","file": "minecraft:font/area/port.png","ascent": -255.0, "height": 33.0,"chars": ["\u1120"]},
{"type": "bitmap","file": "minecraft:font/area/port.png","ascent": -256.0, "height": 33.0,"chars": ["\u1121"]},
{"type": "bitmap","file": "minecraft:font/area/port.png","ascent": -257.0, "height": 33.0,"chars": ["\u1122"]},
{"type": "bitmap","file": "minecraft:font/area/port.png","ascent": -258.0, "height": 33.0,"chars": ["\u1123"]},
{"type": "bitmap","file": "minecraft:font/area/port.png","ascent": -259.0, "height": 33.0,"chars": ["\u1124"]},
{"type": "bitmap","file": "minecraft:font/area/port.png","ascent": -260.0, "height": 33.0,"chars": ["\u1125"]},
{"type": "bitmap","file": "minecraft:font/area/port.png","ascent": -261.0, "height": 33.0,"chars": ["\u1126"]},
{"type": "bitmap","file": "minecraft:font/area/port.png","ascent": -262.0, "height": 33.0,"chars": ["\u1127"]},
{"type": "bitmap","file": "minecraft:font/area/port.png","ascent": -263.0, "height": 33.0,"chars": ["\u1128"]},
{"type": "bitmap","file": "minecraft:font/area/port.png","ascent": -264.0, "height": 33.0,"chars": ["\u1129"]},
{"type": "bitmap","file": "minecraft:font/area/port.png","ascent": -265.0, "height": 33.0,"chars": ["\u112a"]},
{"type": "bitmap","file": "minecraft:font/area/port.png","ascent": -266.0, "height": 33.0,"chars": ["\u112b"]},
{"type": "bitmap","file": "minecraft:font/area/port.png","ascent": -267.0, "height": 33.0,"chars": ["\u112c"]},
{"type": "bitmap","file": "minecraft:font/area/port.png","ascent": -268.0, "height": 33.0,"chars": ["\u112d"]},
{"type": "bitmap","file": "minecraft:font/area/port.png","ascent": -269.0, "height": 33.0,"chars": ["\u112e"]},
{"type": "bitmap","file": "minecraft:font/area/port.png","ascent": -270.0, "height": 33.0,"chars": ["\u112f"]},
{"type": "bitmap","file": "minecraft:font/area/port.png","ascent": -271.0, "height": 33.0,"chars": ["\u1130"]},
{"type": "bitmap","file": "minecraft:font/area/port.png","ascent": -272.0, "height": 33.0,"chars": ["\u1131"]},
{"type": "bitmap","file": "minecraft:font/area/port.png","ascent": -273.0, "height": 33.0,"chars": ["\u1132"]},
{"type": "bitmap","file": "minecraft:font/area/port.png","ascent": -274.0, "height": 33.0,"chars": ["\u1133"]},
{"type": "bitmap","file": "minecraft:font/area/port.png","ascent": -275.0, "height": 33.0,"chars": ["\u1134"]},
{"type": "bitmap","file": "minecraft:font/area/port.png","ascent": -276.0, "height": 33.0,"chars": ["\u1135"]},
{"type": "bitmap","file": "minecraft:font/area/port.png","ascent": -277.0, "height": 33.0,"chars": ["\u1136"]},
{"type": "bitmap","file": "minecraft:font/area/port.png","ascent": -278.0, "height": 33.0,"chars": ["\u1137"]},
{"type": "bitmap","file": "minecraft:font/area/port.png","ascent": -279.0, "height": 33.0,"chars": ["\u1138"]},
{"type": "bitmap","file": "minecraft:font/area/port.png","ascent": -280.0, "height": 33.0,"chars": ["\u1139"]},
{"type": "bitmap","file": "minecraft:font/area/port.png","ascent": -281.0, "height": 33.0,"chars": ["\u113a"]},
{"type": "bitmap","file": "minecraft:font/area/port.png","ascent": -282.0, "height": 33.0,"chars": ["\u113b"]},
{"type": "bitmap","file": "minecraft:font/area/port.png","ascent": -283.0, "height": 33.0,"chars": ["\u113c"]},
{"type": "bitmap","file": "minecraft:font/area/port.png","ascent": -284.0, "height": 33.0,"chars": ["\u113d"]},
{"type": "bitmap","file": "minecraft:font/area/port.png","ascent": -285.0, "height": 33.0,"chars": ["\u113e"]},
{"type": "bitmap","file": "minecraft:font/area/port.png","ascent": -286.0, "height": 33.0,"chars": ["\u113f"]},
{"type": "bitmap","file": "minecraft:font/area/port.png","ascent": -287.0, "height": 33.0,"chars": ["\u1140"]},
{"type": "bitmap","file": "minecraft:font/area/port.png","ascent": -288.0, "height": 33.0,"chars": ["\u1141"]},
{"type": "bitmap","file": "minecraft:font/area/port.png","ascent": -289.0, "height": 33.0,"chars": ["\u1142"]},
{"type": "bitmap","file": "minecraft:font/area/port.png","ascent": -290.0, "height": 33.0,"chars": ["\u1143"]},
{"type": "bitmap","file": "minecraft:font/area/port.png","ascent": -291.0, "height": 33.0,"chars": ["\u1144"]},
{"type": "bitmap","file": "minecraft:font/area/port.png","ascent": -292.0, "height": 33.0,"chars": ["\u1145"]},
{"type": "bitmap","file": "minecraft:font/area/port.png","ascent": -293.0, "height": 33.0,"chars": ["\u1146"]},
{"type": "bitmap","file": "minecraft:font/area/port.png","ascent": -294.0, "height": 33.0,"chars": ["\u1147"]},
{"type": "bitmap","file": "minecraft:font/area/port.png","ascent": -295.0, "height": 33.0,"chars": ["\u1148"]},
{"type": "bitmap","file": "minecraft:font/area/port.png","ascent": -296.0, "height": 33.0,"chars": ["\u1149"]},
{"type": "bitmap","file": "minecraft:font/area/port.png","ascent": -297.0, "height": 33.0,"chars": ["\u114a"]},
{"type": "bitmap","file": "minecraft:font/area/port.png","ascent": -298.0, "height": 33.0,"chars": ["\u114b"]},
{"type": "bitmap","file": "minecraft:font/area/port.png","ascent": -299.0, "height": 33.0,"chars": ["\u114c"]},
{"type": "bitmap","file": "minecraft:font/area/port.png","ascent": -300.0, "height": 33.0,"chars": ["\u114d"]},
{"type": "bitmap","file": "minecraft:font/area/port.png","ascent": -301.0, "height": 33.0,"chars": ["\u114e"]},
{"type": "bitmap","file": "minecraft:font/area/port.png","ascent": -302.0, "height": 33.0,"chars": ["\u114f"]},
{"type": "bitmap","file": "minecraft:font/area/port.png","ascent": -303.0, "height": 33.0,"chars": ["\u1150"]},
{"type": "bitmap","file": "minecraft:font/area/port.png","ascent": -304.0, "height": 33.0,"chars": ["\u1151"]},
{"type": "bitmap","file": "minecraft:font/area/port.png","ascent": -305.0, "height": 33.0,"chars": ["\u1152"]},
{"type": "bitmap","file": "minecraft:font/area/port.png","ascent": -306.0, "height": 33.0,"chars": ["\u1153"]},
{"type": "bitmap","file": "minecraft:font/area/port.png","ascent": -307.0, "height": 33.0,"chars": ["\u1154"]},
{"type": "bitmap","file": "minecraft:font/area/port.png","ascent": -308.0, "height": 33.0,"chars": ["\u1155"]},
{"type": "bitmap","file": "minecraft:font/area/port.png","ascent": -309.0, "height": 33.0,"chars": ["\u1156"]},
{"type": "bitmap","file": "minecraft:font/area/port.png","ascent": -310.0, "height": 33.0,"chars": ["\u1157"]},
{"type": "bitmap","file": "minecraft:font/area/port.png","ascent": -311.0, "height": 33.0,"chars": ["\u1158"]},
{"type": "bitmap","file": "minecraft:font/area/port.png","ascent": -312.0, "height": 33.0,"chars": ["\u1159"]},
{"type": "bitmap","file": "minecraft:font/area/port.png","ascent": -313.0, "height": 33.0,"chars": ["\u115a"]},
{"type": "bitmap","file": "minecraft:font/area/port.png","ascent": -314.0, "height": 33.0,"chars": ["\u115b"]},
{"type": "bitmap","file": "minecraft:font/area/port.png","ascent": -315.0, "height": 33.0,"chars": ["\u115c"]},
{"type": "bitmap","file": "minecraft:font/area/port.png","ascent": -316.0, "height": 33.0,"chars": ["\u115d"]},
{"type": "bitmap","file": "minecraft:font/area/port.png","ascent": -317.0, "height": 33.0,"chars": ["\u115e"]},
{"type": "bitmap","file": "minecraft:font/area/port.png","ascent": -318.0, "height": 33.0,"chars": ["\u115f"]},
{"type": "bitmap","file": "minecraft:font/area/port.png","ascent": -319.0, "height": 33.0,"chars": ["\u1160"]},
{"type": "bitmap","file": "minecraft:font/area/port.png","ascent": -320.0, "height": 33.0,"chars": ["\u1161"]},
{"type": "bitmap","file": "minecraft:font/area/port.png","ascent": -321.0, "height": 33.0,"chars": ["\u1162"]},
{"type": "bitmap","file": "minecraft:font/area/port.png","ascent": -322.0, "height": 33.0,"chars": ["\u1163"]},
{"type": "bitmap","file": "minecraft:font/area/port.png","ascent": -323.0, "height": 33.0,"chars": ["\u1164"]},
{"type": "bitmap","file": "minecraft:font/area/port.png","ascent": -324.0, "height": 33.0,"chars": ["\u1165"]},
{"type": "bitmap","file": "minecraft:font/area/port.png","ascent": -325.0, "height": 33.0,"chars": ["\u1166"]},
{"type": "bitmap","file": "minecraft:font/area/port.png","ascent": -326.0, "height": 33.0,"chars": ["\u1167"]},
{"type": "bitmap","file": "minecraft:font/area/port.png","ascent": -327.0, "height": 33.0,"chars": ["\u1168"]},
{"type": "bitmap","file": "minecraft:font/area/port.png","ascent": -328.0, "height": 33.0,"chars": ["\u1169"]},
{"type": "bitmap","file": "minecraft:font/area/port.png","ascent": -329.0, "height": 33.0,"chars": ["\u116a"]},
{"type": "bitmap","file": "minecraft:font/area/port.png","ascent": -330.0, "height": 33.0,"chars": ["\u116b"]},
{"type": "bitmap","file": "minecraft:font/area/port.png","ascent": -331.0, "height": 33.0,"chars": ["\u116c"]},
{"type": "bitmap","file": "minecraft:font/area/port.png","ascent": -332.0, "height": 33.0,"chars": ["\u116d"]},
{"type": "bitmap","file": "minecraft:font/area/port.png","ascent": -333.0, "height": 33.0,"chars": ["\u116e"]},
{"type": "bitmap","file": "minecraft:font/area/port.png","ascent": -334.0, "height": 33.0,"chars": ["\u116f"]},
{"type": "bitmap","file": "minecraft:font/area/port.png","ascent": -335.0, "height": 33.0,"chars": ["\u1170"]},
{"type": "bitmap","file": "minecraft:font/area/port.png","ascent": -336.0, "height": 33.0,"chars": ["\u1171"]},
{"type": "bitmap","file": "minecraft:font/area/port.png","ascent": -337.0, "height": 33.0,"chars": ["\u1172"]},
{"type": "bitmap","file": "minecraft:font/area/port.png","ascent": -338.0, "height": 33.0,"chars": ["\u1173"]},
{"type": "bitmap","file": "minecraft:font/area/port.png","ascent": -339.0, "height": 33.0,"chars": ["\u1174"]},
{"type": "bitmap","file": "minecraft:font/area/port.png","ascent": -340.0, "height": 33.0,"chars": ["\u1175"]},
{"type": "bitmap","file": "minecraft:font/area/port.png","ascent": -341.0, "height": 33.0,"chars": ["\u1176"]},
{"type": "bitmap","file": "minecraft:font/area/port.png","ascent": -342.0, "height": 33.0,"chars": ["\u1177"]},
{"type": "bitmap","file": "minecraft:font/area/port.png","ascent": -343.0, "height": 33.0,"chars": ["\u1178"]},
{"type": "bitmap","file": "minecraft:font/area/port.png","ascent": -344.0, "height": 33.0,"chars": ["\u1179"]},
{"type": "bitmap","file": "minecraft:font/area/port.png","ascent": -345.0, "height": 33.0,"chars": ["\u117a"]},
{"type": "bitmap","file": "minecraft:font/area/port.png","ascent": -346.0, "height": 33.0,"chars": ["\u117b"]},
{"type": "bitmap","file": "minecraft:font/area/port.png","ascent": -347.0, "height": 33.0,"chars": ["\u117c"]},
{"type": "bitmap","file": "minecraft:font/area/port.png","ascent": -348.0, "height": 33.0,"chars": ["\u117d"]},
{"type": "bitmap","file": "minecraft:font/area/port.png","ascent": -349.0, "height": 33.0,"chars": ["\u117e"]},
{"type": "bitmap","file": "minecraft:font/area/port.png","ascent": -350.0, "height": 33.0,"chars": ["\u117f"]},
{"type": "bitmap","file": "minecraft:font/area/port.png","ascent": -351.0, "height": 33.0,"chars": ["\u1180"]},
{"type": "bitmap","file": "minecraft:font/area/port.png","ascent": -352.0, "height": 33.0,"chars": ["\u1181"]},
{"type": "bitmap","file": "minecraft:font/area/port.png","ascent": -353.0, "height": 33.0,"chars": ["\u1182"]},
{"type": "bitmap","file": "minecraft:font/area/port.png","ascent": -354.0, "height": 33.0,"chars": ["\u1183"]},
{"type": "bitmap","file": "minecraft:font/area/port.png","ascent": -355.0, "height": 33.0,"chars": ["\u1184"]},
{"type": "bitmap","file": "minecraft:font/area/port.png","ascent": -356.0, "height": 33.0,"chars": ["\u1185"]},
{"type": "bitmap","file": "minecraft:font/area/port.png","ascent": -357.0, "height": 33.0,"chars": ["\u1186"]},
{"type": "bitmap","file": "minecraft:font/area/port.png","ascent": -358.0, "height": 33.0,"chars": ["\u1187"]},
{"type": "bitmap","file": "minecraft:font/area/port.png","ascent": -359.0, "height": 33.0,"chars": ["\u1188"]},
{"type": "bitmap","file": "minecraft:font/area/port.png","ascent": -360.0, "height": 33.0,"chars": ["\u1189"]},
{"type": "bitmap","file": "minecraft:font/area/port.png","ascent": -361.0, "height": 33.0,"chars": ["\u118a"]},
{"type": "bitmap","file": "minecraft:font/area/port.png","ascent": -362.0, "height": 33.0,"chars": ["\u118b"]},
{"type": "bitmap","file": "minecraft:font/area/port.png","ascent": -363.0, "height": 33.0,"chars": ["\u118c"]},
{"type": "bitmap","file": "minecraft:font/area/port.png","ascent": -364.0, "height": 33.0,"chars": ["\u118d"]},
{"type": "bitmap","file": "minecraft:font/area/port.png","ascent": -365.0, "height": 33.0,"chars": ["\u118e"]},
{"type": "bitmap","file": "minecraft:font/area/port.png","ascent": -366.0, "height": 33.0,"chars": ["\u118f"]},
{"type": "bitmap","file": "minecraft:font/area/port.png","ascent": -367.0, "height": 33.0,"chars": ["\u1190"]},
{"type": "bitmap","file": "minecraft:font/area/port.png","ascent": -368.0, "height": 33.0,"chars": ["\u1191"]},
{"type": "bitmap","file": "minecraft:font/area/port.png","ascent": -369.0, "height": 33.0,"chars": ["\u1192"]},
{"type": "bitmap","file": "minecraft:font/area/port.png","ascent": -370.0, "height": 33.0,"chars": ["\u1193"]},
{"type": "bitmap","file": "minecraft:font/area/port.png","ascent": -371.0, "height": 33.0,"chars": ["\u1194"]},
{"type": "bitmap","file": "minecraft:font/area/port.png","ascent": -372.0, "height": 33.0,"chars": ["\u1195"]},
{"type": "bitmap","file": "minecraft:font/area/port.png","ascent": -373.0, "height": 33.0,"chars": ["\u1196"]},
{"type": "bitmap","file": "minecraft:font/area/port.png","ascent": -374.0, "height": 33.0,"chars": ["\u1197"]},
{"type": "bitmap","file": "minecraft:font/area/port.png","ascent": -375.0, "height": 33.0,"chars": ["\u1198"]},
{"type": "bitmap","file": "minecraft:font/area/port.png","ascent": -376.0, "height": 33.0,"chars": ["\u1199"]},
{"type": "bitmap","file": "minecraft:font/area/port.png","ascent": -377.0, "height": 33.0,"chars": ["\u119a"]},
{"type": "bitmap","file": "minecraft:font/area/port.png","ascent": -378.0, "height": 33.0,"chars": ["\u119b"]},
{"type": "bitmap","file": "minecraft:font/area/port.png","ascent": -379.0, "height": 33.0,"chars": ["\u119c"]},
{"type": "bitmap","file": "minecraft:font/area/port.png","ascent": -380.0, "height": 33.0,"chars": ["\u119d"]},
{"type": "bitmap","file": "minecraft:font/area/port.png","ascent": -381.0, "height": 33.0,"chars": ["\u119e"]},
{"type": "bitmap","file": "minecraft:font/area/port.png","ascent": -382.0, "height": 33.0,"chars": ["\u119f"]},
{"type": "bitmap","file": "minecraft:font/area/port.png","ascent": -383.0, "height": 33.0,"chars": ["\u11a0"]},
{"type": "bitmap","file": "minecraft:font/area/port.png","ascent": -384.0, "height": 33.0,"chars": ["\u11a1"]},
{"type": "bitmap","file": "minecraft:font/area/port.png","ascent": -385.0, "height": 33.0,"chars": ["\u11a2"]},
{"type": "bitmap","file": "minecraft:font/area/port.png","ascent": -386.0, "height": 33.0,"chars": ["\u11a3"]},
{"type": "bitmap","file": "minecraft:font/area/port.png","ascent": -387.0, "height": 33.0,"chars": ["\u11a4"]},
{"type": "bitmap","file": "minecraft:font/area/port.png","ascent": -388.0, "height": 33.0,"chars": ["\u11a5"]},
{"type": "bitmap","file": "minecraft:font/area/port.png","ascent": -389.0, "height": 33.0,"chars": ["\u11a6"]},
{"type": "bitmap","file": "minecraft:font/area/port.png","ascent": -390.0, "height": 33.0,"chars": ["\u11a7"]},
{"type": "bitmap","file": "minecraft:font/area/port.png","ascent": -391.0, "height": 33.0,"chars": ["\u11a8"]},
{"type": "bitmap","file": "minecraft:font/area/port.png","ascent": -392.0, "height": 33.0,"chars": ["\u11a9"]},
{"type": "bitmap","file": "minecraft:font/area/port.png","ascent": -393.0, "height": 33.0,"chars": ["\u11aa"]},
{"type": "bitmap","file": "minecraft:font/area/port.png","ascent": -394.0, "height": 33.0,"chars": ["\u11ab"]},
{"type": "bitmap","file": "minecraft:font/area/port.png","ascent": -395.0, "height": 33.0,"chars": ["\u11ac"]},
{"type": "bitmap","file": "minecraft:font/area/port.png","ascent": -396.0, "height": 33.0,"chars": ["\u11ad"]},
{"type": "bitmap","file": "minecraft:font/area/port.png","ascent": -397.0, "height": 33.0,"chars": ["\u11ae"]},
{"type": "bitmap","file": "minecraft:font/area/port.png","ascent": -398.0, "height": 33.0,"chars": ["\u11af"]},
{"type": "bitmap","file": "minecraft:font/area/port.png","ascent": -399.0, "height": 33.0,"chars": ["\u11b0"]},
{"type": "bitmap","file": "minecraft:font/area/port.png","ascent": -400.0, "height": 33.0,"chars": ["\u11b1"]},
{"type": "bitmap","file": "minecraft:font/area/port.png","ascent": -401.0, "height": 33.0,"chars": ["\u11b2"]},
{"type": "bitmap","file": "minecraft:font/area/port.png","ascent": -402.0, "height": 33.0,"chars": ["\u11b3"]},
{"type": "bitmap","file": "minecraft:font/area/port.png","ascent": -403.0, "height": 33.0,"chars": ["\u11b4"]},
{"type": "bitmap","file": "minecraft:font/area/port.png","ascent": -404.0, "height": 33.0,"chars": ["\u11b5"]},
{"type": "bitmap","file": "minecraft:font/area/port.png","ascent": -405.0, "height": 33.0,"chars": ["\u11b6"]},
{"type": "bitmap","file": "minecraft:font/area/port.png","ascent": -406.0, "height": 33.0,"chars": ["\u11b7"]},
{"type": "bitmap","file": "minecraft:font/area/port.png","ascent": -407.0, "height": 33.0,"chars": ["\u11b8"]},
{"type": "bitmap","file": "minecraft:font/area/port.png","ascent": -408.0, "height": 33.0,"chars": ["\u11b9"]},
{"type": "bitmap","file": "minecraft:font/area/port.png","ascent": -409.0, "height": 33.0,"chars": ["\u11ba"]},
{"type": "bitmap","file": "minecraft:font/area/port.png","ascent": -410.0, "height": 33.0,"chars": ["\u11bb"]},
{"type": "bitmap","file": "minecraft:font/area/port.png","ascent": -411.0, "height": 33.0,"chars": ["\u11bc"]},
{"type": "bitmap","file": "minecraft:font/area/port.png","ascent": -412.0, "height": 33.0,"chars": ["\u11bd"]},
{"type": "bitmap","file": "minecraft:font/area/port.png","ascent": -413.0, "height": 33.0,"chars": ["\u11be"]},
{"type": "bitmap","file": "minecraft:font/area/port.png","ascent": -414.0, "height": 33.0,"chars": ["\u11bf"]},
{"type": "bitmap","file": "minecraft:font/area/port.png","ascent": -415.0, "height": 33.0,"chars": ["\u11c0"]},
{"type": "bitmap","file": "minecraft:font/area/port.png","ascent": -416.0, "height": 33.0,"chars": ["\u11c1"]},
{"type": "bitmap","file": "minecraft:font/area/port.png","ascent": -417.0, "height": 33.0,"chars": ["\u11c2"]},
{"type": "bitmap","file": "minecraft:font/area/port.png","ascent": -418.0, "height": 33.0,"chars": ["\u11c3"]},
{"type": "bitmap","file": "minecraft:font/area/port.png","ascent": -419.0, "height": 33.0,"chars": ["\u11c4"]},
{"type": "bitmap","file": "minecraft:font/area/port.png","ascent": -420.0, "height": 33.0,"chars": ["\u11c5"]},
{"type": "bitmap","file": "minecraft:font/area/port.png","ascent": -421.0, "height": 33.0,"chars": ["\u11c6"]},
{"type": "bitmap","file": "minecraft:font/area/port.png","ascent": -422.0, "height": 33.0,"chars": ["\u11c7"]},
{"type": "bitmap","file": "minecraft:font/area/port.png","ascent": -423.0, "height": 33.0,"chars": ["\u11c8"]},
{"type": "bitmap","file": "minecraft:font/area/port.png","ascent": -424.0, "height": 33.0,"chars": ["\u11c9"]},
{"type": "bitmap","file": "minecraft:font/area/port.png","ascent": -425.0, "height": 33.0,"chars": ["\u11ca"]},
{"type": "bitmap","file": "minecraft:font/area/port.png","ascent": -426.0, "height": 33.0,"chars": ["\u11cb"]},
{"type": "bitmap","file": "minecraft:font/area/port.png","ascent": -427.0, "height": 33.0,"chars": ["\u11cc"]},
{"type": "bitmap","file": "minecraft:font/area/port.png","ascent": -428.0, "height": 33.0,"chars": ["\u11cd"]},
{"type": "bitmap","file": "minecraft:font/area/port.png","ascent": -429.0, "height": 33.0,"chars": ["\u11ce"]},
{"type": "bitmap","file": "minecraft:font/area/port.png","ascent": -430.0, "height": 33.0,"chars": ["\u11cf"]},
{"type": "bitmap","file": "minecraft:font/area/port.png","ascent": -431.0, "height": 33.0,"chars": ["\u11d0"]},
{"type": "bitmap","file": "minecraft:font/area/port.png","ascent": -432.0, "height": 33.0,"chars": ["\u11d1"]},
{"type": "bitmap","file": "minecraft:font/area/port.png","ascent": -433.0, "height": 33.0,"chars": ["\u11d2"]},
{"type": "bitmap","file": "minecraft:font/area/port.png","ascent": -434.0, "height": 33.0,"chars": ["\u11d3"]},
{"type": "bitmap","file": "minecraft:font/area/port.png","ascent": -435.0, "height": 33.0,"chars": ["\u11d4"]},
{"type": "bitmap","file": "minecraft:font/area/port.png","ascent": -436.0, "height": 33.0,"chars": ["\u11d5"]},
{"type": "bitmap","file": "minecraft:font/area/port.png","ascent": -437.0, "height": 33.0,"chars": ["\u11d6"]},
{"type": "bitmap","file": "minecraft:font/area/port.png","ascent": -438.0, "height": 33.0,"chars": ["\u11d7"]},
{"type": "bitmap","file": "minecraft:font/area/port.png","ascent": -439.0, "height": 33.0,"chars": ["\u11d8"]},
{"type": "bitmap","file": "minecraft:font/area/port.png","ascent": -440.0, "height": 33.0,"chars": ["\u11d9"]},
{"type": "bitmap","file": "minecraft:font/area/port.png","ascent": -441.0, "height": 33.0,"chars": ["\u11da"]},
{"type": "bitmap","file": "minecraft:font/area/port.png","ascent": -442.0, "height": 33.0,"chars": ["\u11db"]},
{"type": "bitmap","file": "minecraft:font/area/port.png","ascent": -443.0, "height": 33.0,"chars": ["\u11dc"]},
{"type": "bitmap","file": "minecraft:font/area/port.png","ascent": -444.0, "height": 33.0,"chars": ["\u11dd"]},
{"type": "bitmap","file": "minecraft:font/area/port.png","ascent": -445.0, "height": 33.0,"chars": ["\u11de"]},
{"type": "bitmap","file": "minecraft:font/area/port.png","ascent": -446.0, "height": 33.0,"chars": ["\u11df"]},
{"type": "bitmap","file": "minecraft:font/area/port.png","ascent": -447.0, "height": 33.0,"chars": ["\u11e0"]},
{"type": "bitmap","file": "minecraft:font/area/port.png","ascent": -448.0, "height": 33.0,"chars": ["\u11e1"]},
{"type": "bitmap","file": "minecraft:font/area/port.png","ascent": -449.0, "height": 33.0,"chars": ["\u11e2"]},
{"type": "bitmap","file": "minecraft:font/area/port.png","ascent": -450.0, "height": 33.0,"chars": ["\u11e3"]},
{"type": "bitmap","file": "minecraft:font/area/port.png","ascent": -451.0, "height": 33.0,"chars": ["\u11e4"]},
{"type": "bitmap","file": "minecraft:font/area/port.png","ascent": -452.0, "height": 33.0,"chars": ["\u11e5"]},
{"type": "bitmap","file": "minecraft:font/area/port.png","ascent": -453.0, "height": 33.0,"chars": ["\u11e6"]},
{"type": "bitmap","file": "minecraft:font/area/port.png","ascent": -454.0, "height": 33.0,"chars": ["\u11e7"]},
{"type": "bitmap","file": "minecraft:font/area/port.png","ascent": -455.0, "height": 33.0,"chars": ["\u11e8"]},
{"type": "bitmap","file": "minecraft:font/area/port.png","ascent": -456.0, "height": 33.0,"chars": ["\u11e9"]},
{"type": "bitmap","file": "minecraft:font/area/port.png","ascent": -457.0, "height": 33.0,"chars": ["\u11ea"]},
{"type": "bitmap","file": "minecraft:font/area/port.png","ascent": -458.0, "height": 33.0,"chars": ["\u11eb"]},
{"type": "bitmap","file": "minecraft:font/area/port.png","ascent": -459.0, "height": 33.0,"chars": ["\u11ec"]},
{"type": "bitmap","file": "minecraft:font/area/port.png","ascent": -460.0, "height": 33.0,"chars": ["\u11ed"]},
{"type": "bitmap","file": "minecraft:font/area/port.png","ascent": -461.0, "height": 33.0,"chars": ["\u11ee"]},
{"type": "bitmap","file": "minecraft:font/area/port.png","ascent": -462.0, "height": 33.0,"chars": ["\u11ef"]},
{"type": "bitmap","file": "minecraft:font/area/port.png","ascent": -463.0, "height": 33.0,"chars": ["\u11f0"]},
{"type": "bitmap","file": "minecraft:font/area/port.png","ascent": -464.0, "height": 33.0,"chars": ["\u11f1"]},
{"type": "bitmap","file": "minecraft:font/area/port.png","ascent": -465.0, "height": 33.0,"chars": ["\u11f2"]},
{"type": "bitmap","file": "minecraft:font/area/port.png","ascent": -466.0, "height": 33.0,"chars": ["\u11f3"]},
{"type": "bitmap","file": "minecraft:font/area/port.png","ascent": -467.0, "height": 33.0,"chars": ["\u11f4"]},
{"type": "bitmap","file": "minecraft:font/area/port.png","ascent": -468.0, "height": 33.0,"chars": ["\u11f5"]},
{"type": "bitmap","file": "minecraft:font/area/port.png","ascent": -469.0, "height": 33.0,"chars": ["\u11f6"]},
{"type": "bitmap","file": "minecraft:font/area/port.png","ascent": -470.0, "height": 33.0,"chars": ["\u11f7"]},
{"type": "bitmap","file": "minecraft:font/area/port.png","ascent": -471.0, "height": 33.0,"chars": ["\u11f8"]},
{"type": "bitmap","file": "minecraft:font/area/port.png","ascent": -472.0, "height": 33.0,"chars": ["\u11f9"]},
{"type": "bitmap","file": "minecraft:font/area/port.png","ascent": -473.0, "height": 33.0,"chars": ["\u11fa"]},
{"type": "bitmap","file": "minecraft:font/area/port.png","ascent": -474.0, "height": 33.0,"chars": ["\u11fb"]},
{"type": "bitmap","file": "minecraft:font/area/port.png","ascent": -475.0, "height": 33.0,"chars": ["\u11fc"]},
{"type": "bitmap","file": "minecraft:font/area/port.png","ascent": -476.0, "height": 33.0,"chars": ["\u11fd"]},
{"type": "bitmap","file": "minecraft:font/area/port.png","ascent": -477.0, "height": 33.0,"chars": ["\u11fe"]},
{"type": "bitmap","file": "minecraft:font/area/port.png","ascent": -478.0, "height": 33.0,"chars": ["\u11ff"]}]}