{
	"model": {
	  "type": "minecraft:select",
	  "property": "minecraft:display_context",
	  "cases": [
		{
		  "when": "gui",
		  "model": {
			"type": "minecraft:model",
			"model": "minecraft:item/gold_ingot"
		  }
		},
		{
		  "when": "ground",
		  "model": {
			"type": "minecraft:model",
			"model": "minecraft:item/iron_ingot"
		  }
		},
		{
			"when": "firstperson_righthand",
			"model": {
			  "type": "minecraft:model",
			  "model": "minecraft:item/diamond"
			}
		}
	  ],
	  "fallback": {
		"type": "minecraft:model",
		"model": "minecraft:item/apple"
	  }
	}
  }