{
	"textures": {
		"0": "animated_java:item/animal_boar/boar"
	},
	"display": {
		"head": {
			"rotation": [0, 180, 0]
		}
	},
	"elements": [
		{
			"from": [5.75, -1.75, 4.25],
			"to": [9.5, 9.5, 11.75],
			"rotation": {
				"angle": 0,
				"axis": "y",
				"origin": [2, 5.75, 19.25]
			},
			"faces": {
				"north": {
					"uv": [7.875, 10.875, 8.25, 12.25],
					"texture": "#0"
				},
				"east": {
					"uv": [7, 10.875, 7.875, 12.25],
					"texture": "#0"
				},
				"south": {
					"uv": [9.125, 10.875, 9.5, 12.25],
					"texture": "#0"
				},
				"west": {
					"uv": [8.25, 10.875, 9.125, 12.25],
					"texture": "#0"
				},
				"up": {
					"uv": [8.25, 10.875, 7.875, 10],
					"texture": "#0"
				},
				"down": {
					"uv": [8.625, 10, 8.25, 10.875],
					"texture": "#0"
				}
			}
		}
	]
}