{
	"textures": {
		"0": "animated_java:item/animal_boar/boar"
	},
	"display": {
		"head": {
			"rotation": [0, 180, 0]
		}
	},
	"elements": [
		{
			"from": [6.5, -1.75, 4.25],
			"to": [10.25, 9.5, 11.75],
			"rotation": {
				"angle": 0,
				"axis": "y",
				"origin": [14, 5.75, 19.25]
			},
			"faces": {
				"north": {
					"uv": [5.25, 10, 5.625, 11.375],
					"texture": "#0"
				},
				"east": {
					"uv": [4.375, 10, 5.25, 11.375],
					"texture": "#0"
				},
				"south": {
					"uv": [6.5, 10, 6.875, 11.375],
					"texture": "#0"
				},
				"west": {
					"uv": [5.625, 10, 6.5, 11.375],
					"texture": "#0"
				},
				"up": {
					"uv": [5.625, 10, 5.25, 9.125],
					"texture": "#0"
				},
				"down": {
					"uv": [6, 9.125, 5.625, 10],
					"texture": "#0"
				}
			}
		}
	]
}