{
	"textures": {
		"0": "animated_java:item/animal_boar/boar"
	},
	"display": {
		"head": {
			"rotation": [0, 180, 0]
		}
	},
	"elements": [
		{
			"from": [6.35937, 1.25, 6.59375],
			"to": [10.10937, 8.75, 10.34375],
			"rotation": {
				"angle": 0,
				"axis": "y",
				"origin": [8, 2.1875, 8]
			},
			"faces": {
				"north": {
					"uv": [11.75, 0.375, 12.125, 1.25],
					"texture": "#0"
				},
				"east": {
					"uv": [11.375, 0.375, 11.75, 1.25],
					"texture": "#0"
				},
				"south": {
					"uv": [12.5, 0.375, 12.875, 1.25],
					"texture": "#0"
				},
				"west": {
					"uv": [12.125, 0.375, 12.5, 1.25],
					"texture": "#0"
				},
				"up": {
					"uv": [12.125, 0.375, 11.75, 0],
					"texture": "#0"
				},
				"down": {
					"uv": [12.5, 0, 12.125, 0.375],
					"texture": "#0"
				}
			}
		},
		{
			"from": [5.42187, -2.5, 4.71875],
			"to": [10.10937, 1.25, 10.34375],
			"rotation": {
				"angle": 0,
				"axis": "y",
				"origin": [8, 2.1875, 8]
			},
			"faces": {
				"north": {
					"uv": [0.625, 11.625, 1.125, 12],
					"texture": "#0"
				},
				"east": {
					"uv": [0, 11.625, 0.625, 12],
					"texture": "#0"
				},
				"south": {
					"uv": [1.75, 11.625, 2.25, 12],
					"texture": "#0"
				},
				"west": {
					"uv": [1.125, 11.625, 1.75, 12],
					"texture": "#0"
				},
				"up": {
					"uv": [1.125, 11.625, 0.625, 11],
					"texture": "#0"
				},
				"down": {
					"uv": [1.625, 11, 1.125, 11.625],
					"texture": "#0"
				}
			}
		}
	]
}