{
	"textures": {
		"0": "animated_java:item/animal_boar/boar"
	},
	"display": {
		"head": {
			"rotation": [0, 180, 0]
		}
	},
	"elements": [
		{
			"from": [6.5, 1.25, 5.75],
			"to": [10.25, 8.75, 9.5],
			"rotation": {
				"angle": 0,
				"axis": "y",
				"origin": [8.60938, 2.1875, 7.15625]
			},
			"faces": {
				"north": {
					"uv": [0.375, 5, 0.75, 5.875],
					"texture": "#0"
				},
				"east": {
					"uv": [0, 5, 0.375, 5.875],
					"texture": "#0"
				},
				"south": {
					"uv": [1.125, 5, 1.5, 5.875],
					"texture": "#0"
				},
				"west": {
					"uv": [0.75, 5, 1.125, 5.875],
					"texture": "#0"
				},
				"up": {
					"uv": [0.75, 5, 0.375, 4.625],
					"texture": "#0"
				},
				"down": {
					"uv": [1.125, 4.625, 0.75, 5],
					"texture": "#0"
				}
			}
		},
		{
			"from": [6.5, -2.5, 3.875],
			"to": [11.1875, 1.25, 9.5],
			"rotation": {
				"angle": 0,
				"axis": "y",
				"origin": [8.60938, 2.1875, 7.15625]
			},
			"faces": {
				"north": {
					"uv": [11.125, 8.625, 11.625, 9],
					"texture": "#0"
				},
				"east": {
					"uv": [10.5, 8.625, 11.125, 9],
					"texture": "#0"
				},
				"south": {
					"uv": [12.25, 8.625, 12.75, 9],
					"texture": "#0"
				},
				"west": {
					"uv": [11.625, 8.625, 12.25, 9],
					"texture": "#0"
				},
				"up": {
					"uv": [11.625, 8.625, 11.125, 8],
					"texture": "#0"
				},
				"down": {
					"uv": [12.125, 8, 11.625, 8.625],
					"texture": "#0"
				}
			}
		}
	]
}