{
	"textures": {
		"0": "animated_java:item/animal_boar/boar"
	},
	"display": {
		"head": {
			"rotation": [0, 180, 0]
		}
	},
	"elements": [
		{
			"from": [0.5, -1.375, -1.375],
			"to": [15.5, 17.375, 17.375],
			"rotation": {
				"angle": 0,
				"axis": "y",
				"origin": [8, 8, 8]
			},
			"faces": {
				"north": {
					"uv": [2.25, 2.25, 4.125, 4.5],
					"texture": "#0"
				},
				"east": {
					"uv": [0, 2.25, 2.25, 4.5],
					"texture": "#0"
				},
				"south": {
					"uv": [6.375, 2.25, 8.25, 4.5],
					"texture": "#0"
				},
				"west": {
					"uv": [4.125, 2.25, 6.375, 4.5],
					"texture": "#0"
				},
				"up": {
					"uv": [4.125, 2.25, 2.25, 0],
					"texture": "#0"
				},
				"down": {
					"uv": [6, 0, 4.125, 2.25],
					"texture": "#0"
				}
			}
		}
	]
}