{
	"textures": {
		"0": "animated_java:item/animal_boar/boar"
	},
	"display": {
		"head": {
			"rotation": [0, 180, 0]
		}
	},
	"elements": [
		{
			"from": [4.625, 10.63934, -4.06885],
			"to": [10.625, 15.38934, 7.18115],
			"rotation": {
				"angle": -22.5,
				"axis": "x",
				"origin": [8, 14.51434, 1.55615]
			},
			"faces": {
				"north": {
					"uv": [1.375, 10.375, 2.125, 10.875],
					"texture": "#0"
				},
				"east": {
					"uv": [0, 10.375, 1.375, 10.875],
					"texture": "#0"
				},
				"south": {
					"uv": [3.5, 10.375, 4.25, 10.875],
					"texture": "#0"
				},
				"west": {
					"uv": [2.125, 10.375, 3.5, 10.875],
					"texture": "#0"
				},
				"up": {
					"uv": [2.125, 10.375, 1.375, 9],
					"texture": "#0"
				},
				"down": {
					"uv": [2.875, 9, 2.125, 10.375],
					"texture": "#0"
				}
			}
		},
		{
			"from": [4.125, 2.63934, -2.06885],
			"to": [10.875, 7.38934, 9.18115],
			"rotation": {
				"angle": 22.5,
				"axis": "x",
				"origin": [8, 6.51434, 3.55615]
			},
			"faces": {
				"north": {
					"uv": [7.5, 1.375, 8.25, 1.875],
					"texture": "#0"
				},
				"east": {
					"uv": [6.125, 1.375, 7.5, 1.875],
					"texture": "#0"
				},
				"south": {
					"uv": [9.625, 1.375, 10.375, 1.875],
					"texture": "#0"
				},
				"west": {
					"uv": [8.25, 1.375, 9.625, 1.875],
					"texture": "#0"
				},
				"up": {
					"uv": [8.25, 1.375, 7.5, 0],
					"texture": "#0"
				},
				"down": {
					"uv": [9, 0, 8.25, 1.375],
					"texture": "#0"
				}
			}
		},
		{
			"from": [2.25, 5.07684, -4.06885],
			"to": [6.75, 12.63934, 7.93115],
			"rotation": {
				"angle": -22.5,
				"axis": "y",
				"origin": [4.5, 8.85809, 1.93115]
			},
			"faces": {
				"north": {
					"uv": [7.875, 9, 8.375, 9.875],
					"texture": "#0"
				},
				"east": {
					"uv": [6.375, 9, 7.875, 9.875],
					"texture": "#0"
				},
				"south": {
					"uv": [9.875, 9, 10.375, 9.875],
					"texture": "#0"
				},
				"west": {
					"uv": [8.375, 9, 9.875, 9.875],
					"texture": "#0"
				},
				"up": {
					"uv": [8.375, 9, 7.875, 7.5],
					"texture": "#0"
				},
				"down": {
					"uv": [8.875, 7.5, 8.375, 9],
					"texture": "#0"
				}
			}
		},
		{
			"from": [8.5, 5.07684, -4.06885],
			"to": [13, 12.63934, 7.93115],
			"rotation": {
				"angle": 22.5,
				"axis": "y",
				"origin": [10.75, 8.85809, 1.93115]
			},
			"faces": {
				"north": {
					"uv": [8.375, 4.625, 8.875, 5.5],
					"texture": "#0"
				},
				"east": {
					"uv": [6.875, 4.625, 8.375, 5.5],
					"texture": "#0"
				},
				"south": {
					"uv": [10.375, 4.625, 10.875, 5.5],
					"texture": "#0"
				},
				"west": {
					"uv": [8.875, 4.625, 10.375, 5.5],
					"texture": "#0"
				},
				"up": {
					"uv": [8.875, 4.625, 8.375, 3.125],
					"texture": "#0"
				},
				"down": {
					"uv": [9.375, 3.125, 8.875, 4.625],
					"texture": "#0"
				}
			}
		},
		{
			"from": [4.75, 5.32684, -10.06885],
			"to": [10.5, 12.88934, -3.81885],
			"rotation": {
				"angle": 0,
				"axis": "y",
				"origin": [5.625, 2.13934, -31.06885]
			},
			"faces": {
				"north": {
					"uv": [10.25, 3.25, 10.875, 4.125],
					"texture": "#0"
				},
				"east": {
					"uv": [9.5, 3.25, 10.25, 4.125],
					"texture": "#0"
				},
				"south": {
					"uv": [11.625, 3.25, 12.25, 4.125],
					"texture": "#0"
				},
				"west": {
					"uv": [10.875, 3.25, 11.625, 4.125],
					"texture": "#0"
				},
				"up": {
					"uv": [10.875, 3.25, 10.25, 2.5],
					"texture": "#0"
				},
				"down": {
					"uv": [11.5, 2.5, 10.875, 3.25],
					"texture": "#0"
				}
			}
		},
		{
			"from": [2.75, 5.07684, -1.56885],
			"to": [5, 10.13934, 0.68115],
			"rotation": {
				"angle": -45,
				"axis": "x",
				"origin": [3.125, 8.35809, -1.19385]
			},
			"faces": {
				"north": {
					"uv": [6.375, 0.25, 6.625, 0.875],
					"texture": "#0"
				},
				"east": {
					"uv": [6.125, 0.25, 6.375, 0.875],
					"texture": "#0"
				},
				"south": {
					"uv": [6.875, 0.25, 7.125, 0.875],
					"texture": "#0"
				},
				"west": {
					"uv": [6.625, 0.25, 6.875, 0.875],
					"texture": "#0"
				},
				"up": {
					"uv": [6.625, 0.25, 6.375, 0],
					"texture": "#0"
				},
				"down": {
					"uv": [6.875, 0, 6.625, 0.25],
					"texture": "#0"
				}
			}
		},
		{
			"from": [2.75, 9.24619, -4.00277],
			"to": [5, 12.80869, -1.75277],
			"rotation": {
				"angle": -22.5,
				"axis": "x",
				"origin": [3.125, 12.52744, -3.62777]
			},
			"faces": {
				"north": {
					"uv": [1.375, 1.625, 1.625, 2],
					"texture": "#0"
				},
				"east": {
					"uv": [1.125, 1.625, 1.375, 2],
					"texture": "#0"
				},
				"south": {
					"uv": [1.875, 1.625, 2.125, 2],
					"texture": "#0"
				},
				"west": {
					"uv": [1.625, 1.625, 1.875, 2],
					"texture": "#0"
				},
				"up": {
					"uv": [1.625, 1.625, 1.375, 1.375],
					"texture": "#0"
				},
				"down": {
					"uv": [1.875, 1.375, 1.625, 1.625],
					"texture": "#0"
				}
			}
		},
		{
			"from": [3.125, 12.42334, -5.56511],
			"to": [4.625, 14.48584, -4.06511],
			"rotation": {
				"angle": -22.5,
				"axis": "x",
				"origin": [2.375, 17.20459, -5.56511]
			},
			"faces": {
				"north": {
					"uv": [1.75, 0.625, 1.875, 0.875],
					"texture": "#0"
				},
				"east": {
					"uv": [1.625, 0.625, 1.75, 0.875],
					"texture": "#0"
				},
				"south": {
					"uv": [2, 0.625, 2.125, 0.875],
					"texture": "#0"
				},
				"west": {
					"uv": [1.875, 0.625, 2, 0.875],
					"texture": "#0"
				},
				"up": {
					"uv": [1.875, 0.625, 1.75, 0.5],
					"texture": "#0"
				},
				"down": {
					"uv": [2, 0.5, 1.875, 0.625],
					"texture": "#0"
				}
			}
		},
		{
			"from": [11, 5.07684, -1.94385],
			"to": [13.25, 10.13934, 0.30615],
			"rotation": {
				"angle": -45,
				"axis": "x",
				"origin": [11.375, 8.35809, -1.56885]
			},
			"faces": {
				"north": {
					"uv": [5.875, 4.875, 6.125, 5.5],
					"texture": "#0"
				},
				"east": {
					"uv": [5.625, 4.875, 5.875, 5.5],
					"texture": "#0"
				},
				"south": {
					"uv": [6.375, 4.875, 6.625, 5.5],
					"texture": "#0"
				},
				"west": {
					"uv": [6.125, 4.875, 6.375, 5.5],
					"texture": "#0"
				},
				"up": {
					"uv": [6.125, 4.875, 5.875, 4.625],
					"texture": "#0"
				},
				"down": {
					"uv": [6.375, 4.625, 6.125, 4.875],
					"texture": "#0"
				}
			}
		},
		{
			"from": [11, 9.24619, -4.37777],
			"to": [13.25, 12.80869, -2.12777],
			"rotation": {
				"angle": -22.5,
				"axis": "x",
				"origin": [11.375, 12.52744, -4.00277]
			},
			"faces": {
				"north": {
					"uv": [0.25, 1.625, 0.5, 2],
					"texture": "#0"
				},
				"east": {
					"uv": [0, 1.625, 0.25, 2],
					"texture": "#0"
				},
				"south": {
					"uv": [0.75, 1.625, 1, 2],
					"texture": "#0"
				},
				"west": {
					"uv": [0.5, 1.625, 0.75, 2],
					"texture": "#0"
				},
				"up": {
					"uv": [0.5, 1.625, 0.25, 1.375],
					"texture": "#0"
				},
				"down": {
					"uv": [0.75, 1.375, 0.5, 1.625],
					"texture": "#0"
				}
			}
		},
		{
			"from": [11.375, 12.42334, -5.94011],
			"to": [12.875, 14.48584, -4.44011],
			"rotation": {
				"angle": -22.5,
				"axis": "x",
				"origin": [10.625, 17.20459, -5.94011]
			},
			"faces": {
				"north": {
					"uv": [1.75, 0.125, 1.875, 0.375],
					"texture": "#0"
				},
				"east": {
					"uv": [1.625, 0.125, 1.75, 0.375],
					"texture": "#0"
				},
				"south": {
					"uv": [2, 0.125, 2.125, 0.375],
					"texture": "#0"
				},
				"west": {
					"uv": [1.875, 0.125, 2, 0.375],
					"texture": "#0"
				},
				"up": {
					"uv": [1.875, 0.125, 1.75, 0],
					"texture": "#0"
				},
				"down": {
					"uv": [2, 0, 1.875, 0.125],
					"texture": "#0"
				}
			}
		}
	]
}