{
	"textures": {
		"0": "animated_java:item/animal_boar/boar"
	},
	"display": {
		"head": {
			"rotation": [0, 180, 0]
		}
	},
	"elements": [
		{
			"from": [2.4, 0, 16],
			"to": [13.6, 14.4, 32],
			"rotation": {
				"angle": 0,
				"axis": "y",
				"origin": [8, 7.2, 24]
			},
			"faces": {
				"north": {
					"uv": [2.25, 6.875, 3.875, 8.875],
					"texture": "#0"
				},
				"east": {
					"uv": [0, 6.875, 2.25, 8.875],
					"texture": "#0"
				},
				"south": {
					"uv": [6.125, 6.875, 7.75, 8.875],
					"texture": "#0"
				},
				"west": {
					"uv": [3.875, 6.875, 6.125, 8.875],
					"texture": "#0"
				},
				"up": {
					"uv": [3.875, 6.875, 2.25, 4.625],
					"texture": "#0"
				},
				"down": {
					"uv": [5.5, 4.625, 3.875, 6.875],
					"texture": "#0"
				}
			}
		}
	]
}