{
	"textures": {
		"0": "animated_java:item/animal_boar/boar"
	},
	"display": {
		"head": {
			"rotation": [0, 180, 0]
		}
	},
	"elements": [
		{
			"from": [5.75, 1.25, 6.875],
			"to": [9.5, 8.75, 10.625],
			"rotation": {
				"angle": 0,
				"axis": "y",
				"origin": [2, 8.75, 21.875]
			},
			"faces": {
				"north": {
					"uv": [2.75, 11.375, 3.125, 12.25],
					"texture": "#0"
				},
				"east": {
					"uv": [2.375, 11.375, 2.75, 12.25],
					"texture": "#0"
				},
				"south": {
					"uv": [3.5, 11.375, 3.875, 12.25],
					"texture": "#0"
				},
				"west": {
					"uv": [3.125, 11.375, 3.5, 12.25],
					"texture": "#0"
				},
				"up": {
					"uv": [3.125, 11.375, 2.75, 11],
					"texture": "#0"
				},
				"down": {
					"uv": [3.5, 11, 3.125, 11.375],
					"texture": "#0"
				}
			}
		},
		{
			"from": [4.8125, -2.5, 5],
			"to": [9.5, 1.25, 10.625],
			"rotation": {
				"angle": 0,
				"axis": "y",
				"origin": [2, 5, 21.875]
			},
			"faces": {
				"north": {
					"uv": [11.375, 5.625, 11.875, 6],
					"texture": "#0"
				},
				"east": {
					"uv": [10.75, 5.625, 11.375, 6],
					"texture": "#0"
				},
				"south": {
					"uv": [12.5, 5.625, 13, 6],
					"texture": "#0"
				},
				"west": {
					"uv": [11.875, 5.625, 12.5, 6],
					"texture": "#0"
				},
				"up": {
					"uv": [11.875, 5.625, 11.375, 5],
					"texture": "#0"
				},
				"down": {
					"uv": [12.375, 5, 11.875, 5.625],
					"texture": "#0"
				}
			}
		}
	]
}