{
	"textures": {
		"0": "animated_java:item/animal_boar/boar"
	},
	"display": {
		"head": {
			"rotation": [0, 180, 0]
		}
	},
	"elements": [
		{
			"from": [5.75, -1.75, 4.25],
			"to": [9.5, 9.5, 11.75],
			"rotation": {
				"angle": 0,
				"axis": "y",
				"origin": [5, 5.75, 7.25]
			},
			"faces": {
				"north": {
					"uv": [10.5, 10, 10.875, 11.375],
					"texture": "#0"
				},
				"east": {
					"uv": [9.625, 10, 10.5, 11.375],
					"texture": "#0"
				},
				"south": {
					"uv": [11.75, 10, 12.125, 11.375],
					"texture": "#0"
				},
				"west": {
					"uv": [10.875, 10, 11.75, 11.375],
					"texture": "#0"
				},
				"up": {
					"uv": [10.875, 10, 10.5, 9.125],
					"texture": "#0"
				},
				"down": {
					"uv": [11.25, 9.125, 10.875, 10],
					"texture": "#0"
				}
			}
		}
	]
}