{
	"textures": {
		"0": "animated_java:item/animal_boar/boar"
	},
	"display": {
		"head": {
			"rotation": [0, 180, 0]
		}
	},
	"elements": [
		{
			"from": [5, 1.25, 6.875],
			"to": [8.75, 8.75, 10.625],
			"rotation": {
				"angle": 0,
				"axis": "y",
				"origin": [12.5, 8.75, 21.875]
			},
			"faces": {
				"north": {
					"uv": [0.375, 0.375, 0.75, 1.25],
					"texture": "#0"
				},
				"east": {
					"uv": [0, 0.375, 0.375, 1.25],
					"texture": "#0"
				},
				"south": {
					"uv": [1.125, 0.375, 1.5, 1.25],
					"texture": "#0"
				},
				"west": {
					"uv": [0.75, 0.375, 1.125, 1.25],
					"texture": "#0"
				},
				"up": {
					"uv": [0.75, 0.375, 0.375, 0],
					"texture": "#0"
				},
				"down": {
					"uv": [1.125, 0, 0.75, 0.375],
					"texture": "#0"
				}
			}
		},
		{
			"from": [5, -2.5, 5],
			"to": [9.6875, 1.25, 10.625],
			"rotation": {
				"angle": 0,
				"axis": "y",
				"origin": [12.5, 5, 21.875]
			},
			"faces": {
				"north": {
					"uv": [6.25, 6.25, 6.75, 6.625],
					"texture": "#0"
				},
				"east": {
					"uv": [5.625, 6.25, 6.25, 6.625],
					"texture": "#0"
				},
				"south": {
					"uv": [7.375, 6.25, 7.875, 6.625],
					"texture": "#0"
				},
				"west": {
					"uv": [6.75, 6.25, 7.375, 6.625],
					"texture": "#0"
				},
				"up": {
					"uv": [6.75, 6.25, 6.25, 5.625],
					"texture": "#0"
				},
				"down": {
					"uv": [7.25, 5.625, 6.75, 6.25],
					"texture": "#0"
				}
			}
		}
	]
}