{
	"textures": {
		"0": "animated_java:item/animal_boar/boar"
	},
	"display": {
		"head": {
			"rotation": [0, 180, 0]
		}
	},
	"elements": [
		{
			"from": [6.5, -1.75, 4.25],
			"to": [10.25, 9.5, 11.75],
			"rotation": {
				"angle": 0,
				"axis": "y",
				"origin": [14, 5.75, 19.25]
			},
			"faces": {
				"north": {
					"uv": [9.875, 6.5, 10.25, 7.875],
					"texture": "#0"
				},
				"east": {
					"uv": [9, 6.5, 9.875, 7.875],
					"texture": "#0"
				},
				"south": {
					"uv": [11.125, 6.5, 11.5, 7.875],
					"texture": "#0"
				},
				"west": {
					"uv": [10.25, 6.5, 11.125, 7.875],
					"texture": "#0"
				},
				"up": {
					"uv": [10.25, 6.5, 9.875, 5.625],
					"texture": "#0"
				},
				"down": {
					"uv": [10.625, 5.625, 10.25, 6.5],
					"texture": "#0"
				}
			}
		}
	]
}