{
	"textures": {
		"0": "animated_java:item/animal_boar/boar"
	},
	"display": {
		"head": {
			"rotation": [0, 180, 0]
		}
	},
	"elements": [
		{
			"from": [6.5, 6.125, 7.625],
			"to": [9.5, 9.875, 20.375],
			"rotation": {
				"angle": 0,
				"axis": "y",
				"origin": [8, 8, 8]
			},
			"faces": {
				"north": {
					"uv": [10.5, 2, 10.875, 2.375],
					"texture": "#0"
				},
				"east": {
					"uv": [9, 2, 10.5, 2.375],
					"texture": "#0"
				},
				"south": {
					"uv": [12.375, 2, 12.75, 2.375],
					"texture": "#0"
				},
				"west": {
					"uv": [10.875, 2, 12.375, 2.375],
					"texture": "#0"
				},
				"up": {
					"uv": [10.875, 2, 10.5, 0.5],
					"texture": "#0"
				},
				"down": {
					"uv": [11.25, 0.5, 10.875, 2],
					"texture": "#0"
				}
			}
		}
	]
}