{
	"textures": {
		"0": "animated_java:item/animal_wolf/wolf"
	},
	"display": {
		"head": {
			"rotation": [0, 180, 0]
		}
	},
	"elements": [
		{
			"from": [5.75, -1.75, 4.25],
			"to": [9.5, 9.5, 11.75],
			"rotation": {
				"angle": 0,
				"axis": "y",
				"origin": [2, 5.75, 19.25]
			},
			"faces": {
				"north": {
					"uv": [0.875, 5.5, 1.25, 6.875],
					"texture": "#0"
				},
				"east": {
					"uv": [0, 5.5, 0.875, 6.875],
					"texture": "#0"
				},
				"south": {
					"uv": [2.125, 5.5, 2.5, 6.875],
					"texture": "#0"
				},
				"west": {
					"uv": [1.25, 5.5, 2.125, 6.875],
					"texture": "#0"
				},
				"up": {
					"uv": [1.25, 5.5, 0.875, 4.625],
					"texture": "#0"
				},
				"down": {
					"uv": [1.625, 4.625, 1.25, 5.5],
					"texture": "#0"
				}
			}
		}
	]
}