{
	"textures": {
		"0": "animated_java:item/animal_wolf/wolf"
	},
	"display": {
		"head": {
			"rotation": [0, 180, 0]
		}
	},
	"elements": [
		{
			"from": [6.5, 1.25, 5.75],
			"to": [10.25, 8.75, 9.5],
			"rotation": {
				"angle": 0,
				"axis": "y",
				"origin": [8.60938, 2.1875, 7.15625]
			},
			"faces": {
				"north": {
					"uv": [6.25, 0.375, 6.625, 1.25],
					"texture": "#0"
				},
				"east": {
					"uv": [5.875, 0.375, 6.25, 1.25],
					"texture": "#0"
				},
				"south": {
					"uv": [7, 0.375, 7.375, 1.25],
					"texture": "#0"
				},
				"west": {
					"uv": [6.625, 0.375, 7, 1.25],
					"texture": "#0"
				},
				"up": {
					"uv": [6.625, 0.375, 6.25, 0],
					"texture": "#0"
				},
				"down": {
					"uv": [7, 0, 6.625, 0.375],
					"texture": "#0"
				}
			}
		}
	]
}