{
	"textures": {
		"0": "animated_java:item/animal_wolf/wolf"
	},
	"display": {
		"head": {
			"rotation": [0, 180, 0]
		}
	},
	"elements": [
		{
			"from": [0.5, 0.625, -1.375],
			"to": [15.5, 15.375, 17.375],
			"rotation": {
				"angle": 0,
				"axis": "y",
				"origin": [8, 8, 8]
			},
			"faces": {
				"north": {
					"uv": [8.625, 9, 10.5, 10.75],
					"texture": "#0"
				},
				"east": {
					"uv": [6.375, 9, 8.625, 10.75],
					"texture": "#0"
				},
				"south": {
					"uv": [12.75, 9, 14.625, 10.75],
					"texture": "#0"
				},
				"west": {
					"uv": [10.5, 9, 12.75, 10.75],
					"texture": "#0"
				},
				"up": {
					"uv": [10.5, 9, 8.625, 6.75],
					"texture": "#0"
				},
				"down": {
					"uv": [12.375, 6.75, 10.5, 9],
					"texture": "#0"
				}
			}
		},
		{
			"from": [-0.65, -4.875, -5.375],
			"to": [-0.65, 9.875, -2.625],
			"rotation": {
				"angle": 0,
				"axis": "y",
				"origin": [-0.65, 8.5, -4]
			},
			"faces": {
				"north": {
					"uv": [2.875, 0.25, 2.875, 2],
					"texture": "#0"
				},
				"east": {
					"uv": [2.625, 0.25, 2.875, 2],
					"texture": "#0"
				},
				"south": {
					"uv": [3.125, 0.25, 3.125, 2],
					"texture": "#0"
				},
				"west": {
					"uv": [2.875, 0.25, 3.125, 2],
					"texture": "#0"
				},
				"up": {
					"uv": [2.875, 0.25, 2.875, 0],
					"texture": "#0"
				},
				"down": {
					"uv": [2.875, 0, 2.875, 0.25],
					"texture": "#0"
				}
			}
		},
		{
			"from": [-0.5, 5.625, -1.375],
			"to": [16.5, 16.375, 4.375],
			"rotation": {
				"angle": 45,
				"axis": "x",
				"origin": [8, 13, 1.5]
			},
			"faces": {
				"north": {
					"uv": [9.875, 0.625, 12, 1.875],
					"texture": "#0"
				},
				"east": {
					"uv": [9.25, 0.625, 9.875, 1.875],
					"texture": "#0"
				},
				"south": {
					"uv": [12.625, 0.625, 14.75, 1.875],
					"texture": "#0"
				},
				"west": {
					"uv": [12, 0.625, 12.625, 1.875],
					"texture": "#0"
				},
				"up": {
					"uv": [12, 0.625, 9.875, 0],
					"texture": "#0"
				},
				"down": {
					"uv": [14.125, 0, 12, 0.625],
					"texture": "#0"
				}
			}
		}
	]
}