{
	"textures": {
		"0": "animated_java:item/animal_wolf/wolf"
	},
	"display": {
		"head": {
			"rotation": [0, 180, 0]
		}
	},
	"elements": [
		{
			"from": [6.5, -1.75, 4.25],
			"to": [10.25, 9.5, 11.75],
			"rotation": {
				"angle": 0,
				"axis": "y",
				"origin": [14, 5.75, 19.25]
			},
			"faces": {
				"north": {
					"uv": [0.875, 0.875, 1.25, 2.25],
					"texture": "#0"
				},
				"east": {
					"uv": [0, 0.875, 0.875, 2.25],
					"texture": "#0"
				},
				"south": {
					"uv": [2.125, 0.875, 2.5, 2.25],
					"texture": "#0"
				},
				"west": {
					"uv": [1.25, 0.875, 2.125, 2.25],
					"texture": "#0"
				},
				"up": {
					"uv": [1.25, 0.875, 0.875, 0],
					"texture": "#0"
				},
				"down": {
					"uv": [1.625, 0, 1.25, 0.875],
					"texture": "#0"
				}
			}
		}
	]
}