{
	"textures": {
		"0": "animated_java:item/animal_wolf/wolf"
	},
	"display": {
		"head": {
			"rotation": [0, 180, 0]
		}
	},
	"elements": [
		{
			"from": [6.35937, 1.25, 6.59375],
			"to": [10.10937, 8.75, 10.34375],
			"rotation": {
				"angle": 0,
				"axis": "y",
				"origin": [8, 2.1875, 8]
			},
			"faces": {
				"north": {
					"uv": [0.375, 9.375, 0.75, 10.25],
					"texture": "#0"
				},
				"east": {
					"uv": [0, 9.375, 0.375, 10.25],
					"texture": "#0"
				},
				"south": {
					"uv": [1.125, 9.375, 1.5, 10.25],
					"texture": "#0"
				},
				"west": {
					"uv": [0.75, 9.375, 1.125, 10.25],
					"texture": "#0"
				},
				"up": {
					"uv": [0.75, 9.375, 0.375, 9],
					"texture": "#0"
				},
				"down": {
					"uv": [1.125, 9, 0.75, 9.375],
					"texture": "#0"
				}
			}
		}
	]
}