{
	"textures": {
		"0": "animated_java:item/animal_wolf/wolf"
	},
	"display": {
		"head": {
			"rotation": [0, 180, 0]
		}
	},
	"elements": [
		{
			"from": [2.5, 0.4375, 3],
			"to": [13.25, 11, 16.25],
			"rotation": {
				"angle": 0,
				"axis": "y",
				"origin": [5.375, -2.75, -23]
			},
			"faces": {
				"north": {
					"uv": [3.25, 3.25, 4.5, 4.5],
					"texture": "#0"
				},
				"east": {
					"uv": [1.625, 3.25, 3.25, 4.5],
					"texture": "#0"
				},
				"south": {
					"uv": [6.125, 3.25, 7.375, 4.5],
					"texture": "#0"
				},
				"west": {
					"uv": [4.5, 3.25, 6.125, 4.5],
					"texture": "#0"
				},
				"up": {
					"uv": [4.5, 3.25, 3.25, 1.625],
					"texture": "#0"
				},
				"down": {
					"uv": [5.75, 1.625, 4.5, 3.25],
					"texture": "#0"
				}
			}
		},
		{
			"from": [5.5, 1.4375, -2.25],
			"to": [10.25, 6, 3],
			"rotation": {
				"angle": 0,
				"axis": "y",
				"origin": [5.375, -2.75, -35.25]
			},
			"faces": {
				"north": {
					"uv": [0.625, 7.625, 1.125, 8.125],
					"texture": "#0"
				},
				"east": {
					"uv": [0, 7.625, 0.625, 8.125],
					"texture": "#0"
				},
				"south": {
					"uv": [1.75, 7.625, 2.25, 8.125],
					"texture": "#0"
				},
				"west": {
					"uv": [1.125, 7.625, 1.75, 8.125],
					"texture": "#0"
				},
				"up": {
					"uv": [1.125, 7.625, 0.625, 7],
					"texture": "#0"
				},
				"down": {
					"uv": [1.625, 7, 1.125, 7.625],
					"texture": "#0"
				}
			}
		},
		{
			"from": [9.25, 9, 11.25],
			"to": [14, 13.5625, 11.25],
			"rotation": {
				"angle": 0,
				"axis": "y",
				"origin": [9.125, 4.8125, -27]
			},
			"faces": {
				"north": {
					"uv": [1.125, 2.375, 1.625, 2.875],
					"texture": "#0"
				},
				"east": {
					"uv": [1.125, 2.375, 1.125, 2.875],
					"texture": "#0"
				},
				"south": {
					"uv": [1.625, 2.375, 2.125, 2.875],
					"texture": "#0"
				},
				"west": {
					"uv": [1.625, 2.375, 1.625, 2.875],
					"texture": "#0"
				},
				"up": {
					"uv": [1.625, 2.375, 1.125, 2.375],
					"texture": "#0"
				},
				"down": {
					"uv": [2.125, 2.375, 1.625, 2.375],
					"texture": "#0"
				}
			}
		},
		{
			"from": [2.25, 9, 11.25],
			"to": [7, 13.5625, 11.25],
			"rotation": {
				"angle": 0,
				"axis": "y",
				"origin": [2.125, 4.8125, -27]
			},
			"faces": {
				"north": {
					"uv": [0, 2.375, 0.5, 2.875],
					"texture": "#0"
				},
				"east": {
					"uv": [0, 2.375, 0, 2.875],
					"texture": "#0"
				},
				"south": {
					"uv": [0.5, 2.375, 1, 2.875],
					"texture": "#0"
				},
				"west": {
					"uv": [0.5, 2.375, 0.5, 2.875],
					"texture": "#0"
				},
				"up": {
					"uv": [0.5, 2.375, 0, 2.375],
					"texture": "#0"
				},
				"down": {
					"uv": [1, 2.375, 0.5, 2.375],
					"texture": "#0"
				}
			}
		}
	]
}