{
	"textures": {
		"0": "animated_java:item/animal_wolf/wolf"
	},
	"display": {
		"head": {
			"rotation": [0, 180, 0]
		}
	},
	"elements": [
		{
			"from": [6.5, -1.75, 4.25],
			"to": [10.25, 9.5, 11.75],
			"rotation": {
				"angle": 0,
				"axis": "y",
				"origin": [14, 5.75, 19.25]
			},
			"faces": {
				"north": {
					"uv": [5.625, 6.25, 6, 7.625],
					"texture": "#0"
				},
				"east": {
					"uv": [4.75, 6.25, 5.625, 7.625],
					"texture": "#0"
				},
				"south": {
					"uv": [6.875, 6.25, 7.25, 7.625],
					"texture": "#0"
				},
				"west": {
					"uv": [6, 6.25, 6.875, 7.625],
					"texture": "#0"
				},
				"up": {
					"uv": [6, 6.25, 5.625, 5.375],
					"texture": "#0"
				},
				"down": {
					"uv": [6.375, 5.375, 6, 6.25],
					"texture": "#0"
				}
			}
		}
	]
}