{
	"textures": {
		"0": "animated_java:item/animal_wolf/wolf"
	},
	"display": {
		"head": {
			"rotation": [0, 180, 0]
		}
	},
	"elements": [
		{
			"from": [2.4, 3.41333, 16],
			"to": [13.6, 14.4, 32],
			"rotation": {
				"angle": 0,
				"axis": "y",
				"origin": [8, 8.05333, 24]
			},
			"faces": {
				"north": {
					"uv": [9.125, 4.625, 10.75, 6.125],
					"texture": "#0"
				},
				"east": {
					"uv": [6.875, 4.625, 9.125, 6.125],
					"texture": "#0"
				},
				"south": {
					"uv": [13, 4.625, 14.625, 6.125],
					"texture": "#0"
				},
				"west": {
					"uv": [10.75, 4.625, 13, 6.125],
					"texture": "#0"
				},
				"up": {
					"uv": [10.75, 4.625, 9.125, 2.375],
					"texture": "#0"
				},
				"down": {
					"uv": [12.375, 2.375, 10.75, 4.625],
					"texture": "#0"
				}
			}
		}
	]
}