{
	"textures": {
		"0": "animated_java:item/animal_wolf/wolf"
	},
	"display": {
		"head": {
			"rotation": [0, 180, 0]
		}
	},
	"elements": [
		{
			"from": [5.75, 1.25, 6.875],
			"to": [9.5, 8.75, 10.625],
			"rotation": {
				"angle": 0,
				"axis": "y",
				"origin": [2, 8.75, 21.875]
			},
			"faces": {
				"north": {
					"uv": [12.125, 12, 12.5, 12.875],
					"texture": "#0"
				},
				"east": {
					"uv": [11.75, 12, 12.125, 12.875],
					"texture": "#0"
				},
				"south": {
					"uv": [12.875, 12, 13.25, 12.875],
					"texture": "#0"
				},
				"west": {
					"uv": [12.5, 12, 12.875, 12.875],
					"texture": "#0"
				},
				"up": {
					"uv": [12.5, 12, 12.125, 11.625],
					"texture": "#0"
				},
				"down": {
					"uv": [12.875, 11.625, 12.5, 12],
					"texture": "#0"
				}
			}
		},
		{
			"from": [4.8125, -2.5, 5],
			"to": [9.5, 1.25, 10.625],
			"rotation": {
				"angle": 0,
				"axis": "y",
				"origin": [2, 5, 21.875]
			},
			"faces": {
				"north": {
					"uv": [0.625, 12, 1.125, 12.375],
					"texture": "#0"
				},
				"east": {
					"uv": [0, 12, 0.625, 12.375],
					"texture": "#0"
				},
				"south": {
					"uv": [1.75, 12, 2.25, 12.375],
					"texture": "#0"
				},
				"west": {
					"uv": [1.125, 12, 1.75, 12.375],
					"texture": "#0"
				},
				"up": {
					"uv": [1.125, 12, 0.625, 11.375],
					"texture": "#0"
				},
				"down": {
					"uv": [1.625, 11.375, 1.125, 12],
					"texture": "#0"
				}
			}
		}
	]
}