{
	"textures": {
		"0": "animated_java:item/animal_wolf/wolf"
	},
	"display": {
		"head": {
			"rotation": [0, 180, 0]
		}
	},
	"elements": [
		{
			"from": [5.75, -1.75, 4.25],
			"to": [9.5, 9.5, 11.75],
			"rotation": {
				"angle": 0,
				"axis": "y",
				"origin": [5, 5.75, 7.25]
			},
			"faces": {
				"north": {
					"uv": [5.625, 11.75, 6, 13.125],
					"texture": "#0"
				},
				"east": {
					"uv": [4.75, 11.75, 5.625, 13.125],
					"texture": "#0"
				},
				"south": {
					"uv": [6.875, 11.75, 7.25, 13.125],
					"texture": "#0"
				},
				"west": {
					"uv": [6, 11.75, 6.875, 13.125],
					"texture": "#0"
				},
				"up": {
					"uv": [6, 11.75, 5.625, 10.875],
					"texture": "#0"
				},
				"down": {
					"uv": [6.375, 10.875, 6, 11.75],
					"texture": "#0"
				}
			}
		}
	]
}