{
	"textures": {
		"0": "animated_java:item/animal_wolf/wolf"
	},
	"display": {
		"head": {
			"rotation": [0, 180, 0]
		}
	},
	"elements": [
		{
			"from": [5, 1.25, 6.875],
			"to": [8.75, 8.75, 10.625],
			"rotation": {
				"angle": 0,
				"axis": "y",
				"origin": [12.5, 8.75, 21.875]
			},
			"faces": {
				"north": {
					"uv": [2.75, 11.75, 3.125, 12.625],
					"texture": "#0"
				},
				"east": {
					"uv": [2.375, 11.75, 2.75, 12.625],
					"texture": "#0"
				},
				"south": {
					"uv": [3.5, 11.75, 3.875, 12.625],
					"texture": "#0"
				},
				"west": {
					"uv": [3.125, 11.75, 3.5, 12.625],
					"texture": "#0"
				},
				"up": {
					"uv": [3.125, 11.75, 2.75, 11.375],
					"texture": "#0"
				},
				"down": {
					"uv": [3.5, 11.375, 3.125, 11.75],
					"texture": "#0"
				}
			}
		},
		{
			"from": [5, -2.5, 5],
			"to": [9.6875, 1.25, 10.625],
			"rotation": {
				"angle": 0,
				"axis": "y",
				"origin": [12.5, 5, 21.875]
			},
			"faces": {
				"north": {
					"uv": [10.375, 11.5, 10.875, 11.875],
					"texture": "#0"
				},
				"east": {
					"uv": [9.75, 11.5, 10.375, 11.875],
					"texture": "#0"
				},
				"south": {
					"uv": [11.5, 11.5, 12, 11.875],
					"texture": "#0"
				},
				"west": {
					"uv": [10.875, 11.5, 11.5, 11.875],
					"texture": "#0"
				},
				"up": {
					"uv": [10.875, 11.5, 10.375, 10.875],
					"texture": "#0"
				},
				"down": {
					"uv": [11.375, 10.875, 10.875, 11.5],
					"texture": "#0"
				}
			}
		}
	]
}