{
	"textures": {
		"0": "animated_java:item/animal_wolf/wolf"
	},
	"display": {
		"head": {
			"rotation": [0, 180, 0]
		}
	},
	"elements": [
		{
			"from": [6.86614, 6.58268, 7.71654],
			"to": [9.13386, 9.41732, 31.71654],
			"rotation": {
				"angle": 0,
				"axis": "y",
				"origin": [8, 8, 8]
			},
			"faces": {
				"north": {
					"uv": [3.875, 8.5, 4.25, 8.875],
					"texture": "#0"
				},
				"east": {
					"uv": [0, 8.5, 3.875, 8.875],
					"texture": "#0"
				},
				"south": {
					"uv": [8.125, 8.5, 8.5, 8.875],
					"texture": "#0"
				},
				"west": {
					"uv": [4.25, 8.5, 8.125, 8.875],
					"texture": "#0"
				},
				"up": {
					"uv": [4.25, 8.5, 3.875, 4.625],
					"texture": "#0"
				},
				"down": {
					"uv": [4.625, 4.625, 4.25, 8.5],
					"texture": "#0"
				}
			}
		}
	]
}