{
	"textures": {
		"0": "animated_java:item/animal_wolf/wolf"
	},
	"display": {
		"head": {
			"rotation": [0, 180, 0]
		}
	},
	"elements": [
		{
			"from": [5.68041, 5.03093, 4.28866],
			"to": [10.31959, 8.74227, 9.85567],
			"rotation": {
				"angle": 0,
				"axis": "y",
				"origin": [8.23196, 9.6701, 7.53608]
			},
			"faces": {
				"north": {
					"uv": [8, 11.5, 8.5, 11.875],
					"texture": "#0"
				},
				"east": {
					"uv": [7.375, 11.5, 8, 11.875],
					"texture": "#0"
				},
				"south": {
					"uv": [9.125, 11.5, 9.625, 11.875],
					"texture": "#0"
				},
				"west": {
					"uv": [8.5, 11.5, 9.125, 11.875],
					"texture": "#0"
				},
				"up": {
					"uv": [8.5, 11.5, 8, 10.875],
					"texture": "#0"
				},
				"down": {
					"uv": [9, 10.875, 8.5, 11.5],
					"texture": "#0"
				}
			}
		},
		{
			"from": [5.68041, 5.03093, -14.14433],
			"to": [10.31959, 5.03093, 4.28866],
			"rotation": {
				"angle": 0,
				"axis": "y",
				"origin": [8.23196, 5.95876, 1.96907]
			},
			"faces": {
				"north": {
					"uv": [2.25, 11.25, 2.75, 11.25],
					"texture": "#0"
				},
				"east": {
					"uv": [0, 11.25, 2.25, 11.25],
					"texture": "#0"
				},
				"south": {
					"uv": [5, 11.25, 5.5, 11.25],
					"texture": "#0"
				},
				"west": {
					"uv": [2.75, 11.25, 5, 11.25],
					"texture": "#0"
				},
				"up": {
					"uv": [2.75, 11.25, 2.25, 9],
					"texture": "#0"
				},
				"down": {
					"uv": [3.25, 9, 2.75, 11.25],
					"texture": "#0"
				}
			}
		}
	]
}