{
	"textures": {
		"0": "animated_java:item/animal_wolf/wolf"
	},
	"display": {
		"head": {
			"rotation": [0, 180, 0]
		}
	},
	"elements": [
		{
			"from": [5.44845, 5.03093, 4.38144],
			"to": [10.08762, 8.74227, 9.94845],
			"rotation": {
				"angle": 0,
				"axis": "y",
				"origin": [7.53608, 8, 7.62887]
			},
			"faces": {
				"north": {
					"uv": [4, 9.625, 4.5, 10],
					"texture": "#0"
				},
				"east": {
					"uv": [3.375, 9.625, 4, 10],
					"texture": "#0"
				},
				"south": {
					"uv": [5.125, 9.625, 5.625, 10],
					"texture": "#0"
				},
				"west": {
					"uv": [4.5, 9.625, 5.125, 10],
					"texture": "#0"
				},
				"up": {
					"uv": [4.5, 9.625, 4, 9],
					"texture": "#0"
				},
				"down": {
					"uv": [5, 9, 4.5, 9.625],
					"texture": "#0"
				}
			}
		},
		{
			"from": [5.44845, 5.02994, -14.05155],
			"to": [10.08762, 5.02994, 4.38144],
			"rotation": {
				"angle": 0,
				"axis": "y",
				"origin": [8, 5.95777, 2.06186]
			},
			"faces": {
				"north": {
					"uv": [8.125, 2.25, 8.625, 2.25],
					"texture": "#0"
				},
				"east": {
					"uv": [5.875, 2.25, 8.125, 2.25],
					"texture": "#0"
				},
				"south": {
					"uv": [10.875, 2.25, 11.375, 2.25],
					"texture": "#0"
				},
				"west": {
					"uv": [8.625, 2.25, 10.875, 2.25],
					"texture": "#0"
				},
				"up": {
					"uv": [8.625, 2.25, 8.125, 0],
					"texture": "#0"
				},
				"down": {
					"uv": [9.125, 0, 8.625, 2.25],
					"texture": "#0"
				}
			}
		}
	]
}