{
	"textures": {
		"1": "animated_java:item/animal_alpha/alpha"
	},
	"display": {
		"head": {
			"rotation": [0, 180, 0]
		}
	},
	"elements": [
		{
			"from": [4, 9, 6],
			"to": [12, 13, 10],
			"rotation": {
				"angle": 0,
				"axis": "y",
				"origin": [8, 12, 8]
			},
			"faces": {
				"north": {
					"uv": [4.75, 5.625, 5.75, 6.125],
					"texture": "#1"
				},
				"east": {
					"uv": [4.25, 5.625, 4.75, 6.125],
					"texture": "#1"
				},
				"south": {
					"uv": [6.25, 5.625, 7.25, 6.125],
					"texture": "#1"
				},
				"west": {
					"uv": [5.75, 5.625, 6.25, 6.125],
					"texture": "#1"
				},
				"up": {
					"uv": [5.75, 5.625, 4.75, 5.125],
					"texture": "#1"
				},
				"down": {
					"uv": [6.75, 5.125, 5.75, 5.625],
					"texture": "#1"
				}
			}
		}
	]
}