{
	"textures": {
		"1": "animated_java:item/animal_alpha/alpha"
	},
	"display": {
		"head": {
			"rotation": [0, 180, 0]
		}
	},
	"elements": [
		{
			"from": [4, 8.5, 4],
			"to": [12, 17, 12],
			"rotation": {
				"angle": 0,
				"axis": "y",
				"origin": [11, 8, 9]
			},
			"faces": {
				"north": {
					"uv": [1, 1, 2, 2],
					"texture": "#1"
				},
				"east": {
					"uv": [0, 1, 1, 2],
					"texture": "#1"
				},
				"south": {
					"uv": [3, 1, 4, 2],
					"texture": "#1"
				},
				"west": {
					"uv": [2, 1, 3, 2],
					"texture": "#1"
				},
				"up": {
					"uv": [2, 1, 1, 0],
					"texture": "#1"
				},
				"down": {
					"uv": [3, 0, 2, 1],
					"texture": "#1"
				}
			}
		},
		{
			"from": [5, 9, 5],
			"to": [11, 16, 11],
			"rotation": {
				"angle": 0,
				"axis": "y",
				"origin": [11, 8, 9]
			},
			"faces": {
				"north": {
					"uv": [5, 0.75, 5.75, 1.625],
					"texture": "#1"
				},
				"east": {
					"uv": [4.25, 0.75, 5, 1.625],
					"texture": "#1"
				},
				"south": {
					"uv": [6.5, 0.75, 7.25, 1.625],
					"texture": "#1"
				},
				"west": {
					"uv": [5.75, 0.75, 6.5, 1.625],
					"texture": "#1"
				},
				"up": {
					"uv": [5.75, 0.75, 5, 0],
					"texture": "#1"
				},
				"down": {
					"uv": [6.5, 0, 5.75, 0.75],
					"texture": "#1"
				}
			}
		}
	]
}