{
	"textures": {
		"1": "animated_java:item/animal_alpha/alpha"
	},
	"display": {
		"head": {
			"rotation": [0, 180, 0]
		}
	},
	"elements": [
		{
			"from": [6, 0, 6],
			"to": [10, 9, 10],
			"rotation": {
				"angle": 0,
				"axis": "y",
				"origin": [9, 8, 9]
			},
			"faces": {
				"north": {
					"uv": [8.5, 5.25, 8, 6.375],
					"texture": "#1"
				},
				"east": {
					"uv": [9, 5.25, 8.5, 6.375],
					"texture": "#1"
				},
				"south": {
					"uv": [9.5, 5.25, 9, 6.375],
					"texture": "#1"
				},
				"west": {
					"uv": [8, 5.25, 7.5, 6.375],
					"texture": "#1"
				},
				"up": {
					"uv": [8, 5.25, 8.5, 4.75],
					"texture": "#1"
				},
				"down": {
					"uv": [8.5, 4.75, 9, 5.25],
					"texture": "#1"
				}
			}
		}
	]
}