{
	"textures": {
		"0": "animated_java:item/animal_alpha/bsprj",
		"1": "animated_java:item/animal_alpha/alpha"
	},
	"display": {
		"head": {
			"rotation": [0, 180, 0]
		}
	},
	"elements": [
		{
			"from": [4, 2, 6],
			"to": [8, 11, 10],
			"rotation": {
				"angle": 0,
				"axis": "y",
				"origin": [8, 8, 8]
			},
			"faces": {
				"north": {
					"uv": [0.5, 8, 1, 9.125],
					"texture": "#1"
				},
				"east": {
					"uv": [0, 8, 0.5, 9.125],
					"texture": "#1"
				},
				"south": {
					"uv": [1.5, 8, 2, 9.125],
					"texture": "#1"
				},
				"west": {
					"uv": [1, 8, 1.5, 9.125],
					"texture": "#1"
				},
				"up": {
					"uv": [1, 8, 0.5, 7.5],
					"texture": "#1"
				},
				"down": {
					"uv": [1.5, 7.5, 1, 8],
					"texture": "#1"
				}
			}
		},
		{
			"from": [3.25, 4, 5.5],
			"to": [7.75, 11.5, 10.5],
			"rotation": {
				"angle": 0,
				"axis": "y",
				"origin": [7.75, 9, 8]
			},
			"faces": {
				"north": {
					"uv": [6.375, 2.375, 5.875, 3.25],
					"texture": "#1"
				},
				"east": {
					"uv": [7, 2.375, 6.375, 3.25],
					"texture": "#1"
				},
				"south": {
					"uv": [7.5, 2.375, 7, 3.25],
					"texture": "#1"
				},
				"west": {
					"uv": [5.875, 2.375, 5.25, 3.25],
					"texture": "#1"
				},
				"up": {
					"uv": [5.875, 2.375, 6.375, 1.75],
					"texture": "#1"
				},
				"down": {
					"uv": [6.375, 1.75, 6.875, 2.375],
					"texture": "#1"
				}
			}
		},
		{
			"from": [3.2, 4.4, 5.5],
			"to": [3.2, 8.9, 10.5],
			"rotation": {
				"angle": 0,
				"axis": "y",
				"origin": [3.2, 9.4, 8]
			},
			"faces": {
				"north": {
					"uv": [0, 0, 16, 16],
					"texture": "#1"
				},
				"east": {
					"uv": [0, 0, 16, 16],
					"texture": "#1"
				},
				"south": {
					"uv": [0, 0, 16, 16],
					"texture": "#1"
				},
				"west": {
					"uv": [0, 0, 16, 16],
					"texture": "#0"
				},
				"up": {
					"uv": [0, 0, 16, 16],
					"texture": "#1"
				},
				"down": {
					"uv": [0, 0, 16, 16],
					"texture": "#1"
				}
			}
		}
	]
}