{
	"textures": {
		"1": "animated_java:item/animal_alpha/alpha"
	},
	"display": {
		"head": {
			"rotation": [0, 180, 0]
		}
	},
	"elements": [
		{
			"from": [8, -3, 4],
			"to": [8, 10, 12],
			"rotation": {
				"angle": 0,
				"axis": "y",
				"origin": [8, 4, 8]
			},
			"faces": {
				"north": {
					"uv": [4.125, 2.125, 4.125, 3.75],
					"texture": "#1"
				},
				"east": {
					"uv": [3.125, 2.125, 4.125, 3.75],
					"texture": "#1"
				},
				"south": {
					"uv": [5.125, 2.125, 5.125, 3.75],
					"texture": "#1"
				},
				"west": {
					"uv": [4.125, 2.125, 5.125, 3.75],
					"texture": "#1"
				},
				"up": {
					"uv": [4.125, 2.125, 4.125, 1.125],
					"texture": "#1"
				},
				"down": {
					"uv": [4.125, 1.125, 4.125, 2.125],
					"texture": "#1"
				}
			}
		},
		{
			"from": [7, 7, 5],
			"to": [9, 11, 11],
			"rotation": {
				"angle": 0,
				"axis": "y",
				"origin": [8, 8, 8]
			},
			"faces": {
				"north": {
					"uv": [9.5, 1.875, 9.75, 2.375],
					"texture": "#1"
				},
				"east": {
					"uv": [8.75, 1.875, 9.5, 2.375],
					"texture": "#1"
				},
				"south": {
					"uv": [10.5, 1.875, 10.75, 2.375],
					"texture": "#1"
				},
				"west": {
					"uv": [9.75, 1.875, 10.5, 2.375],
					"texture": "#1"
				},
				"up": {
					"uv": [9.75, 1.875, 9.5, 1.125],
					"texture": "#1"
				},
				"down": {
					"uv": [10, 1.125, 9.75, 1.875],
					"texture": "#1"
				}
			}
		}
	]
}