{
	"textures": {
		"1": "animated_java:item/animal_alpha/alpha"
	},
	"display": {
		"head": {
			"rotation": [0, 180, 0]
		}
	},
	"elements": [
		{
			"from": [6, -1, 6],
			"to": [10, 9, 10],
			"rotation": {
				"angle": 0,
				"axis": "y",
				"origin": [6, 0, 9]
			},
			"faces": {
				"north": {
					"uv": [7.875, 0.5, 8.375, 1.75],
					"texture": "#1"
				},
				"east": {
					"uv": [7.375, 0.5, 7.875, 1.75],
					"texture": "#1"
				},
				"south": {
					"uv": [8.875, 0.5, 9.375, 1.75],
					"texture": "#1"
				},
				"west": {
					"uv": [8.375, 0.5, 8.875, 1.75],
					"texture": "#1"
				},
				"up": {
					"uv": [8.375, 0.5, 7.875, 0],
					"texture": "#1"
				},
				"down": {
					"uv": [8.875, 0, 8.375, 0.5],
					"texture": "#1"
				}
			}
		}
	]
}