{
	"textures": {
		"0": "animated_java:item/animal_alpha/bsprj",
		"1": "animated_java:item/animal_alpha/alpha"
	},
	"display": {
		"head": {
			"rotation": [0, 180, 0]
		}
	},
	"elements": [
		{
			"from": [1, 10, 5],
			"to": [9, 15, 9],
			"rotation": {
				"angle": 0,
				"axis": "y",
				"origin": [8, 8, 8]
			},
			"faces": {
				"north": {
					"uv": [4.75, 4.375, 5.75, 5],
					"texture": "#1"
				},
				"east": {
					"uv": [4.25, 4.375, 4.75, 5],
					"texture": "#1"
				},
				"south": {
					"uv": [6.25, 4.375, 7.25, 5],
					"texture": "#1"
				},
				"west": {
					"uv": [5.75, 4.375, 6.25, 5],
					"texture": "#1"
				},
				"up": {
					"uv": [5.75, 4.375, 4.75, 3.875],
					"texture": "#1"
				},
				"down": {
					"uv": [6.75, 3.875, 5.75, 4.375],
					"texture": "#1"
				}
			}
		},
		{
			"from": [4, 5, 6.75],
			"to": [6, 10, 8.75],
			"rotation": {
				"angle": 0,
				"axis": "y",
				"origin": [8, 3, 8.75]
			},
			"faces": {
				"north": {
					"uv": [2.625, 6.875, 2.875, 7.5],
					"texture": "#1"
				},
				"east": {
					"uv": [2.375, 6.875, 2.625, 7.5],
					"texture": "#1"
				},
				"south": {
					"uv": [3.125, 6.875, 3.375, 7.5],
					"texture": "#1"
				},
				"west": {
					"uv": [2.875, 6.875, 3.125, 7.5],
					"texture": "#1"
				},
				"up": {
					"uv": [2.875, 6.875, 2.625, 6.625],
					"texture": "#1"
				},
				"down": {
					"uv": [3.125, 6.625, 2.875, 6.875],
					"texture": "#1"
				}
			}
		},
		{
			"from": [0.9, -0.9, 4.9],
			"to": [9.1, 15.1, 9.1],
			"rotation": {
				"angle": 0,
				"axis": "y",
				"origin": [8, 8.1, 8]
			},
			"faces": {
				"north": {
					"uv": [0.5, 2.625, 1.5, 4.625],
					"texture": "#1"
				},
				"east": {
					"uv": [0, 2.625, 0.5, 4.625],
					"texture": "#1"
				},
				"south": {
					"uv": [2, 2.625, 3, 4.625],
					"texture": "#1"
				},
				"west": {
					"uv": [1.5, 2.625, 2, 4.625],
					"texture": "#1"
				},
				"up": {
					"uv": [1.5, 2.625, 0.5, 2.125],
					"texture": "#1"
				},
				"down": {
					"uv": [2.5, 2.125, 1.5, 2.625],
					"texture": "#1"
				}
			}
		},
		{
			"from": [1.7, 7.15, 9.4],
			"to": [8.45, 12.9, 9.4],
			"rotation": {
				"angle": 0,
				"axis": "y",
				"origin": [4.2, 13.4, 9.4]
			},
			"faces": {
				"north": {
					"uv": [0, 0, 16, 16],
					"texture": "#1"
				},
				"east": {
					"uv": [0, 0, 16, 16],
					"texture": "#1"
				},
				"south": {
					"uv": [0, 0, 16, 16],
					"texture": "#0"
				},
				"west": {
					"uv": [0, 0, 16, 16],
					"texture": "#1"
				},
				"up": {
					"uv": [0, 0, 16, 16],
					"texture": "#1"
				},
				"down": {
					"uv": [0, 0, 16, 16],
					"texture": "#1"
				}
			}
		}
	]
}