{
	"textures": {
		"0": "animated_java:item/animal_bear/bear"
	},
	"display": {
		"head": {
			"rotation": [0, 180, 0]
		}
	},
	"elements": [
		{
			"from": [5.21564, -6.21, -0.33126],
			"to": [13.90314, -6.21, 11.09374],
			"rotation": {
				"angle": 0,
				"axis": "y",
				"origin": [8, -0.0225, 8]
			},
			"faces": {
				"north": {
					"uv": [0.6875, 9.5, 1.1875, 9.5],
					"texture": "#0"
				},
				"east": {
					"uv": [0, 9.5, 0.6875, 9.5],
					"texture": "#0"
				},
				"south": {
					"uv": [1.875, 9.5, 2.375, 9.5],
					"texture": "#0"
				},
				"west": {
					"uv": [1.1875, 9.5, 1.875, 9.5],
					"texture": "#0"
				},
				"up": {
					"uv": [1.1875, 9.5, 0.6875, 8.8125],
					"texture": "#0"
				},
				"down": {
					"uv": [1.6875, 8.8125, 1.1875, 9.5],
					"texture": "#0"
				}
			}
		},
		{
			"from": [5.21564, -6.36, 6.14374],
			"to": [14.16564, 8.99, 16.04374],
			"rotation": {
				"angle": 0,
				"axis": "y",
				"origin": [15.11564, 4.04, 25.94374]
			},
			"faces": {
				"north": {
					"uv": [0.5625, 5.5625, 1.0625, 6.5],
					"texture": "#0"
				},
				"east": {
					"uv": [0, 5.5625, 0.5625, 6.5],
					"texture": "#0"
				},
				"south": {
					"uv": [1.625, 5.5625, 2.125, 6.5],
					"texture": "#0"
				},
				"west": {
					"uv": [1.0625, 5.5625, 1.625, 6.5],
					"texture": "#0"
				},
				"up": {
					"uv": [1.0625, 5.5625, 0.5625, 5],
					"texture": "#0"
				},
				"down": {
					"uv": [1.5625, 5, 1.0625, 5.5625],
					"texture": "#0"
				}
			}
		}
	]
}