{
	"textures": {
		"0": "animated_java:item/animal_bear/bear"
	},
	"display": {
		"head": {
			"rotation": [0, 180, 0]
		}
	},
	"elements": [
		{
			"from": [1.46849, -0.22225, -4],
			"to": [14.53151, 10.62707, 9.47945],
			"rotation": {
				"angle": 0,
				"axis": "y",
				"origin": [7.56164, 5.20241, 1.42466]
			},
			"faces": {
				"north": {
					"uv": [7.6875, 3.4375, 9.5, 4.9375],
					"texture": "#0"
				},
				"east": {
					"uv": [5.8125, 3.4375, 7.6875, 4.9375],
					"texture": "#0"
				},
				"south": {
					"uv": [11.375, 3.4375, 13.1875, 4.9375],
					"texture": "#0"
				},
				"west": {
					"uv": [9.5, 3.4375, 11.375, 4.9375],
					"texture": "#0"
				},
				"up": {
					"uv": [9.5, 3.4375, 7.6875, 1.5625],
					"texture": "#0"
				},
				"down": {
					"uv": [11.3125, 1.5625, 9.5, 3.4375],
					"texture": "#0"
				}
			}
		},
		{
			"from": [1.46849, 10.71386, -4],
			"to": [4.88767, 10.71386, 20],
			"rotation": {
				"angle": 0,
				"axis": "y",
				"origin": [3.17808, 10.71386, 5.80822]
			},
			"faces": {
				"north": {
					"uv": [3.375, 6.8125, 3.8125, 6.8125],
					"texture": "#0"
				},
				"east": {
					"uv": [0, 6.8125, 3.375, 6.8125],
					"texture": "#0"
				},
				"south": {
					"uv": [7.1875, 6.8125, 7.625, 6.8125],
					"texture": "#0"
				},
				"west": {
					"uv": [3.8125, 6.8125, 7.1875, 6.8125],
					"texture": "#0"
				},
				"up": {
					"uv": [3.8125, 6.8125, 3.375, 3.4375],
					"texture": "#0"
				},
				"down": {
					"uv": [4.25, 3.4375, 3.8125, 6.8125],
					"texture": "#0"
				}
			}
		},
		{
			"from": [11.11233, 10.71386, -4],
			"to": [14.53151, 10.71386, 20],
			"rotation": {
				"angle": 0,
				"axis": "y",
				"origin": [12.82192, 10.71386, 5.80822]
			},
			"faces": {
				"north": {
					"uv": [3.375, 3.375, 3.8125, 3.375],
					"texture": "#0"
				},
				"east": {
					"uv": [0, 3.375, 3.375, 3.375],
					"texture": "#0"
				},
				"south": {
					"uv": [7.1875, 3.375, 7.625, 3.375],
					"texture": "#0"
				},
				"west": {
					"uv": [3.8125, 3.375, 7.1875, 3.375],
					"texture": "#0"
				},
				"up": {
					"uv": [3.8125, 3.375, 3.375, 0],
					"texture": "#0"
				},
				"down": {
					"uv": [4.25, 0, 3.8125, 3.375],
					"texture": "#0"
				}
			}
		}
	]
}