{
	"textures": {
		"0": "animated_java:item/animal_bear/bear"
	},
	"display": {
		"head": {
			"rotation": [0, 180, 0]
		}
	},
	"elements": [
		{
			"from": [6.02, -4.87, 3.05],
			"to": [14.97, 9.98, 12.95],
			"rotation": {
				"angle": 0,
				"axis": "y",
				"origin": [15.92, 5.03, 22.85]
			},
			"faces": {
				"north": {
					"uv": [4.875, 5.5625, 5.375, 6.4375],
					"texture": "#0"
				},
				"east": {
					"uv": [4.3125, 5.5625, 4.875, 6.4375],
					"texture": "#0"
				},
				"south": {
					"uv": [5.9375, 5.5625, 6.4375, 6.4375],
					"texture": "#0"
				},
				"west": {
					"uv": [5.375, 5.5625, 5.9375, 6.4375],
					"texture": "#0"
				},
				"up": {
					"uv": [5.375, 5.5625, 4.875, 5],
					"texture": "#0"
				},
				"down": {
					"uv": [5.875, 5, 5.375, 5.5625],
					"texture": "#0"
				}
			}
		}
	]
}