{
	"textures": {
		"0": "animated_java:item/animal_bear/bear"
	},
	"display": {
		"head": {
			"rotation": [0, 180, 0]
		}
	},
	"elements": [
		{
			"from": [4.09686, -6.21, -2.33126],
			"to": [12.78436, -6.21, 9.09374],
			"rotation": {
				"angle": 0,
				"axis": "y",
				"origin": [10, -0.0225, 6]
			},
			"faces": {
				"north": {
					"uv": [8.0625, 9, 8.5625, 9],
					"texture": "#0"
				},
				"east": {
					"uv": [7.375, 9, 8.0625, 9],
					"texture": "#0"
				},
				"south": {
					"uv": [9.25, 9, 9.75, 9],
					"texture": "#0"
				},
				"west": {
					"uv": [8.5625, 9, 9.25, 9],
					"texture": "#0"
				},
				"up": {
					"uv": [8.5625, 9, 8.0625, 8.3125],
					"texture": "#0"
				},
				"down": {
					"uv": [9.0625, 8.3125, 8.5625, 9],
					"texture": "#0"
				}
			}
		},
		{
			"from": [3.83436, -6.36, 4.14374],
			"to": [12.78436, 8.99, 14.04374],
			"rotation": {
				"angle": 0,
				"axis": "y",
				"origin": [2.88436, 4.04, 23.94374]
			},
			"faces": {
				"north": {
					"uv": [4.875, 0.5625, 5.375, 1.5],
					"texture": "#0"
				},
				"east": {
					"uv": [4.3125, 0.5625, 4.875, 1.5],
					"texture": "#0"
				},
				"south": {
					"uv": [5.9375, 0.5625, 6.4375, 1.5],
					"texture": "#0"
				},
				"west": {
					"uv": [5.375, 0.5625, 5.9375, 1.5],
					"texture": "#0"
				},
				"up": {
					"uv": [5.375, 0.5625, 4.875, 0],
					"texture": "#0"
				},
				"down": {
					"uv": [5.875, 0, 5.375, 0.5625],
					"texture": "#0"
				}
			}
		},
		{
			"from": [1.83436, -4.36, 2.14374],
			"to": [14.78436, 4.99, 16.04374],
			"rotation": {
				"angle": 0,
				"axis": "y",
				"origin": [2.88436, 6.04, 23.94374]
			},
			"faces": {
				"north": {
					"uv": [0.8125, 2.25, 1.5625, 2.8125],
					"texture": "#0"
				},
				"east": {
					"uv": [0, 2.25, 0.8125, 2.8125],
					"texture": "#0"
				},
				"south": {
					"uv": [2.375, 2.25, 3.125, 2.8125],
					"texture": "#0"
				},
				"west": {
					"uv": [1.5625, 2.25, 2.375, 2.8125],
					"texture": "#0"
				},
				"up": {
					"uv": [1.5625, 2.25, 0.8125, 1.4375],
					"texture": "#0"
				},
				"down": {
					"uv": [2.3125, 1.4375, 1.5625, 2.25],
					"texture": "#0"
				}
			}
		}
	]
}