{
	"textures": {
		"0": "animated_java:item/animal_bear/bear"
	},
	"display": {
		"head": {
			"rotation": [0, 180, 0]
		}
	},
	"elements": [
		{
			"from": [3.56875, -6.68333, -3.52083],
			"to": [12.25625, -6.68333, 7.90417],
			"rotation": {
				"angle": 0,
				"axis": "y",
				"origin": [6.35311, -0.49583, 4.81043]
			},
			"faces": {
				"north": {
					"uv": [8.6875, 1.5, 9.1875, 1.5],
					"texture": "#0"
				},
				"east": {
					"uv": [8, 1.5, 8.6875, 1.5],
					"texture": "#0"
				},
				"south": {
					"uv": [9.875, 1.5, 10.375, 1.5],
					"texture": "#0"
				},
				"west": {
					"uv": [9.1875, 1.5, 9.875, 1.5],
					"texture": "#0"
				},
				"up": {
					"uv": [9.1875, 1.5, 8.6875, 0.8125],
					"texture": "#0"
				},
				"down": {
					"uv": [9.6875, 0.8125, 9.1875, 1.5],
					"texture": "#0"
				}
			}
		},
		{
			"from": [3.56875, -6.83333, 2.95417],
			"to": [12.51875, 8.51667, 12.85417],
			"rotation": {
				"angle": 0,
				"axis": "y",
				"origin": [13.46875, 3.56667, 22.75417]
			},
			"faces": {
				"north": {
					"uv": [0.5625, 4, 1.0625, 4.9375],
					"texture": "#0"
				},
				"east": {
					"uv": [0, 4, 0.5625, 4.9375],
					"texture": "#0"
				},
				"south": {
					"uv": [1.625, 4, 2.125, 4.9375],
					"texture": "#0"
				},
				"west": {
					"uv": [1.0625, 4, 1.625, 4.9375],
					"texture": "#0"
				},
				"up": {
					"uv": [1.0625, 4, 0.5625, 3.4375],
					"texture": "#0"
				},
				"down": {
					"uv": [1.5625, 3.4375, 1.0625, 4],
					"texture": "#0"
				}
			}
		},
		{
			"from": [1.56875, -4.83333, 0.95417],
			"to": [14.51875, 4.51667, 14.85417],
			"rotation": {
				"angle": 0,
				"axis": "y",
				"origin": [13.46875, 3.56667, 22.75417]
			},
			"faces": {
				"north": {
					"uv": [0.8125, 0.8125, 1.5625, 1.375],
					"texture": "#0"
				},
				"east": {
					"uv": [0, 0.8125, 0.8125, 1.375],
					"texture": "#0"
				},
				"south": {
					"uv": [2.375, 0.8125, 3.125, 1.375],
					"texture": "#0"
				},
				"west": {
					"uv": [1.5625, 0.8125, 2.375, 1.375],
					"texture": "#0"
				},
				"up": {
					"uv": [1.5625, 0.8125, 0.8125, 0],
					"texture": "#0"
				},
				"down": {
					"uv": [2.3125, 0, 1.5625, 0.8125],
					"texture": "#0"
				}
			}
		}
	]
}