{
	"textures": {
		"0": "animated_java:item/animal_bear/bear"
	},
	"display": {
		"head": {
			"rotation": [0, 180, 0]
		}
	},
	"elements": [
		{
			"from": [1.03, -4.87, 3.05],
			"to": [9.98, 9.98, 12.95],
			"rotation": {
				"angle": 0,
				"axis": "y",
				"origin": [0.08, 5.03, 22.85]
			},
			"faces": {
				"north": {
					"uv": [7.0625, 0.5625, 7.5625, 1.4375],
					"texture": "#0"
				},
				"east": {
					"uv": [6.5, 0.5625, 7.0625, 1.4375],
					"texture": "#0"
				},
				"south": {
					"uv": [8.125, 0.5625, 8.625, 1.4375],
					"texture": "#0"
				},
				"west": {
					"uv": [7.5625, 0.5625, 8.125, 1.4375],
					"texture": "#0"
				},
				"up": {
					"uv": [7.5625, 0.5625, 7.0625, 0],
					"texture": "#0"
				},
				"down": {
					"uv": [8.0625, 0, 7.5625, 0.5625],
					"texture": "#0"
				}
			}
		}
	]
}