{
	"textures": {
		"0": "animated_java:item/animal_bear/bear"
	},
	"display": {
		"head": {
			"rotation": [0, 180, 0]
		}
	},
	"elements": [
		{
			"from": [2.09686, -6.21, -0.33126],
			"to": [10.78436, -6.21, 11.09374],
			"rotation": {
				"angle": 0,
				"axis": "y",
				"origin": [8, -0.0225, 8]
			},
			"faces": {
				"north": {
					"uv": [9.375, 0.6875, 9.875, 0.6875],
					"texture": "#0"
				},
				"east": {
					"uv": [8.6875, 0.6875, 9.375, 0.6875],
					"texture": "#0"
				},
				"south": {
					"uv": [10.5625, 0.6875, 11.0625, 0.6875],
					"texture": "#0"
				},
				"west": {
					"uv": [9.875, 0.6875, 10.5625, 0.6875],
					"texture": "#0"
				},
				"up": {
					"uv": [9.875, 0.6875, 9.375, 0],
					"texture": "#0"
				},
				"down": {
					"uv": [10.375, 0, 9.875, 0.6875],
					"texture": "#0"
				}
			}
		},
		{
			"from": [1.83436, -6.36, 6.14374],
			"to": [10.78436, 8.99, 16.04374],
			"rotation": {
				"angle": 0,
				"axis": "y",
				"origin": [0.88436, 4.04, 25.94374]
			},
			"faces": {
				"north": {
					"uv": [4.875, 2.125, 5.375, 3.0625],
					"texture": "#0"
				},
				"east": {
					"uv": [4.3125, 2.125, 4.875, 3.0625],
					"texture": "#0"
				},
				"south": {
					"uv": [5.9375, 2.125, 6.4375, 3.0625],
					"texture": "#0"
				},
				"west": {
					"uv": [5.375, 2.125, 5.9375, 3.0625],
					"texture": "#0"
				},
				"up": {
					"uv": [5.375, 2.125, 4.875, 1.5625],
					"texture": "#0"
				},
				"down": {
					"uv": [5.875, 1.5625, 5.375, 2.125],
					"texture": "#0"
				}
			}
		}
	]
}