{
	"textures": {
		"0": "animated_java:item/animal_bear/bear"
	},
	"display": {
		"head": {
			"rotation": [0, 180, 0]
		}
	},
	"elements": [
		{
			"from": [0.575, -1.03608, -7.93088],
			"to": [15.425, 15.75392, 6.91912],
			"rotation": {
				"angle": 0,
				"axis": "y",
				"origin": [8, 7.35892, -0.50588]
			},
			"faces": {
				"north": {
					"uv": [0.875, 7.75, 1.75, 8.75],
					"texture": "#0"
				},
				"east": {
					"uv": [0, 7.75, 0.875, 8.75],
					"texture": "#0"
				},
				"south": {
					"uv": [2.625, 7.75, 3.5, 8.75],
					"texture": "#0"
				},
				"west": {
					"uv": [1.75, 7.75, 2.625, 8.75],
					"texture": "#0"
				},
				"up": {
					"uv": [1.75, 7.75, 0.875, 6.875],
					"texture": "#0"
				},
				"down": {
					"uv": [2.625, 6.875, 1.75, 7.75],
					"texture": "#0"
				}
			}
		},
		{
			"from": [-2.425, 12.96392, 0.91912],
			"to": [4.425, 19.75392, 0.91912],
			"rotation": {
				"angle": 0,
				"axis": "y",
				"origin": [5, 21.35892, -6.50588]
			},
			"faces": {
				"north": {
					"uv": [0, 1.4375, 0.375, 1.8125],
					"texture": "#0"
				},
				"east": {
					"uv": [0, 1.4375, 0, 1.8125],
					"texture": "#0"
				},
				"south": {
					"uv": [0.375, 1.4375, 0.75, 1.8125],
					"texture": "#0"
				},
				"west": {
					"uv": [0.375, 1.4375, 0.375, 1.8125],
					"texture": "#0"
				},
				"up": {
					"uv": [0.375, 1.4375, 0, 1.4375],
					"texture": "#0"
				},
				"down": {
					"uv": [0.75, 1.4375, 0.375, 1.4375],
					"texture": "#0"
				}
			}
		},
		{
			"from": [11.575, 12.96392, 0.91912],
			"to": [18.425, 19.75392, 0.91912],
			"rotation": {
				"angle": 0,
				"axis": "y",
				"origin": [11, 21.35892, -6.50588]
			},
			"faces": {
				"north": {
					"uv": [0, 0, 0.375, 0.375],
					"texture": "#0"
				},
				"east": {
					"uv": [0, 0, 0, 0.375],
					"texture": "#0"
				},
				"south": {
					"uv": [0.375, 0, 0.75, 0.375],
					"texture": "#0"
				},
				"west": {
					"uv": [0.375, 0, 0.375, 0.375],
					"texture": "#0"
				},
				"up": {
					"uv": [0.375, 0, 0, 0],
					"texture": "#0"
				},
				"down": {
					"uv": [0.75, 0, 0.375, 0],
					"texture": "#0"
				}
			}
		},
		{
			"from": [5.05, 0.18142, -13.81088],
			"to": [10.95, 6.80392, -7.93088],
			"rotation": {
				"angle": 0,
				"axis": "y",
				"origin": [8, 4.49266, -13.87088]
			},
			"faces": {
				"north": {
					"uv": [4.625, 3.75, 4.9375, 4.125],
					"texture": "#0"
				},
				"east": {
					"uv": [4.3125, 3.75, 4.625, 4.125],
					"texture": "#0"
				},
				"south": {
					"uv": [5.25, 3.75, 5.5625, 4.125],
					"texture": "#0"
				},
				"west": {
					"uv": [4.9375, 3.75, 5.25, 4.125],
					"texture": "#0"
				},
				"up": {
					"uv": [4.9375, 3.75, 4.625, 3.4375],
					"texture": "#0"
				},
				"down": {
					"uv": [5.25, 3.4375, 4.9375, 3.75],
					"texture": "#0"
				}
			}
		}
	]
}