{
	"textures": {
		"0": "animated_java:item/animal_bear/bear"
	},
	"display": {
		"head": {
			"rotation": [0, 180, 0]
		}
	},
	"elements": [
		{
			"from": [1.03, -4.87, 3.05],
			"to": [9.98, 9.98, 12.95],
			"rotation": {
				"angle": 0,
				"axis": "y",
				"origin": [0.08, 5.03, 22.85]
			},
			"faces": {
				"north": {
					"uv": [4.125, 7.4375, 4.625, 8.3125],
					"texture": "#0"
				},
				"east": {
					"uv": [3.5625, 7.4375, 4.125, 8.3125],
					"texture": "#0"
				},
				"south": {
					"uv": [5.1875, 7.4375, 5.6875, 8.3125],
					"texture": "#0"
				},
				"west": {
					"uv": [4.625, 7.4375, 5.1875, 8.3125],
					"texture": "#0"
				},
				"up": {
					"uv": [4.625, 7.4375, 4.125, 6.875],
					"texture": "#0"
				},
				"down": {
					"uv": [5.125, 6.875, 4.625, 7.4375],
					"texture": "#0"
				}
			}
		}
	]
}