{
	"textures": {
		"0": "animated_java:item/animal_bear/bear"
	},
	"display": {
		"head": {
			"rotation": [0, 180, 0]
		}
	},
	"elements": [
		{
			"from": [-3.9125, -3.1375, -2.375],
			"to": [19.9125, 19.1375, 18.375],
			"rotation": {
				"angle": 0,
				"axis": "y",
				"origin": [8.25, 8, 4]
			},
			"faces": {
				"north": {
					"uv": [7.6875, 6.875, 9.125, 8.25],
					"texture": "#0"
				},
				"east": {
					"uv": [6.4375, 6.875, 7.6875, 8.25],
					"texture": "#0"
				},
				"south": {
					"uv": [10.375, 6.875, 11.8125, 8.25],
					"texture": "#0"
				},
				"west": {
					"uv": [9.125, 6.875, 10.375, 8.25],
					"texture": "#0"
				},
				"up": {
					"uv": [9.125, 6.875, 7.6875, 5.625],
					"texture": "#0"
				},
				"down": {
					"uv": [10.5625, 5.625, 9.125, 6.875],
					"texture": "#0"
				}
			}
		}
	]
}