{
	"textures": {
		"0": "animated_java:item/animal_bear/bear"
	},
	"display": {
		"head": {
			"rotation": [0, 180, 0]
		}
	},
	"elements": [
		{
			"from": [6.02, -4.87, 3.05],
			"to": [14.97, 9.98, 12.95],
			"rotation": {
				"angle": 0,
				"axis": "y",
				"origin": [15.92, 5.03, 22.85]
			},
			"faces": {
				"north": {
					"uv": [5.75, 8.875, 6.25, 9.75],
					"texture": "#0"
				},
				"east": {
					"uv": [5.1875, 8.875, 5.75, 9.75],
					"texture": "#0"
				},
				"south": {
					"uv": [6.8125, 8.875, 7.3125, 9.75],
					"texture": "#0"
				},
				"west": {
					"uv": [6.25, 8.875, 6.8125, 9.75],
					"texture": "#0"
				},
				"up": {
					"uv": [6.25, 8.875, 5.75, 8.3125],
					"texture": "#0"
				},
				"down": {
					"uv": [6.75, 8.3125, 6.25, 8.875],
					"texture": "#0"
				}
			}
		}
	]
}