{
	"providers": [
		{"type": "bitmap","file": "minecraft:font/icon/icon.png","ascent": 64, "height": 128,"chars": ["\u1000"]},
		{"type": "bitmap","file": "minecraft:font/icon/icon.png","ascent": 63, "height": 128,"chars": ["\u1001"]},
		{"type": "bitmap","file": "minecraft:font/icon/icon.png","ascent": 62, "height": 128,"chars": ["\u1002"]},
		{"type": "bitmap","file": "minecraft:font/icon/icon.png","ascent": 61, "height": 128,"chars": ["\u1003"]},
		{"type": "bitmap","file": "minecraft:font/icon/icon.png","ascent": 60, "height": 128,"chars": ["\u1004"]},
		{"type": "bitmap","file": "minecraft:font/icon/icon.png","ascent": 59, "height": 128,"chars": ["\u1005"]},
		{"type": "bitmap","file": "minecraft:font/icon/icon.png","ascent": 58, "height": 128,"chars": ["\u1006"]},
		{"type": "bitmap","file": "minecraft:font/icon/icon.png","ascent": 57, "height": 128,"chars": ["\u1007"]},
		{"type": "bitmap","file": "minecraft:font/icon/icon.png","ascent": 56, "height": 128,"chars": ["\u1008"]},
		{"type": "bitmap","file": "minecraft:font/icon/icon.png","ascent": 55, "height": 128,"chars": ["\u1009"]},
		{"type": "bitmap","file": "minecraft:font/icon/icon.png","ascent": 54, "height": 128,"chars": ["\u1010"]},
		{"type": "bitmap","file": "minecraft:font/icon/icon.png","ascent": 53, "height": 128,"chars": ["\u1011"]},
		{"type": "bitmap","file": "minecraft:font/icon/icon.png","ascent": 52, "height": 128,"chars": ["\u1012"]},
		{"type": "bitmap","file": "minecraft:font/icon/icon.png","ascent": 51, "height": 128,"chars": ["\u1013"]},
		{"type": "bitmap","file": "minecraft:font/icon/icon.png","ascent": 50, "height": 128,"chars": ["\u1014"]},
		{"type": "bitmap","file": "minecraft:font/icon/icon.png","ascent": 49, "height": 128,"chars": ["\u1015"]},
		{"type": "bitmap","file": "minecraft:font/icon/icon.png","ascent": 48, "height": 128,"chars": ["\u1016"]},
		{"type": "bitmap","file": "minecraft:font/icon/icon.png","ascent": 47, "height": 128,"chars": ["\u1017"]},
		{"type": "bitmap","file": "minecraft:font/icon/icon.png","ascent": 46, "height": 128,"chars": ["\u1018"]},
		{"type": "bitmap","file": "minecraft:font/icon/icon.png","ascent": 45, "height": 128,"chars": ["\u1019"]},
		{"type": "bitmap","file": "minecraft:font/icon/icon.png","ascent": 44, "height": 128,"chars": ["\u1020"]},
		{"type": "bitmap","file": "minecraft:font/icon/icon.png","ascent": 43, "height": 128,"chars": ["\u1021"]},
		{"type": "bitmap","file": "minecraft:font/icon/icon.png","ascent": 42, "height": 128,"chars": ["\u1022"]},
		{"type": "bitmap","file": "minecraft:font/icon/icon.png","ascent": 41, "height": 128,"chars": ["\u1023"]},
		{"type": "bitmap","file": "minecraft:font/icon/icon.png","ascent": 40, "height": 128,"chars": ["\u1024"]},
		{"type": "bitmap","file": "minecraft:font/icon/icon.png","ascent": 39, "height": 128,"chars": ["\u1025"]},
		{"type": "bitmap","file": "minecraft:font/icon/icon.png","ascent": 38, "height": 128,"chars": ["\u1026"]},
		{"type": "bitmap","file": "minecraft:font/icon/icon.png","ascent": 37, "height": 128,"chars": ["\u1027"]},
		{"type": "bitmap","file": "minecraft:font/icon/icon.png","ascent": 36, "height": 128,"chars": ["\u1028"]},
		{"type": "bitmap","file": "minecraft:font/icon/icon.png","ascent": 35, "height": 128,"chars": ["\u1029"]},
		{"type": "bitmap","file": "minecraft:font/icon/icon.png","ascent": 34, "height": 128,"chars": ["\u1030"]},
		{"type": "bitmap","file": "minecraft:font/icon/icon.png","ascent": 33, "height": 128,"chars": ["\u1031"]},
		{"type": "bitmap","file": "minecraft:font/icon/icon.png","ascent": 32, "height": 128,"chars": ["\u1032"]},
		{"type": "bitmap","file": "minecraft:font/icon/icon.png","ascent": 31, "height": 128,"chars": ["\u1033"]},
		{"type": "bitmap","file": "minecraft:font/icon/icon.png","ascent": 30, "height": 128,"chars": ["\u1034"]},
		{"type": "bitmap","file": "minecraft:font/icon/icon.png","ascent": 29, "height": 128,"chars": ["\u1035"]},
		{"type": "bitmap","file": "minecraft:font/icon/icon.png","ascent": 28, "height": 128,"chars": ["\u1036"]},
		{"type": "bitmap","file": "minecraft:font/icon/icon.png","ascent": 27, "height": 128,"chars": ["\u1037"]},
		{"type": "bitmap","file": "minecraft:font/icon/icon.png","ascent": 26, "height": 128,"chars": ["\u1038"]},
		{"type": "bitmap","file": "minecraft:font/icon/icon.png","ascent": 25, "height": 128,"chars": ["\u1039"]},
		{"type": "bitmap","file": "minecraft:font/icon/icon.png","ascent": 24, "height": 128,"chars": ["\u1040"]},
		{"type": "bitmap","file": "minecraft:font/icon/icon.png","ascent": 23, "height": 128,"chars": ["\u1041"]},
		{"type": "bitmap","file": "minecraft:font/icon/icon.png","ascent": 22, "height": 128,"chars": ["\u1042"]},
		{"type": "bitmap","file": "minecraft:font/icon/icon.png","ascent": 21, "height": 128,"chars": ["\u1043"]},
		{"type": "bitmap","file": "minecraft:font/icon/icon.png","ascent": 20, "height": 128,"chars": ["\u1044"]},
		{"type": "bitmap","file": "minecraft:font/icon/icon.png","ascent": 19, "height": 128,"chars": ["\u1045"]},
		{"type": "bitmap","file": "minecraft:font/icon/icon.png","ascent": 18, "height": 128,"chars": ["\u1046"]},
		{"type": "bitmap","file": "minecraft:font/icon/icon.png","ascent": 17, "height": 128,"chars": ["\u1047"]},
		{"type": "bitmap","file": "minecraft:font/icon/icon.png","ascent": 16, "height": 128,"chars": ["\u1048"]},
		{"type": "bitmap","file": "minecraft:font/icon/icon.png","ascent": 15, "height": 128,"chars": ["\u1049"]},
		{"type": "bitmap","file": "minecraft:font/icon/icon.png","ascent": 14, "height": 128,"chars": ["\u1050"]},
		{"type": "bitmap","file": "minecraft:font/icon/icon.png","ascent": 13, "height": 128,"chars": ["\u1051"]},
		{"type": "bitmap","file": "minecraft:font/icon/icon.png","ascent": 12, "height": 128,"chars": ["\u1052"]},
		{"type": "bitmap","file": "minecraft:font/icon/icon.png","ascent": 11, "height": 128,"chars": ["\u1053"]},
		{"type": "bitmap","file": "minecraft:font/icon/icon.png","ascent": 10, "height": 128,"chars": ["\u1054"]},
		{"type": "bitmap","file": "minecraft:font/icon/icon.png","ascent": 9, "height": 128,"chars": ["\u1055"]},
		{"type": "bitmap","file": "minecraft:font/icon/icon.png","ascent": 8, "height": 128,"chars": ["\u1056"]},
		{"type": "bitmap","file": "minecraft:font/icon/icon.png","ascent": 7, "height": 128,"chars": ["\u1057"]},
		{"type": "bitmap","file": "minecraft:font/icon/icon.png","ascent": 6, "height": 128,"chars": ["\u1058"]},
		{"type": "bitmap","file": "minecraft:font/icon/icon.png","ascent": 5, "height": 128,"chars": ["\u1059"]},
		{"type": "bitmap","file": "minecraft:font/icon/icon.png","ascent": 4, "height": 128,"chars": ["\u1060"]},
		{"type": "bitmap","file": "minecraft:font/icon/icon.png","ascent": 3, "height": 128,"chars": ["\u1061"]},
		{"type": "bitmap","file": "minecraft:font/icon/icon.png","ascent": 2, "height": 128,"chars": ["\u1062"]},
		{"type": "bitmap","file": "minecraft:font/icon/icon.png","ascent": 1, "height": 128,"chars": ["\u1063"]},
		{"type": "bitmap","file": "minecraft:font/icon/icon.png","ascent": 0, "height": 128,"chars": ["\u1064"]},
		{"type": "bitmap","file": "minecraft:font/icon/icon.png","ascent": -1, "height": 128,"chars": ["\u1065"]},
		{"type": "bitmap","file": "minecraft:font/icon/icon.png","ascent": -2, "height": 128,"chars": ["\u1066"]},
		{"type": "bitmap","file": "minecraft:font/icon/icon.png","ascent": -3, "height": 128,"chars": ["\u1067"]},
		{"type": "bitmap","file": "minecraft:font/icon/icon.png","ascent": -4, "height": 128,"chars": ["\u1068"]},
		{"type": "bitmap","file": "minecraft:font/icon/icon.png","ascent": -5, "height": 128,"chars": ["\u1069"]},
		{"type": "bitmap","file": "minecraft:font/icon/icon.png","ascent": -6, "height": 128,"chars": ["\u1070"]},
		{"type": "bitmap","file": "minecraft:font/icon/icon.png","ascent": -7, "height": 128,"chars": ["\u1071"]},
		{"type": "bitmap","file": "minecraft:font/icon/icon.png","ascent": -8, "height": 128,"chars": ["\u1072"]},
		{"type": "bitmap","file": "minecraft:font/icon/icon.png","ascent": -9, "height": 128,"chars": ["\u1073"]},
		{"type": "bitmap","file": "minecraft:font/icon/icon.png","ascent": -10, "height": 128,"chars": ["\u1074"]},
		{"type": "bitmap","file": "minecraft:font/icon/icon.png","ascent": -11, "height": 128,"chars": ["\u1075"]},
		{"type": "bitmap","file": "minecraft:font/icon/icon.png","ascent": -12, "height": 128,"chars": ["\u1076"]},
		{"type": "bitmap","file": "minecraft:font/icon/icon.png","ascent": -13, "height": 128,"chars": ["\u1077"]},
		{"type": "bitmap","file": "minecraft:font/icon/icon.png","ascent": -14, "height": 128,"chars": ["\u1078"]},
		{"type": "bitmap","file": "minecraft:font/icon/icon.png","ascent": -15, "height": 128,"chars": ["\u1079"]},
		{"type": "bitmap","file": "minecraft:font/icon/icon.png","ascent": -16, "height": 128,"chars": ["\u1080"]},
		{"type": "bitmap","file": "minecraft:font/icon/icon.png","ascent": -17, "height": 128,"chars": ["\u1081"]},
		{"type": "bitmap","file": "minecraft:font/icon/icon.png","ascent": -18, "height": 128,"chars": ["\u1082"]},
		{"type": "bitmap","file": "minecraft:font/icon/icon.png","ascent": -19, "height": 128,"chars": ["\u1083"]},
		{"type": "bitmap","file": "minecraft:font/icon/icon.png","ascent": -20, "height": 128,"chars": ["\u1084"]},
		{"type": "bitmap","file": "minecraft:font/icon/icon.png","ascent": -21, "height": 128,"chars": ["\u1085"]},
		{"type": "bitmap","file": "minecraft:font/icon/icon.png","ascent": -22, "height": 128,"chars": ["\u1086"]},
		{"type": "bitmap","file": "minecraft:font/icon/icon.png","ascent": -23, "height": 128,"chars": ["\u1087"]},
		{"type": "bitmap","file": "minecraft:font/icon/icon.png","ascent": -24, "height": 128,"chars": ["\u1088"]},
		{"type": "bitmap","file": "minecraft:font/icon/icon.png","ascent": -25, "height": 128,"chars": ["\u1089"]},
		{"type": "bitmap","file": "minecraft:font/icon/icon.png","ascent": -26, "height": 128,"chars": ["\u1090"]},
		{"type": "bitmap","file": "minecraft:font/icon/icon.png","ascent": -27, "height": 128,"chars": ["\u1091"]},
		{"type": "bitmap","file": "minecraft:font/icon/icon.png","ascent": -28, "height": 128,"chars": ["\u1092"]},
		{"type": "bitmap","file": "minecraft:font/icon/icon.png","ascent": -29, "height": 128,"chars": ["\u1093"]},
		{"type": "bitmap","file": "minecraft:font/icon/icon.png","ascent": -30, "height": 128,"chars": ["\u1094"]},
		{"type": "bitmap","file": "minecraft:font/icon/icon.png","ascent": -31, "height": 128,"chars": ["\u1095"]},
		{"type": "bitmap","file": "minecraft:font/icon/icon.png","ascent": -32, "height": 128,"chars": ["\u1096"]},
		{"type": "bitmap","file": "minecraft:font/icon/icon.png","ascent": -33, "height": 128,"chars": ["\u1097"]},
		{"type": "bitmap","file": "minecraft:font/icon/icon.png","ascent": -34, "height": 128,"chars": ["\u1098"]},
		{"type": "bitmap","file": "minecraft:font/icon/icon.png","ascent": -35, "height": 128,"chars": ["\u1099"]},
		{"type": "bitmap","file": "minecraft:font/icon/icon.png","ascent": -36, "height": 128,"chars": ["\u1100"]},
		{"type": "bitmap","file": "minecraft:font/icon/icon.png","ascent": -37, "height": 128,"chars": ["\u1101"]},
		{"type": "bitmap","file": "minecraft:font/icon/icon.png","ascent": -38, "height": 128,"chars": ["\u1102"]},
		{"type": "bitmap","file": "minecraft:font/icon/icon.png","ascent": -39, "height": 128,"chars": ["\u1103"]},
		{"type": "bitmap","file": "minecraft:font/icon/icon.png","ascent": -40, "height": 128,"chars": ["\u1104"]},
		{"type": "bitmap","file": "minecraft:font/icon/icon.png","ascent": -41, "height": 128,"chars": ["\u1105"]},
		{"type": "bitmap","file": "minecraft:font/icon/icon.png","ascent": -42, "height": 128,"chars": ["\u1106"]},
		{"type": "bitmap","file": "minecraft:font/icon/icon.png","ascent": -43, "height": 128,"chars": ["\u1107"]},
		{"type": "bitmap","file": "minecraft:font/icon/icon.png","ascent": -44, "height": 128,"chars": ["\u1108"]},
		{"type": "bitmap","file": "minecraft:font/icon/icon.png","ascent": -45, "height": 128,"chars": ["\u1109"]},
		{"type": "bitmap","file": "minecraft:font/icon/icon.png","ascent": -46, "height": 128,"chars": ["\u1110"]},
		{"type": "bitmap","file": "minecraft:font/icon/icon.png","ascent": -47, "height": 128,"chars": ["\u1111"]},
		{"type": "bitmap","file": "minecraft:font/icon/icon.png","ascent": -48, "height": 128,"chars": ["\u1112"]},
		{"type": "bitmap","file": "minecraft:font/icon/icon.png","ascent": -49, "height": 128,"chars": ["\u1113"]},
		{"type": "bitmap","file": "minecraft:font/icon/icon.png","ascent": -50, "height": 128,"chars": ["\u1114"]},
		{"type": "bitmap","file": "minecraft:font/icon/icon.png","ascent": -51, "height": 128,"chars": ["\u1115"]},
		{"type": "bitmap","file": "minecraft:font/icon/icon.png","ascent": -52, "height": 128,"chars": ["\u1116"]},
		{"type": "bitmap","file": "minecraft:font/icon/icon.png","ascent": -53, "height": 128,"chars": ["\u1117"]},
		{"type": "bitmap","file": "minecraft:font/icon/icon.png","ascent": -54, "height": 128,"chars": ["\u1118"]},
		{"type": "bitmap","file": "minecraft:font/icon/icon.png","ascent": -55, "height": 128,"chars": ["\u1119"]},
		{"type": "bitmap","file": "minecraft:font/icon/icon.png","ascent": -56, "height": 128,"chars": ["\u1120"]},
		{"type": "bitmap","file": "minecraft:font/icon/icon.png","ascent": -57, "height": 128,"chars": ["\u1121"]},
		{"type": "bitmap","file": "minecraft:font/icon/icon.png","ascent": -58, "height": 128,"chars": ["\u1122"]},
		{"type": "bitmap","file": "minecraft:font/icon/icon.png","ascent": -59, "height": 128,"chars": ["\u1123"]},
		{"type": "bitmap","file": "minecraft:font/icon/icon.png","ascent": -60, "height": 128,"chars": ["\u1124"]},
		{"type": "bitmap","file": "minecraft:font/icon/icon.png","ascent": -61, "height": 128,"chars": ["\u1125"]},
		{"type": "bitmap","file": "minecraft:font/icon/icon.png","ascent": -62, "height": 128,"chars": ["\u1126"]},
		{"type": "bitmap","file": "minecraft:font/icon/icon.png","ascent": -63, "height": 128,"chars": ["\u1127"]},
		{"type": "bitmap","file": "minecraft:font/icon/icon.png","ascent": -64, "height": 128,"chars": ["\u1128"]},
		{"type": "bitmap","file": "minecraft:font/icon/icon.png","ascent": -65, "height": 128,"chars": ["\u1129"]},
		{"type": "bitmap","file": "minecraft:font/icon/icon.png","ascent": -66, "height": 128,"chars": ["\u1130"]},
		{"type": "bitmap","file": "minecraft:font/icon/icon.png","ascent": -67, "height": 128,"chars": ["\u1131"]},
		{"type": "bitmap","file": "minecraft:font/icon/icon.png","ascent": -68, "height": 128,"chars": ["\u1132"]},
		{"type": "bitmap","file": "minecraft:font/icon/icon.png","ascent": -69, "height": 128,"chars": ["\u1133"]},
		{"type": "bitmap","file": "minecraft:font/icon/icon.png","ascent": -70, "height": 128,"chars": ["\u1134"]},
		{"type": "bitmap","file": "minecraft:font/icon/icon.png","ascent": -71, "height": 128,"chars": ["\u1135"]},
		{"type": "bitmap","file": "minecraft:font/icon/icon.png","ascent": -72, "height": 128,"chars": ["\u1136"]},
		{"type": "bitmap","file": "minecraft:font/icon/icon.png","ascent": -73, "height": 128,"chars": ["\u1137"]},
		{"type": "bitmap","file": "minecraft:font/icon/icon.png","ascent": -74, "height": 128,"chars": ["\u1138"]},
		{"type": "bitmap","file": "minecraft:font/icon/icon.png","ascent": -75, "height": 128,"chars": ["\u1139"]},
		{"type": "bitmap","file": "minecraft:font/icon/icon.png","ascent": -76, "height": 128,"chars": ["\u1140"]},
		{"type": "bitmap","file": "minecraft:font/icon/icon.png","ascent": -77, "height": 128,"chars": ["\u1141"]},
		{"type": "bitmap","file": "minecraft:font/icon/icon.png","ascent": -78, "height": 128,"chars": ["\u1142"]},
		{"type": "bitmap","file": "minecraft:font/icon/icon.png","ascent": -79, "height": 128,"chars": ["\u1143"]},
		{"type": "bitmap","file": "minecraft:font/icon/icon.png","ascent": -80, "height": 128,"chars": ["\u1144"]},
		{"type": "bitmap","file": "minecraft:font/icon/icon.png","ascent": -81, "height": 128,"chars": ["\u1145"]},
		{"type": "bitmap","file": "minecraft:font/icon/icon.png","ascent": -82, "height": 128,"chars": ["\u1146"]},
		{"type": "bitmap","file": "minecraft:font/icon/icon.png","ascent": -83, "height": 128,"chars": ["\u1147"]},
		{"type": "bitmap","file": "minecraft:font/icon/icon.png","ascent": -84, "height": 128,"chars": ["\u1148"]},
		{"type": "bitmap","file": "minecraft:font/icon/icon.png","ascent": -85, "height": 128,"chars": ["\u1149"]},
		{"type": "bitmap","file": "minecraft:font/icon/icon.png","ascent": -86, "height": 128,"chars": ["\u1150"]},
		{"type": "bitmap","file": "minecraft:font/icon/icon.png","ascent": -87, "height": 128,"chars": ["\u1151"]},
		{"type": "bitmap","file": "minecraft:font/icon/icon.png","ascent": -88, "height": 128,"chars": ["\u1152"]},
		{"type": "bitmap","file": "minecraft:font/icon/icon.png","ascent": -89, "height": 128,"chars": ["\u1153"]},
		{"type": "bitmap","file": "minecraft:font/icon/icon.png","ascent": -90, "height": 128,"chars": ["\u1154"]},
		{"type": "bitmap","file": "minecraft:font/icon/icon.png","ascent": -91, "height": 128,"chars": ["\u1155"]},
		{"type": "bitmap","file": "minecraft:font/icon/icon.png","ascent": -92, "height": 128,"chars": ["\u1156"]},
		{"type": "bitmap","file": "minecraft:font/icon/icon.png","ascent": -93, "height": 128,"chars": ["\u1157"]},
		{"type": "bitmap","file": "minecraft:font/icon/icon.png","ascent": -94, "height": 128,"chars": ["\u1158"]},
		{"type": "bitmap","file": "minecraft:font/icon/icon.png","ascent": -95, "height": 128,"chars": ["\u1159"]},
		{"type": "bitmap","file": "minecraft:font/icon/icon.png","ascent": -96, "height": 128,"chars": ["\u1160"]},
		{"type": "bitmap","file": "minecraft:font/icon/icon.png","ascent": -97, "height": 128,"chars": ["\u1161"]},
		{"type": "bitmap","file": "minecraft:font/icon/icon.png","ascent": -98, "height": 128,"chars": ["\u1162"]},
		{"type": "bitmap","file": "minecraft:font/icon/icon.png","ascent": -99, "height": 128,"chars": ["\u1163"]},
		{"type": "bitmap","file": "minecraft:font/icon/icon.png","ascent": -100, "height": 128,"chars": ["\u1164"]},
		{"type": "bitmap","file": "minecraft:font/icon/icon.png","ascent": -101, "height": 128,"chars": ["\u1165"]},
		{"type": "bitmap","file": "minecraft:font/icon/icon.png","ascent": -102, "height": 128,"chars": ["\u1166"]},
		{"type": "bitmap","file": "minecraft:font/icon/icon.png","ascent": -103, "height": 128,"chars": ["\u1167"]},
		{"type": "bitmap","file": "minecraft:font/icon/icon.png","ascent": -104, "height": 128,"chars": ["\u1168"]},
		{"type": "bitmap","file": "minecraft:font/icon/icon.png","ascent": -105, "height": 128,"chars": ["\u1169"]},
		{"type": "bitmap","file": "minecraft:font/icon/icon.png","ascent": -106, "height": 128,"chars": ["\u1170"]},
		{"type": "bitmap","file": "minecraft:font/icon/icon.png","ascent": -107, "height": 128,"chars": ["\u1171"]},
		{"type": "bitmap","file": "minecraft:font/icon/icon.png","ascent": -108, "height": 128,"chars": ["\u1172"]},
		{"type": "bitmap","file": "minecraft:font/icon/icon.png","ascent": -109, "height": 128,"chars": ["\u1173"]},
		{"type": "bitmap","file": "minecraft:font/icon/icon.png","ascent": -110, "height": 128,"chars": ["\u1174"]},
		{"type": "bitmap","file": "minecraft:font/icon/icon.png","ascent": -111, "height": 128,"chars": ["\u1175"]},
		{"type": "bitmap","file": "minecraft:font/icon/icon.png","ascent": -112, "height": 128,"chars": ["\u1176"]},
		{"type": "bitmap","file": "minecraft:font/icon/icon.png","ascent": -113, "height": 128,"chars": ["\u1177"]},
		{"type": "bitmap","file": "minecraft:font/icon/icon.png","ascent": -114, "height": 128,"chars": ["\u1178"]},
		{"type": "bitmap","file": "minecraft:font/icon/icon.png","ascent": -115, "height": 128,"chars": ["\u1179"]},
		{"type": "bitmap","file": "minecraft:font/icon/icon.png","ascent": -116, "height": 128,"chars": ["\u1180"]},
		{"type": "bitmap","file": "minecraft:font/icon/icon.png","ascent": -117, "height": 128,"chars": ["\u1181"]},
		{"type": "bitmap","file": "minecraft:font/icon/icon.png","ascent": -118, "height": 128,"chars": ["\u1182"]},
		{"type": "bitmap","file": "minecraft:font/icon/icon.png","ascent": -119, "height": 128,"chars": ["\u1183"]},
		{"type": "bitmap","file": "minecraft:font/icon/icon.png","ascent": -120, "height": 128,"chars": ["\u1184"]},
		{"type": "bitmap","file": "minecraft:font/icon/icon.png","ascent": -121, "height": 128,"chars": ["\u1185"]},
		{"type": "bitmap","file": "minecraft:font/icon/icon.png","ascent": -122, "height": 128,"chars": ["\u1186"]},
		{"type": "bitmap","file": "minecraft:font/icon/icon.png","ascent": -123, "height": 128,"chars": ["\u1187"]},
		{"type": "bitmap","file": "minecraft:font/icon/icon.png","ascent": -124, "height": 128,"chars": ["\u1188"]},
		{"type": "bitmap","file": "minecraft:font/icon/icon.png","ascent": -125, "height": 128,"chars": ["\u1189"]},
		{"type": "bitmap","file": "minecraft:font/icon/icon.png","ascent": -126, "height": 128,"chars": ["\u1190"]},
		{"type": "bitmap","file": "minecraft:font/icon/icon.png","ascent": -127, "height": 128,"chars": ["\u1191"]},
		{"type": "bitmap","file": "minecraft:font/icon/icon.png","ascent": -128, "height": 128,"chars": ["\u1192"]},
		{"type": "bitmap","file": "minecraft:font/icon/icon.png","ascent": -129, "height": 128,"chars": ["\u1193"]},
		{"type": "bitmap","file": "minecraft:font/icon/icon.png","ascent": -130, "height": 128,"chars": ["\u1194"]},
		{"type": "bitmap","file": "minecraft:font/icon/icon.png","ascent": -131, "height": 128,"chars": ["\u1195"]},
		{"type": "bitmap","file": "minecraft:font/icon/icon.png","ascent": -132, "height": 128,"chars": ["\u1196"]},
		{"type": "bitmap","file": "minecraft:font/icon/icon.png","ascent": -133, "height": 128,"chars": ["\u1197"]},
		{"type": "bitmap","file": "minecraft:font/icon/icon.png","ascent": -134, "height": 128,"chars": ["\u1198"]},
		{"type": "bitmap","file": "minecraft:font/icon/icon.png","ascent": -135, "height": 128,"chars": ["\u1199"]},
		{"type": "bitmap","file": "minecraft:font/icon/icon.png","ascent": -136, "height": 128,"chars": ["\u1200"]},
		{"type": "bitmap","file": "minecraft:font/icon/icon.png","ascent": -137, "height": 128,"chars": ["\u1201"]},
		{"type": "bitmap","file": "minecraft:font/icon/icon.png","ascent": -138, "height": 128,"chars": ["\u1202"]},
		{"type": "bitmap","file": "minecraft:font/icon/icon.png","ascent": -139, "height": 128,"chars": ["\u1203"]},
		{"type": "bitmap","file": "minecraft:font/icon/icon.png","ascent": -140, "height": 128,"chars": ["\u1204"]},
		{"type": "bitmap","file": "minecraft:font/icon/icon.png","ascent": -141, "height": 128,"chars": ["\u1205"]},
		{"type": "bitmap","file": "minecraft:font/icon/icon.png","ascent": -142, "height": 128,"chars": ["\u1206"]},
		{"type": "bitmap","file": "minecraft:font/icon/icon.png","ascent": -143, "height": 128,"chars": ["\u1207"]},
		{"type": "bitmap","file": "minecraft:font/icon/icon.png","ascent": -144, "height": 128,"chars": ["\u1208"]},
		{"type": "bitmap","file": "minecraft:font/icon/icon.png","ascent": -145, "height": 128,"chars": ["\u1209"]},
		{"type": "bitmap","file": "minecraft:font/icon/icon.png","ascent": -146, "height": 128,"chars": ["\u1210"]},
		{"type": "bitmap","file": "minecraft:font/icon/icon.png","ascent": -147, "height": 128,"chars": ["\u1211"]},
		{"type": "bitmap","file": "minecraft:font/icon/icon.png","ascent": -148, "height": 128,"chars": ["\u1212"]},
		{"type": "bitmap","file": "minecraft:font/icon/icon.png","ascent": -149, "height": 128,"chars": ["\u1213"]},
		{"type": "bitmap","file": "minecraft:font/icon/icon.png","ascent": -150, "height": 128,"chars": ["\u1214"]},
		{"type": "bitmap","file": "minecraft:font/icon/icon.png","ascent": -151, "height": 128,"chars": ["\u1215"]},
		{"type": "bitmap","file": "minecraft:font/icon/icon.png","ascent": -152, "height": 128,"chars": ["\u1216"]},
		{"type": "bitmap","file": "minecraft:font/icon/icon.png","ascent": -153, "height": 128,"chars": ["\u1217"]},
		{"type": "bitmap","file": "minecraft:font/icon/icon.png","ascent": -154, "height": 128,"chars": ["\u1218"]},
		{"type": "bitmap","file": "minecraft:font/icon/icon.png","ascent": -155, "height": 128,"chars": ["\u1219"]},
		{"type": "bitmap","file": "minecraft:font/icon/icon.png","ascent": -156, "height": 128,"chars": ["\u1220"]},
		{"type": "bitmap","file": "minecraft:font/icon/icon.png","ascent": -157, "height": 128,"chars": ["\u1221"]},
		{"type": "bitmap","file": "minecraft:font/icon/icon.png","ascent": -158, "height": 128,"chars": ["\u1222"]},
		{"type": "bitmap","file": "minecraft:font/icon/icon.png","ascent": -159, "height": 128,"chars": ["\u1223"]},
		{"type": "bitmap","file": "minecraft:font/icon/icon.png","ascent": -160, "height": 128,"chars": ["\u1224"]},
		{"type": "bitmap","file": "minecraft:font/icon/icon.png","ascent": -161, "height": 128,"chars": ["\u1225"]},
		{"type": "bitmap","file": "minecraft:font/icon/icon.png","ascent": -162, "height": 128,"chars": ["\u1226"]},
		{"type": "bitmap","file": "minecraft:font/icon/icon.png","ascent": -163, "height": 128,"chars": ["\u1227"]},
		{"type": "bitmap","file": "minecraft:font/icon/icon.png","ascent": -164, "height": 128,"chars": ["\u1228"]},
		{"type": "bitmap","file": "minecraft:font/icon/icon.png","ascent": -165, "height": 128,"chars": ["\u1229"]},
		{"type": "bitmap","file": "minecraft:font/icon/icon.png","ascent": -166, "height": 128,"chars": ["\u1230"]},
		{"type": "bitmap","file": "minecraft:font/icon/icon.png","ascent": -167, "height": 128,"chars": ["\u1231"]},
		{"type": "bitmap","file": "minecraft:font/icon/icon.png","ascent": -168, "height": 128,"chars": ["\u1232"]},
		{"type": "bitmap","file": "minecraft:font/icon/icon.png","ascent": -169, "height": 128,"chars": ["\u1233"]},
		{"type": "bitmap","file": "minecraft:font/icon/icon.png","ascent": -170, "height": 128,"chars": ["\u1234"]},
		{"type": "bitmap","file": "minecraft:font/icon/icon.png","ascent": -171, "height": 128,"chars": ["\u1235"]},
		{"type": "bitmap","file": "minecraft:font/icon/icon.png","ascent": -172, "height": 128,"chars": ["\u1236"]},
		{"type": "bitmap","file": "minecraft:font/icon/icon.png","ascent": -173, "height": 128,"chars": ["\u1237"]},
		{"type": "bitmap","file": "minecraft:font/icon/icon.png","ascent": -174, "height": 128,"chars": ["\u1238"]},
		{"type": "bitmap","file": "minecraft:font/icon/icon.png","ascent": -175, "height": 128,"chars": ["\u1239"]},
		{"type": "bitmap","file": "minecraft:font/icon/icon.png","ascent": -176, "height": 128,"chars": ["\u1240"]},
		{"type": "bitmap","file": "minecraft:font/icon/icon.png","ascent": -177, "height": 128,"chars": ["\u1241"]},
		{"type": "bitmap","file": "minecraft:font/icon/icon.png","ascent": -178, "height": 128,"chars": ["\u1242"]},
		{"type": "bitmap","file": "minecraft:font/icon/icon.png","ascent": -179, "height": 128,"chars": ["\u1243"]},
		{"type": "bitmap","file": "minecraft:font/icon/icon.png","ascent": -180, "height": 128,"chars": ["\u1244"]},
		{"type": "bitmap","file": "minecraft:font/icon/icon.png","ascent": -181, "height": 128,"chars": ["\u1245"]},
		{"type": "bitmap","file": "minecraft:font/icon/icon.png","ascent": -182, "height": 128,"chars": ["\u1246"]},
		{"type": "bitmap","file": "minecraft:font/icon/icon.png","ascent": -183, "height": 128,"chars": ["\u1247"]},
		{"type": "bitmap","file": "minecraft:font/icon/icon.png","ascent": -184, "height": 128,"chars": ["\u1248"]},
		{"type": "bitmap","file": "minecraft:font/icon/icon.png","ascent": -185, "height": 128,"chars": ["\u1249"]},
		{"type": "bitmap","file": "minecraft:font/icon/icon.png","ascent": -186, "height": 128,"chars": ["\u1250"]},
		{"type": "bitmap","file": "minecraft:font/icon/icon.png","ascent": -187, "height": 128,"chars": ["\u1251"]},
		{"type": "bitmap","file": "minecraft:font/icon/icon.png","ascent": -188, "height": 128,"chars": ["\u1252"]},
		{"type": "bitmap","file": "minecraft:font/icon/icon.png","ascent": -189, "height": 128,"chars": ["\u1253"]},
		{"type": "bitmap","file": "minecraft:font/icon/icon.png","ascent": -190, "height": 128,"chars": ["\u1254"]},
		{"type": "bitmap","file": "minecraft:font/icon/icon.png","ascent": -191, "height": 128,"chars": ["\u1255"]},
		{"type": "bitmap","file": "minecraft:font/icon/icon.png","ascent": -192, "height": 128,"chars": ["\u1256"]}
		
	]
}
