{"providers": [{
   			"type":"space",
			"advances":{				
				"\u1000" : 0,
				"\u1001" : 1,
				"\u1002" : 2,
				"\u1003" : 3,
				"\u1004" : 4,
				"\u1005" : 5,
				"\u1006" : 6,
				"\u1007" : 7,
				"\u1008" : 8,
				"\u1009" : 9,
				"\u1010" : 10,
				"\u1011" : 11,
				"\u1012" : 12,
				"\u1013" : 13,
				"\u1014" : 14,
				"\u1015" : 15,
				"\u1016" : 16,
				"\u1017" : 17,
				"\u1018" : 18,
				"\u1019" : 19,
				"\u1020" : 20,
				"\u1021" : 21,
				"\u1022" : 22,
				"\u1023" : 23,
				"\u1024" : 24,
				"\u1025" : 25,
				"\u1026" : 26,
				"\u1027" : 27,
				"\u1028" : 28,
				"\u1029" : 29,
				"\u1030" : 30,
				"\u1031" : 31,
				"\u1032" : 32,
				"\u1033" : 33,
				"\u1034" : 34,
				"\u1035" : 35,
				"\u1036" : 36,
				"\u1037" : 37,
				"\u1038" : 38,
				"\u1039" : 39,
				"\u1040" : 40,
				"\u1041" : 41,
				"\u1042" : 42,
				"\u1043" : 43,
				"\u1044" : 44,
				"\u1045" : 45,
				"\u1046" : 46,
				"\u1047" : 47,
				"\u1048" : 48,
				"\u1049" : 49,
				"\u1050" : 50,
				"\u1051" : 51,
				"\u1052" : 52,
				"\u1053" : 53,
				"\u1054" : 54,
				"\u1055" : 55,
				"\u1056" : 56,
				"\u1057" : 57,
				"\u1058" : 58,
				"\u1059" : 59,
				"\u1060" : 60,
				"\u1061" : 61,
				"\u1062" : 62,
				"\u1063" : 63,
				"\u1064" : 64,
				"\u1065" : 65,
				"\u1066" : 66,
				"\u1067" : 67,
				"\u1068" : 68,
				"\u1069" : 69,
				"\u1070" : 70,
				"\u1071" : 71,
				"\u1072" : 72,
				"\u1073" : 73,
				"\u1074" : 74,
				"\u1075" : 75,
				"\u1076" : 76,
				"\u1077" : 77,
				"\u1078" : 78,
				"\u1079" : 79,
				"\u1080" : 80,
				"\u1081" : 81,
				"\u1082" : 82,
				"\u1083" : 83,
				"\u1084" : 84,
				"\u1085" : 85,
				"\u1086" : 86,
				"\u1087" : 87,
				"\u1088" : 88,
				"\u1089" : 89,
				"\u1090" : 90,
				"\u1091" : 91,
				"\u1092" : 92,
				"\u1093" : 93,
				"\u1094" : 94,
				"\u1095" : 95,
				"\u1096" : 96,
				"\u1097" : 97,
				"\u1098" : 98,
				"\u1099" : 99,
				"\u1100" : 100,
				"\u1101" : 101,
				"\u1102" : 102,
				"\u1103" : 103,
				"\u1104" : 104,
				"\u1105" : 105,
				"\u1106" : 106,
				"\u1107" : 107,
				"\u1108" : 108,
				"\u1109" : 109,
				"\u1110" : 110,
				"\u1111" : 111,
				"\u1112" : 112,
				"\u1113" : 113,
				"\u1114" : 114,
				"\u1115" : 115,
				"\u1116" : 116,
				"\u1117" : 117,
				"\u1118" : 118,
				"\u1119" : 119,
				"\u1120" : 120,
				"\u1121" : 121,
				"\u1122" : 122,
				"\u1123" : 123,
				"\u1124" : 124,
				"\u1125" : 125,
				"\u1126" : 126,
				"\u1127" : 127,
				"\u1128" : 128,
				"\u1129" : 129,
				"\u1130" : 130,
				"\u1131" : 131,
				"\u1132" : 132,
				"\u1133" : 133,
				"\u1134" : 134,
				"\u1135" : 135,
				"\u1136" : 136,
				"\u1137" : 137,
				"\u1138" : 138,
				"\u1139" : 139,
				"\u1140" : 140,
				"\u1141" : 141,
				"\u1142" : 142,
				"\u1143" : 143,
				"\u1144" : 144,
				"\u1145" : 145,
				"\u1146" : 146,
				"\u1147" : 147,
				"\u1148" : 148,
				"\u1149" : 149,
				"\u1150" : 150,
				"\u1151" : 151,
				"\u1152" : 152,
				"\u1153" : 153,
				"\u1154" : 154,
				"\u1155" : 155,
				"\u1156" : 156,
				"\u1157" : 157,
				"\u1158" : 158,
				"\u1159" : 159,
				"\u1160" : 160,
				"\u1161" : 161,
				"\u1162" : 162,
				"\u1163" : 163,
				"\u1164" : 164,
				"\u1165" : 165,
				"\u1166" : 166,
				"\u1167" : 167,
				"\u1168" : 168,
				"\u1169" : 169,
				"\u1170" : 170,
				"\u1171" : 171,
				"\u1172" : 172,
				"\u1173" : 173,
				"\u1174" : 174,
				"\u1175" : 175,
				"\u1176" : 176,
				"\u1177" : 177,
				"\u1178" : 178,
				"\u1179" : 179,
				"\u1180" : 180,
				"\u1181" : 181,
				"\u1182" : 182,
				"\u1183" : 183,
				"\u1184" : 184,
				"\u1185" : 185,
				"\u1186" : 186,
				"\u1187" : 187,
				"\u1188" : 188,
				"\u1189" : 189,
				"\u1190" : 190,
				"\u1191" : 191,
				"\u1192" : 192,
				"\u1193" : 193,
				"\u1194" : 194,
				"\u1195" : 195,
				"\u1196" : 196,
				"\u1197" : 197,
				"\u1198" : 198,
				"\u1199" : 199,
				"\u1200" : 200,
				"\u1201" : 201,
				"\u1202" : 202,
				"\u1203" : 203,
				"\u1204" : 204,
				"\u1205" : 205,
				"\u1206" : 206,
				"\u1207" : 207,
				"\u1208" : 208,
				"\u1209" : 209,
				"\u1210" : 210,
				"\u1211" : 211,
				"\u1212" : 212,
				"\u1213" : 213,
				"\u1214" : 214,
				"\u1215" : 215,
				"\u1216" : 216,
				"\u1217" : 217,
				"\u1218" : 218,
				"\u1219" : 219,
				"\u1220" : 220,
				"\u1221" : 221,
				"\u1222" : 222,
				"\u1223" : 223,
				"\u1224" : 224,
				"\u1225" : 225,
				"\u1226" : 226,
				"\u1227" : 227,
				"\u1228" : 228,
				"\u1229" : 229,
				"\u1230" : 230,
				"\u1231" : 231,
				"\u1232" : 232,
				"\u1233" : 233,
				"\u1234" : 234,
				"\u1235" : 235,
				"\u1236" : 236,
				"\u1237" : 237,
				"\u1238" : 238,
				"\u1239" : 239,
				"\u1240" : 240,
				"\u1241" : 241,
				"\u1242" : 242,
				"\u1243" : 243,
				"\u1244" : 244,
				"\u1245" : 245,
				"\u1246" : 246,
				"\u1247" : 247,
				"\u1248" : 248,
				"\u1249" : 249,
				"\u1250" : 250,
				"\u1251" : 251,
				"\u1252" : 252,
				"\u1253" : 253,
				"\u1254" : 254,
				"\u1255" : 255,
				"\u1256" : 256,
				"\u1257" : 257,
				"\u1258" : 258,
				"\u1259" : 259,
				"\u1260" : 260,
				"\u1261" : 261,
				"\u1262" : 262,
				"\u1263" : 263,
				"\u1264" : 264,
				"\u1265" : 265,
				"\u1266" : 266,
				"\u1267" : 267,
				"\u1268" : 268,
				"\u1269" : 269,
				"\u1270" : 270,
				"\u1271" : 271,
				"\u1272" : 272,
				"\u1273" : 273,
				"\u1274" : 274,
				"\u1275" : 275,
				"\u1276" : 276,
				"\u1277" : 277,
				"\u1278" : 278,
				"\u1279" : 279,
				"\u1280" : 280,
				"\u1281" : 281,
				"\u1282" : 282,
				"\u1283" : 283,
				"\u1284" : 284,
				"\u1285" : 285,
				"\u1286" : 286,
				"\u1287" : 287,
				"\u1288" : 288,
				"\u1289" : 289,
				"\u1290" : 290,
				"\u1291" : 291,
				"\u1292" : 292,
				"\u1293" : 293,
				"\u1294" : 294,
				"\u1295" : 295,
				"\u1296" : 296,
				"\u1297" : 297,
				"\u1298" : 298,
				"\u1299" : 299,
				"\u1300" : 300,
				"\u1301" : 301,
				"\u1302" : 302,
				"\u1303" : 303,
				"\u1304" : 304,
				"\u1305" : 305,
				"\u1306" : 306,
				"\u1307" : 307,
				"\u1308" : 308,
				"\u1309" : 309,
				"\u1310" : 310,
				"\u1311" : 311,
				"\u1312" : 312,
				"\u1313" : 313,
				"\u1314" : 314,
				"\u1315" : 315,
				"\u1316" : 316,
				"\u1317" : 317,
				"\u1318" : 318,
				"\u1319" : 319,
				"\u1320" : 320,
				"\u1321" : 321,
				"\u1322" : 322,
				"\u1323" : 323,
				"\u1324" : 324,
				"\u1325" : 325,
				"\u1326" : 326,
				"\u1327" : 327,
				"\u1328" : 328,
				"\u1329" : 329,
				"\u1330" : 330,
				"\u1331" : 331,
				"\u1332" : 332,
				"\u1333" : 333,
				"\u1334" : 334,
				"\u1335" : 335,
				"\u1336" : 336,
				"\u1337" : 337,
				"\u1338" : 338,
				"\u1339" : 339,
				"\u1340" : 340,
				"\u1341" : 341,
				"\u1342" : 342,
				"\u1343" : 343,
				"\u1344" : 344,
				"\u1345" : 345,
				"\u1346" : 346,
				"\u1347" : 347,
				"\u1348" : 348,
				"\u1349" : 349,
				"\u1350" : 350,
				"\u1351" : 351,
				"\u1352" : 352,
				"\u1353" : 353,
				"\u1354" : 354,
				"\u1355" : 355,
				"\u1356" : 356,
				"\u1357" : 357,
				"\u1358" : 358,
				"\u1359" : 359,
				"\u1360" : 360,
				"\u1361" : 361,
				"\u1362" : 362,
				"\u1363" : 363,
				"\u1364" : 364,
				"\u1365" : 365,
				"\u1366" : 366,
				"\u1367" : 367,
				"\u1368" : 368,
				"\u1369" : 369,
				"\u1370" : 370,
				"\u1371" : 371,
				"\u1372" : 372,
				"\u1373" : 373,
				"\u1374" : 374,
				"\u1375" : 375,
				"\u1376" : 376,
				"\u1377" : 377,
				"\u1378" : 378,
				"\u1379" : 379,
				"\u1380" : 380,
				"\u1381" : 381,
				"\u1382" : 382,
				"\u1383" : 383,
				"\u1384" : 384,
				"\u1385" : 385,
				"\u1386" : 386,
				"\u1387" : 387,
				"\u1388" : 388,
				"\u1389" : 389,
				"\u1390" : 390,
				"\u1391" : 391,
				"\u1392" : 392,
				"\u1393" : 393,
				"\u1394" : 394,
				"\u1395" : 395,
				"\u1396" : 396,
				"\u1397" : 397,
				"\u1398" : 398,
				"\u1399" : 399,
				"\u1400" : 400,
				"\u1401" : 401,
				"\u1402" : 402,
				"\u1403" : 403,
				"\u1404" : 404,
				"\u1405" : 405,
				"\u1406" : 406,
				"\u1407" : 407,
				"\u1408" : 408,
				"\u1409" : 409,
				"\u1410" : 410,
				"\u1411" : 411,
				"\u1412" : 412,
				"\u1413" : 413,
				"\u1414" : 414,
				"\u1415" : 415,
				"\u1416" : 416,
				"\u1417" : 417,
				"\u1418" : 418,
				"\u1419" : 419,
				"\u1420" : 420,
				"\u1421" : 421,
				"\u1422" : 422,
				"\u1423" : 423,
				"\u1424" : 424,
				"\u1425" : 425,
				"\u1426" : 426,
				"\u1427" : 427,
				"\u1428" : 428,
				"\u1429" : 429,
				"\u1430" : 430,
				"\u1431" : 431,
				"\u1432" : 432,
				"\u1433" : 433,
				"\u1434" : 434,
				"\u1435" : 435,
				"\u1436" : 436,
				"\u1437" : 437,
				"\u1438" : 438,
				"\u1439" : 439,
				"\u1440" : 440,
				"\u1441" : 441,
				"\u1442" : 442,
				"\u1443" : 443,
				"\u1444" : 444,
				"\u1445" : 445,
				"\u1446" : 446,
				"\u1447" : 447,
				"\u1448" : 448,
				"\u1449" : 449,
				"\u1450" : 450,
				"\u1451" : 451,
				"\u1452" : 452,
				"\u1453" : 453,
				"\u1454" : 454,
				"\u1455" : 455,
				"\u1456" : 456,
				"\u1457" : 457,
				"\u1458" : 458,
				"\u1459" : 459,
				"\u1460" : 460,
				"\u1461" : 461,
				"\u1462" : 462,
				"\u1463" : 463,
				"\u1464" : 464,
				"\u1465" : 465,
				"\u1466" : 466,
				"\u1467" : 467,
				"\u1468" : 468,
				"\u1469" : 469,
				"\u1470" : 470,
				"\u1471" : 471,
				"\u1472" : 472,
				"\u1473" : 473,
				"\u1474" : 474,
				"\u1475" : 475,
				"\u1476" : 476,
				"\u1477" : 477,
				"\u1478" : 478,
				"\u1479" : 479,
				"\u1480" : 480,
				"\u1481" : 481,
				"\u1482" : 482,
				"\u1483" : 483,
				"\u1484" : 484,
				"\u1485" : 485,
				"\u1486" : 486,
				"\u1487" : 487,
				"\u1488" : 488,
				"\u1489" : 489,
				"\u1490" : 490,
				"\u1491" : 491,
				"\u1492" : 492,
				"\u1493" : 493,
				"\u1494" : 494,
				"\u1495" : 495,
				"\u1496" : 496,
				"\u1497" : 497,
				"\u1498" : 498,
				"\u1499" : 499,
				"\u1500" : 500,
				"\u1501" : 501,
				"\u1502" : 502,
				"\u1503" : 503,
				"\u1504" : 504,
				"\u1505" : 505,
				"\u1506" : 506,
				"\u1507" : 507,
				"\u1508" : 508,
				"\u1509" : 509,
				"\u1510" : 510,
				"\u1511" : 511,
				"\u1512" : 512,
				"\u1513" : 513,
				"\u1514" : 514,
				"\u1515" : 515,
				"\u1516" : 516,
				"\u1517" : 517,
				"\u1518" : 518,
				"\u1519" : 519,
				"\u1520" : 520,
				"\u1521" : 521,
				"\u1522" : 522,
				"\u1523" : 523,
				"\u1524" : 524,
				"\u1525" : 525,
				"\u1526" : 526,
				"\u1527" : 527,
				"\u1528" : 528,
				"\u1529" : 529,
				"\u1530" : 530,
				"\u1531" : 531,
				"\u1532" : 532,
				"\u1533" : 533,
				"\u1534" : 534,
				"\u1535" : 535,
				"\u1536" : 536,
				"\u1537" : 537,
				"\u1538" : 538,
				"\u1539" : 539,
				"\u1540" : 540,
				"\u1541" : 541,
				"\u1542" : 542,
				"\u1543" : 543,
				"\u1544" : 544,
				"\u1545" : 545,
				"\u1546" : 546,
				"\u1547" : 547,
				"\u1548" : 548,
				"\u1549" : 549,
				"\u1550" : 550,
				"\u1551" : 551,
				"\u1552" : 552,
				"\u1553" : 553,
				"\u1554" : 554,
				"\u1555" : 555,
				"\u1556" : 556,
				"\u1557" : 557,
				"\u1558" : 558,
				"\u1559" : 559,
				"\u1560" : 560,
				"\u1561" : 561,
				"\u1562" : 562,
				"\u1563" : 563,
				"\u1564" : 564,
				"\u1565" : 565,
				"\u1566" : 566,
				"\u1567" : 567,
				"\u1568" : 568,
				"\u1569" : 569,
				"\u1570" : 570,
				"\u1571" : 571,
				"\u1572" : 572,
				"\u1573" : 573,
				"\u1574" : 574,
				"\u1575" : 575,
				"\u1576" : 576,
				"\u1577" : 577,
				"\u1578" : 578,
				"\u1579" : 579,
				"\u1580" : 580,
				"\u1581" : 581,
				"\u1582" : 582,
				"\u1583" : 583,
				"\u1584" : 584,
				"\u1585" : 585,
				"\u1586" : 586,
				"\u1587" : 587,
				"\u1588" : 588,
				"\u1589" : 589,
				"\u1590" : 590,
				"\u1591" : 591,
				"\u1592" : 592,
				"\u1593" : 593,
				"\u1594" : 594,
				"\u1595" : 595,
				"\u1596" : 596,
				"\u1597" : 597,
				"\u1598" : 598,
				"\u1599" : 599,
				"\u1600" : 600,
				"\u1601" : 601,
				"\u1602" : 602,
				"\u1603" : 603,
				"\u1604" : 604,
				"\u1605" : 605,
				"\u1606" : 606,
				"\u1607" : 607,
				"\u1608" : 608,
				"\u1609" : 609,
				"\u1610" : 610,
				"\u1611" : 611,
				"\u1612" : 612,
				"\u1613" : 613,
				"\u1614" : 614,
				"\u1615" : 615,
				"\u1616" : 616,
				"\u1617" : 617,
				"\u1618" : 618,
				"\u1619" : 619,
				"\u1620" : 620,
				"\u1621" : 621,
				"\u1622" : 622,
				"\u1623" : 623,
				"\u1624" : 624,
				"\u1625" : 625,
				"\u1626" : 626,
				"\u1627" : 627,
				"\u1628" : 628,
				"\u1629" : 629,
				"\u1630" : 630,
				"\u1631" : 631,
				"\u1632" : 632,
				"\u1633" : 633,
				"\u1634" : 634,
				"\u1635" : 635,
				"\u1636" : 636,
				"\u1637" : 637,
				"\u1638" : 638,
				"\u1639" : 639,
				"\u1640" : 640,
				"\u1641" : 641,
				"\u1642" : 642,
				"\u1643" : 643,
				"\u1644" : 644,
				"\u1645" : 645,
				"\u1646" : 646,
				"\u1647" : 647,
				"\u1648" : 648,
				"\u1649" : 649,
				"\u1650" : 650,
				"\u1651" : 651,
				"\u1652" : 652,
				"\u1653" : 653,
				"\u1654" : 654,
				"\u1655" : 655,
				"\u1656" : 656,
				"\u1657" : 657,
				"\u1658" : 658,
				"\u1659" : 659,
				"\u1660" : 660,
				"\u1661" : 661,
				"\u1662" : 662,
				"\u1663" : 663,
				"\u1664" : 664,
				"\u1665" : 665,
				"\u1666" : 666,
				"\u1667" : 667,
				"\u1668" : 668,
				"\u1669" : 669,
				"\u1670" : 670,
				"\u1671" : 671,
				"\u1672" : 672,
				"\u1673" : 673,
				"\u1674" : 674,
				"\u1675" : 675,
				"\u1676" : 676,
				"\u1677" : 677,
				"\u1678" : 678,
				"\u1679" : 679,
				"\u1680" : 680,
				"\u1681" : 681,
				"\u1682" : 682,
				"\u1683" : 683,
				"\u1684" : 684,
				"\u1685" : 685,
				"\u1686" : 686,
				"\u1687" : 687,
				"\u1688" : 688,
				"\u1689" : 689,
				"\u1690" : 690,
				"\u1691" : 691,
				"\u1692" : 692,
				"\u1693" : 693,
				"\u1694" : 694,
				"\u1695" : 695,
				"\u1696" : 696,
				"\u1697" : 697,
				"\u1698" : 698,
				"\u1699" : 699,
				"\u1700" : 700,
				"\u1701" : 701,
				"\u1702" : 702,
				"\u1703" : 703,
				"\u1704" : 704,
				"\u1705" : 705,
				"\u1706" : 706,
				"\u1707" : 707,
				"\u1708" : 708,
				"\u1709" : 709,
				"\u1710" : 710,
				"\u1711" : 711,
				"\u1712" : 712,
				"\u1713" : 713,
				"\u1714" : 714,
				"\u1715" : 715,
				"\u1716" : 716,
				"\u1717" : 717,
				"\u1718" : 718,
				"\u1719" : 719,
				"\u1720" : 720,
				"\u1721" : 721,
				"\u1722" : 722,
				"\u1723" : 723,
				"\u1724" : 724,
				"\u1725" : 725,
				"\u1726" : 726,
				"\u1727" : 727,
				"\u1728" : 728,
				"\u1729" : 729,
				"\u1730" : 730,
				"\u1731" : 731,
				"\u1732" : 732,
				"\u1733" : 733,
				"\u1734" : 734,
				"\u1735" : 735,
				"\u1736" : 736,
				"\u1737" : 737,
				"\u1738" : 738,
				"\u1739" : 739,
				"\u1740" : 740,
				"\u1741" : 741,
				"\u1742" : 742,
				"\u1743" : 743,
				"\u1744" : 744,
				"\u1745" : 745,
				"\u1746" : 746,
				"\u1747" : 747,
				"\u1748" : 748,
				"\u1749" : 749,
				"\u1750" : 750,
				"\u1751" : 751,
				"\u1752" : 752,
				"\u1753" : 753,
				"\u1754" : 754,
				"\u1755" : 755,
				"\u1756" : 756,
				"\u1757" : 757,
				"\u1758" : 758,
				"\u1759" : 759,
				"\u1760" : 760,
				"\u1761" : 761,
				"\u1762" : 762,
				"\u1763" : 763,
				"\u1764" : 764,
				"\u1765" : 765,
				"\u1766" : 766,
				"\u1767" : 767,
				"\u1768" : 768,
				"\u1769" : 769,
				"\u1770" : 770,
				"\u1771" : 771,
				"\u1772" : 772,
				"\u1773" : 773,
				"\u1774" : 774,
				"\u1775" : 775,
				"\u1776" : 776,
				"\u1777" : 777,
				"\u1778" : 778,
				"\u1779" : 779,
				"\u1780" : 780,
				"\u1781" : 781,
				"\u1782" : 782,
				"\u1783" : 783,
				"\u1784" : 784,
				"\u1785" : 785,
				"\u1786" : 786,
				"\u1787" : 787,
				"\u1788" : 788,
				"\u1789" : 789,
				"\u1790" : 790,
				"\u1791" : 791,
				"\u1792" : 792,
				"\u1793" : 793,
				"\u1794" : 794,
				"\u1795" : 795,
				"\u1796" : 796,
				"\u1797" : 797,
				"\u1798" : 798,
				"\u1799" : 799,
				"\u1800" : 800,
				"\u1801" : 801,
				"\u1802" : 802,
				"\u1803" : 803,
				"\u1804" : 804,
				"\u1805" : 805,
				"\u1806" : 806,
				"\u1807" : 807,
				"\u1808" : 808,
				"\u1809" : 809,
				"\u1810" : 810,
				"\u1811" : 811,
				"\u1812" : 812,
				"\u1813" : 813,
				"\u1814" : 814,
				"\u1815" : 815,
				"\u1816" : 816,
				"\u1817" : 817,
				"\u1818" : 818,
				"\u1819" : 819,
				"\u1820" : 820,
				"\u1821" : 821,
				"\u1822" : 822,
				"\u1823" : 823,
				"\u1824" : 824,
				"\u1825" : 825,
				"\u1826" : 826,
				"\u1827" : 827,
				"\u1828" : 828,
				"\u1829" : 829,
				"\u1830" : 830,
				"\u1831" : 831,
				"\u1832" : 832,
				"\u1833" : 833,
				"\u1834" : 834,
				"\u1835" : 835,
				"\u1836" : 836,
				"\u1837" : 837,
				"\u1838" : 838,
				"\u1839" : 839,
				"\u1840" : 840,
				"\u1841" : 841,
				"\u1842" : 842,
				"\u1843" : 843,
				"\u1844" : 844,
				"\u1845" : 845,
				"\u1846" : 846,
				"\u1847" : 847,
				"\u1848" : 848,
				"\u1849" : 849,
				"\u1850" : 850,
				"\u1851" : 851,
				"\u1852" : 852,
				"\u1853" : 853,
				"\u1854" : 854,
				"\u1855" : 855,
				"\u1856" : 856,
				"\u1857" : 857,
				"\u1858" : 858,
				"\u1859" : 859,
				"\u1860" : 860,
				"\u1861" : 861,
				"\u1862" : 862,
				"\u1863" : 863,
				"\u1864" : 864,
				"\u1865" : 865,
				"\u1866" : 866,
				"\u1867" : 867,
				"\u1868" : 868,
				"\u1869" : 869,
				"\u1870" : 870,
				"\u1871" : 871,
				"\u1872" : 872,
				"\u1873" : 873,
				"\u1874" : 874,
				"\u1875" : 875,
				"\u1876" : 876,
				"\u1877" : 877,
				"\u1878" : 878,
				"\u1879" : 879,
				"\u1880" : 880,
				"\u1881" : 881,
				"\u1882" : 882,
				"\u1883" : 883,
				"\u1884" : 884,
				"\u1885" : 885,
				"\u1886" : 886,
				"\u1887" : 887,
				"\u1888" : 888,
				"\u1889" : 889,
				"\u1890" : 890,
				"\u1891" : 891,
				"\u1892" : 892,
				"\u1893" : 893,
				"\u1894" : 894,
				"\u1895" : 895,
				"\u1896" : 896,
				"\u1897" : 897,
				"\u1898" : 898,
				"\u1899" : 899,
				"\u1900" : 900,
				"\u1901" : 901,
				"\u1902" : 902,
				"\u1903" : 903,
				"\u1904" : 904,
				"\u1905" : 905,
				"\u1906" : 906,
				"\u1907" : 907,
				"\u1908" : 908,
				"\u1909" : 909,
				"\u1910" : 910,
				"\u1911" : 911,
				"\u1912" : 912,
				"\u1913" : 913,
				"\u1914" : 914,
				"\u1915" : 915,
				"\u1916" : 916,
				"\u1917" : 917,
				"\u1918" : 918,
				"\u1919" : 919,
				"\u1920" : 920,
				"\u1921" : 921,
				"\u1922" : 922,
				"\u1923" : 923,
				"\u1924" : 924,
				"\u1925" : 925,
				"\u1926" : 926,
				"\u1927" : 927,
				"\u1928" : 928,
				"\u1929" : 929,
				"\u1930" : 930,
				"\u1931" : 931,
				"\u1932" : 932,
				"\u1933" : 933,
				"\u1934" : 934,
				"\u1935" : 935,
				"\u1936" : 936,
				"\u1937" : 937,
				"\u1938" : 938,
				"\u1939" : 939,
				"\u1940" : 940,
				"\u1941" : 941,
				"\u1942" : 942,
				"\u1943" : 943,
				"\u1944" : 944,
				"\u1945" : 945,
				"\u1946" : 946,
				"\u1947" : 947,
				"\u1948" : 948,
				"\u1949" : 949,
				"\u1950" : 950,
				"\u1951" : 951,
				"\u1952" : 952,
				"\u1953" : 953,
				"\u1954" : 954,
				"\u1955" : 955,
				"\u1956" : 956,
				"\u1957" : 957,
				"\u1958" : 958,
				"\u1959" : 959,
				"\u1960" : 960,
				"\u1961" : 961,
				"\u1962" : 962,
				"\u1963" : 963,
				"\u1964" : 964,
				"\u1965" : 965,
				"\u1966" : 966,
				"\u1967" : 967,
				"\u1968" : 968,
				"\u1969" : 969,
				"\u1970" : 970,
				"\u1971" : 971,
				"\u1972" : 972,
				"\u1973" : 973,
				"\u1974" : 974,
				"\u1975" : 975,
				"\u1976" : 976,
				"\u1977" : 977,
				"\u1978" : 978,
				"\u1979" : 979,
				"\u1980" : 980,
				"\u1981" : 981,
				"\u1982" : 982,
				"\u1983" : 983,
				"\u1984" : 984,
				"\u1985" : 985,
				"\u1986" : 986,
				"\u1987" : 987,
				"\u1988" : 988,
				"\u1989" : 989,
				"\u1990" : 990,
				"\u1991" : 991,
				"\u1992" : 992,
				"\u1993" : 993,
				"\u1994" : 994,
				"\u1995" : 995,
				"\u1996" : 996,
				"\u1997" : 997,
				"\u1998" : 998,
				"\u1999" : 999,
				"\u4000" : 0,
				"\u4001" : -1,
				"\u4002" : -2,
				"\u4003" : -3,
				"\u4004" : -4,
				"\u4005" : -5,
				"\u4006" : -6,
				"\u4007" : -7,
				"\u4008" : -8,
				"\u4009" : -9,
				"\u4010" : -10,
				"\u4011" : -11,
				"\u4012" : -12,
				"\u4013" : -13,
				"\u4014" : -14,
				"\u4015" : -15,
				"\u4016" : -16,
				"\u4017" : -17,
				"\u4018" : -18,
				"\u4019" : -19,
				"\u4020" : -20,
				"\u4021" : -21,
				"\u4022" : -22,
				"\u4023" : -23,
				"\u4024" : -24,
				"\u4025" : -25,
				"\u4026" : -26,
				"\u4027" : -27,
				"\u4028" : -28,
				"\u4029" : -29,
				"\u4030" : -30,
				"\u4031" : -31,
				"\u4032" : -32,
				"\u4033" : -33,
				"\u4034" : -34,
				"\u4035" : -35,
				"\u4036" : -36,
				"\u4037" : -37,
				"\u4038" : -38,
				"\u4039" : -39,
				"\u4040" : -40,
				"\u4041" : -41,
				"\u4042" : -42,
				"\u4043" : -43,
				"\u4044" : -44,
				"\u4045" : -45,
				"\u4046" : -46,
				"\u4047" : -47,
				"\u4048" : -48,
				"\u4049" : -49,
				"\u4050" : -50,
				"\u4051" : -51,
				"\u4052" : -52,
				"\u4053" : -53,
				"\u4054" : -54,
				"\u4055" : -55,
				"\u4056" : -56,
				"\u4057" : -57,
				"\u4058" : -58,
				"\u4059" : -59,
				"\u4060" : -60,
				"\u4061" : -61,
				"\u4062" : -62,
				"\u4063" : -63,
				"\u4064" : -64,
				"\u4065" : -65,
				"\u4066" : -66,
				"\u4067" : -67,
				"\u4068" : -68,
				"\u4069" : -69,
				"\u4070" : -70,
				"\u4071" : -71,
				"\u4072" : -72,
				"\u4073" : -73,
				"\u4074" : -74,
				"\u4075" : -75,
				"\u4076" : -76,
				"\u4077" : -77,
				"\u4078" : -78,
				"\u4079" : -79,
				"\u4080" : -80,
				"\u4081" : -81,
				"\u4082" : -82,
				"\u4083" : -83,
				"\u4084" : -84,
				"\u4085" : -85,
				"\u4086" : -86,
				"\u4087" : -87,
				"\u4088" : -88,
				"\u4089" : -89,
				"\u4090" : -90,
				"\u4091" : -91,
				"\u4092" : -92,
				"\u4093" : -93,
				"\u4094" : -94,
				"\u4095" : -95,
				"\u4096" : -96,
				"\u4097" : -97,
				"\u4098" : -98,
				"\u4099" : -99,
				"\u4100" : -100,
				"\u4101" : -101,
				"\u4102" : -102,
				"\u4103" : -103,
				"\u4104" : -104,
				"\u4105" : -105,
				"\u4106" : -106,
				"\u4107" : -107,
				"\u4108" : -108,
				"\u4109" : -109,
				"\u4110" : -110,
				"\u4111" : -111,
				"\u4112" : -112,
				"\u4113" : -113,
				"\u4114" : -114,
				"\u4115" : -115,
				"\u4116" : -116,
				"\u4117" : -117,
				"\u4118" : -118,
				"\u4119" : -119,
				"\u4120" : -120,
				"\u4121" : -121,
				"\u4122" : -122,
				"\u4123" : -123,
				"\u4124" : -124,
				"\u4125" : -125,
				"\u4126" : -126,
				"\u4127" : -127,
				"\u4128" : -128,
				"\u4129" : -129,
				"\u4130" : -130,
				"\u4131" : -131,
				"\u4132" : -132,
				"\u4133" : -133,
				"\u4134" : -134,
				"\u4135" : -135,
				"\u4136" : -136,
				"\u4137" : -137,
				"\u4138" : -138,
				"\u4139" : -139,
				"\u4140" : -140,
				"\u4141" : -141,
				"\u4142" : -142,
				"\u4143" : -143,
				"\u4144" : -144,
				"\u4145" : -145,
				"\u4146" : -146,
				"\u4147" : -147,
				"\u4148" : -148,
				"\u4149" : -149,
				"\u4150" : -150,
				"\u4151" : -151,
				"\u4152" : -152,
				"\u4153" : -153,
				"\u4154" : -154,
				"\u4155" : -155,
				"\u4156" : -156,
				"\u4157" : -157,
				"\u4158" : -158,
				"\u4159" : -159,
				"\u4160" : -160,
				"\u4161" : -161,
				"\u4162" : -162,
				"\u4163" : -163,
				"\u4164" : -164,
				"\u4165" : -165,
				"\u4166" : -166,
				"\u4167" : -167,
				"\u4168" : -168,
				"\u4169" : -169,
				"\u4170" : -170,
				"\u4171" : -171,
				"\u4172" : -172,
				"\u4173" : -173,
				"\u4174" : -174,
				"\u4175" : -175,
				"\u4176" : -176,
				"\u4177" : -177,
				"\u4178" : -178,
				"\u4179" : -179,
				"\u4180" : -180,
				"\u4181" : -181,
				"\u4182" : -182,
				"\u4183" : -183,
				"\u4184" : -184,
				"\u4185" : -185,
				"\u4186" : -186,
				"\u4187" : -187,
				"\u4188" : -188,
				"\u4189" : -189,
				"\u4190" : -190,
				"\u4191" : -191,
				"\u4192" : -192,
				"\u4193" : -193,
				"\u4194" : -194,
				"\u4195" : -195,
				"\u4196" : -196,
				"\u4197" : -197,
				"\u4198" : -198,
				"\u4199" : -199,
				"\u4200" : -200,
				"\u4201" : -201,
				"\u4202" : -202,
				"\u4203" : -203,
				"\u4204" : -204,
				"\u4205" : -205,
				"\u4206" : -206,
				"\u4207" : -207,
				"\u4208" : -208,
				"\u4209" : -209,
				"\u4210" : -210,
				"\u4211" : -211,
				"\u4212" : -212,
				"\u4213" : -213,
				"\u4214" : -214,
				"\u4215" : -215,
				"\u4216" : -216,
				"\u4217" : -217,
				"\u4218" : -218,
				"\u4219" : -219,
				"\u4220" : -220,
				"\u4221" : -221,
				"\u4222" : -222,
				"\u4223" : -223,
				"\u4224" : -224,
				"\u4225" : -225,
				"\u4226" : -226,
				"\u4227" : -227,
				"\u4228" : -228,
				"\u4229" : -229,
				"\u4230" : -230,
				"\u4231" : -231,
				"\u4232" : -232,
				"\u4233" : -233,
				"\u4234" : -234,
				"\u4235" : -235,
				"\u4236" : -236,
				"\u4237" : -237,
				"\u4238" : -238,
				"\u4239" : -239,
				"\u4240" : -240,
				"\u4241" : -241,
				"\u4242" : -242,
				"\u4243" : -243,
				"\u4244" : -244,
				"\u4245" : -245,
				"\u4246" : -246,
				"\u4247" : -247,
				"\u4248" : -248,
				"\u4249" : -249,
				"\u4250" : -250,
				"\u4251" : -251,
				"\u4252" : -252,
				"\u4253" : -253,
				"\u4254" : -254,
				"\u4255" : -255,
				"\u4256" : -256,
				"\u4257" : -257,
				"\u4258" : -258,
				"\u4259" : -259,
				"\u4260" : -260,
				"\u4261" : -261,
				"\u4262" : -262,
				"\u4263" : -263,
				"\u4264" : -264,
				"\u4265" : -265,
				"\u4266" : -266,
				"\u4267" : -267,
				"\u4268" : -268,
				"\u4269" : -269,
				"\u4270" : -270,
				"\u4271" : -271,
				"\u4272" : -272,
				"\u4273" : -273,
				"\u4274" : -274,
				"\u4275" : -275,
				"\u4276" : -276,
				"\u4277" : -277,
				"\u4278" : -278,
				"\u4279" : -279,
				"\u4280" : -280,
				"\u4281" : -281,
				"\u4282" : -282,
				"\u4283" : -283,
				"\u4284" : -284,
				"\u4285" : -285,
				"\u4286" : -286,
				"\u4287" : -287,
				"\u4288" : -288,
				"\u4289" : -289,
				"\u4290" : -290,
				"\u4291" : -291,
				"\u4292" : -292,
				"\u4293" : -293,
				"\u4294" : -294,
				"\u4295" : -295,
				"\u4296" : -296,
				"\u4297" : -297,
				"\u4298" : -298,
				"\u4299" : -299,
				"\u4300" : -300,
				"\u4301" : -301,
				"\u4302" : -302,
				"\u4303" : -303,
				"\u4304" : -304,
				"\u4305" : -305,
				"\u4306" : -306,
				"\u4307" : -307,
				"\u4308" : -308,
				"\u4309" : -309,
				"\u4310" : -310,
				"\u4311" : -311,
				"\u4312" : -312,
				"\u4313" : -313,
				"\u4314" : -314,
				"\u4315" : -315,
				"\u4316" : -316,
				"\u4317" : -317,
				"\u4318" : -318,
				"\u4319" : -319,
				"\u4320" : -320,
				"\u4321" : -321,
				"\u4322" : -322,
				"\u4323" : -323,
				"\u4324" : -324,
				"\u4325" : -325,
				"\u4326" : -326,
				"\u4327" : -327,
				"\u4328" : -328,
				"\u4329" : -329,
				"\u4330" : -330,
				"\u4331" : -331,
				"\u4332" : -332,
				"\u4333" : -333,
				"\u4334" : -334,
				"\u4335" : -335,
				"\u4336" : -336,
				"\u4337" : -337,
				"\u4338" : -338,
				"\u4339" : -339,
				"\u4340" : -340,
				"\u4341" : -341,
				"\u4342" : -342,
				"\u4343" : -343,
				"\u4344" : -344,
				"\u4345" : -345,
				"\u4346" : -346,
				"\u4347" : -347,
				"\u4348" : -348,
				"\u4349" : -349,
				"\u4350" : -350,
				"\u4351" : -351,
				"\u4352" : -352,
				"\u4353" : -353,
				"\u4354" : -354,
				"\u4355" : -355,
				"\u4356" : -356,
				"\u4357" : -357,
				"\u4358" : -358,
				"\u4359" : -359,
				"\u4360" : -360,
				"\u4361" : -361,
				"\u4362" : -362,
				"\u4363" : -363,
				"\u4364" : -364,
				"\u4365" : -365,
				"\u4366" : -366,
				"\u4367" : -367,
				"\u4368" : -368,
				"\u4369" : -369,
				"\u4370" : -370,
				"\u4371" : -371,
				"\u4372" : -372,
				"\u4373" : -373,
				"\u4374" : -374,
				"\u4375" : -375,
				"\u4376" : -376,
				"\u4377" : -377,
				"\u4378" : -378,
				"\u4379" : -379,
				"\u4380" : -380,
				"\u4381" : -381,
				"\u4382" : -382,
				"\u4383" : -383,
				"\u4384" : -384,
				"\u4385" : -385,
				"\u4386" : -386,
				"\u4387" : -387,
				"\u4388" : -388,
				"\u4389" : -389,
				"\u4390" : -390,
				"\u4391" : -391,
				"\u4392" : -392,
				"\u4393" : -393,
				"\u4394" : -394,
				"\u4395" : -395,
				"\u4396" : -396,
				"\u4397" : -397,
				"\u4398" : -398,
				"\u4399" : -399,
				"\u4400" : -400,
				"\u4401" : -401,
				"\u4402" : -402,
				"\u4403" : -403,
				"\u4404" : -404,
				"\u4405" : -405,
				"\u4406" : -406,
				"\u4407" : -407,
				"\u4408" : -408,
				"\u4409" : -409,
				"\u4410" : -410,
				"\u4411" : -411,
				"\u4412" : -412,
				"\u4413" : -413,
				"\u4414" : -414,
				"\u4415" : -415,
				"\u4416" : -416,
				"\u4417" : -417,
				"\u4418" : -418,
				"\u4419" : -419,
				"\u4420" : -420,
				"\u4421" : -421,
				"\u4422" : -422,
				"\u4423" : -423,
				"\u4424" : -424,
				"\u4425" : -425,
				"\u4426" : -426,
				"\u4427" : -427,
				"\u4428" : -428,
				"\u4429" : -429,
				"\u4430" : -430,
				"\u4431" : -431,
				"\u4432" : -432,
				"\u4433" : -433,
				"\u4434" : -434,
				"\u4435" : -435,
				"\u4436" : -436,
				"\u4437" : -437,
				"\u4438" : -438,
				"\u4439" : -439,
				"\u4440" : -440,
				"\u4441" : -441,
				"\u4442" : -442,
				"\u4443" : -443,
				"\u4444" : -444,
				"\u4445" : -445,
				"\u4446" : -446,
				"\u4447" : -447,
				"\u4448" : -448,
				"\u4449" : -449,
				"\u4450" : -450,
				"\u4451" : -451,
				"\u4452" : -452,
				"\u4453" : -453,
				"\u4454" : -454,
				"\u4455" : -455,
				"\u4456" : -456,
				"\u4457" : -457,
				"\u4458" : -458,
				"\u4459" : -459,
				"\u4460" : -460,
				"\u4461" : -461,
				"\u4462" : -462,
				"\u4463" : -463,
				"\u4464" : -464,
				"\u4465" : -465,
				"\u4466" : -466,
				"\u4467" : -467,
				"\u4468" : -468,
				"\u4469" : -469,
				"\u4470" : -470,
				"\u4471" : -471,
				"\u4472" : -472,
				"\u4473" : -473,
				"\u4474" : -474,
				"\u4475" : -475,
				"\u4476" : -476,
				"\u4477" : -477,
				"\u4478" : -478,
				"\u4479" : -479,
				"\u4480" : -480,
				"\u4481" : -481,
				"\u4482" : -482,
				"\u4483" : -483,
				"\u4484" : -484,
				"\u4485" : -485,
				"\u4486" : -486,
				"\u4487" : -487,
				"\u4488" : -488,
				"\u4489" : -489,
				"\u4490" : -490,
				"\u4491" : -491,
				"\u4492" : -492,
				"\u4493" : -493,
				"\u4494" : -494,
				"\u4495" : -495,
				"\u4496" : -496,
				"\u4497" : -497,
				"\u4498" : -498,
				"\u4499" : -499,
				"\u4500" : -500,
				"\u4501" : -501,
				"\u4502" : -502,
				"\u4503" : -503,
				"\u4504" : -504,
				"\u4505" : -505,
				"\u4506" : -506,
				"\u4507" : -507,
				"\u4508" : -508,
				"\u4509" : -509,
				"\u4510" : -510,
				"\u4511" : -511,
				"\u4512" : -512,
				"\u4513" : -513,
				"\u4514" : -514,
				"\u4515" : -515,
				"\u4516" : -516,
				"\u4517" : -517,
				"\u4518" : -518,
				"\u4519" : -519,
				"\u4520" : -520,
				"\u4521" : -521,
				"\u4522" : -522,
				"\u4523" : -523,
				"\u4524" : -524,
				"\u4525" : -525,
				"\u4526" : -526,
				"\u4527" : -527,
				"\u4528" : -528,
				"\u4529" : -529,
				"\u4530" : -530,
				"\u4531" : -531,
				"\u4532" : -532,
				"\u4533" : -533,
				"\u4534" : -534,
				"\u4535" : -535,
				"\u4536" : -536,
				"\u4537" : -537,
				"\u4538" : -538,
				"\u4539" : -539,
				"\u4540" : -540,
				"\u4541" : -541,
				"\u4542" : -542,
				"\u4543" : -543,
				"\u4544" : -544,
				"\u4545" : -545,
				"\u4546" : -546,
				"\u4547" : -547,
				"\u4548" : -548,
				"\u4549" : -549,
				"\u4550" : -550,
				"\u4551" : -551,
				"\u4552" : -552,
				"\u4553" : -553,
				"\u4554" : -554,
				"\u4555" : -555,
				"\u4556" : -556,
				"\u4557" : -557,
				"\u4558" : -558,
				"\u4559" : -559,
				"\u4560" : -560,
				"\u4561" : -561,
				"\u4562" : -562,
				"\u4563" : -563,
				"\u4564" : -564,
				"\u4565" : -565,
				"\u4566" : -566,
				"\u4567" : -567,
				"\u4568" : -568,
				"\u4569" : -569,
				"\u4570" : -570,
				"\u4571" : -571,
				"\u4572" : -572,
				"\u4573" : -573,
				"\u4574" : -574,
				"\u4575" : -575,
				"\u4576" : -576,
				"\u4577" : -577,
				"\u4578" : -578,
				"\u4579" : -579,
				"\u4580" : -580,
				"\u4581" : -581,
				"\u4582" : -582,
				"\u4583" : -583,
				"\u4584" : -584,
				"\u4585" : -585,
				"\u4586" : -586,
				"\u4587" : -587,
				"\u4588" : -588,
				"\u4589" : -589,
				"\u4590" : -590,
				"\u4591" : -591,
				"\u4592" : -592,
				"\u4593" : -593,
				"\u4594" : -594,
				"\u4595" : -595,
				"\u4596" : -596,
				"\u4597" : -597,
				"\u4598" : -598,
				"\u4599" : -599,
				"\u4600" : -600,
				"\u4601" : -601,
				"\u4602" : -602,
				"\u4603" : -603,
				"\u4604" : -604,
				"\u4605" : -605,
				"\u4606" : -606,
				"\u4607" : -607,
				"\u4608" : -608,
				"\u4609" : -609,
				"\u4610" : -610,
				"\u4611" : -611,
				"\u4612" : -612,
				"\u4613" : -613,
				"\u4614" : -614,
				"\u4615" : -615,
				"\u4616" : -616,
				"\u4617" : -617,
				"\u4618" : -618,
				"\u4619" : -619,
				"\u4620" : -620,
				"\u4621" : -621,
				"\u4622" : -622,
				"\u4623" : -623,
				"\u4624" : -624,
				"\u4625" : -625,
				"\u4626" : -626,
				"\u4627" : -627,
				"\u4628" : -628,
				"\u4629" : -629,
				"\u4630" : -630,
				"\u4631" : -631,
				"\u4632" : -632,
				"\u4633" : -633,
				"\u4634" : -634,
				"\u4635" : -635,
				"\u4636" : -636,
				"\u4637" : -637,
				"\u4638" : -638,
				"\u4639" : -639,
				"\u4640" : -640,
				"\u4641" : -641,
				"\u4642" : -642,
				"\u4643" : -643,
				"\u4644" : -644,
				"\u4645" : -645,
				"\u4646" : -646,
				"\u4647" : -647,
				"\u4648" : -648,
				"\u4649" : -649,
				"\u4650" : -650,
				"\u4651" : -651,
				"\u4652" : -652,
				"\u4653" : -653,
				"\u4654" : -654,
				"\u4655" : -655,
				"\u4656" : -656,
				"\u4657" : -657,
				"\u4658" : -658,
				"\u4659" : -659,
				"\u4660" : -660,
				"\u4661" : -661,
				"\u4662" : -662,
				"\u4663" : -663,
				"\u4664" : -664,
				"\u4665" : -665,
				"\u4666" : -666,
				"\u4667" : -667,
				"\u4668" : -668,
				"\u4669" : -669,
				"\u4670" : -670,
				"\u4671" : -671,
				"\u4672" : -672,
				"\u4673" : -673,
				"\u4674" : -674,
				"\u4675" : -675,
				"\u4676" : -676,
				"\u4677" : -677,
				"\u4678" : -678,
				"\u4679" : -679,
				"\u4680" : -680,
				"\u4681" : -681,
				"\u4682" : -682,
				"\u4683" : -683,
				"\u4684" : -684,
				"\u4685" : -685,
				"\u4686" : -686,
				"\u4687" : -687,
				"\u4688" : -688,
				"\u4689" : -689,
				"\u4690" : -690,
				"\u4691" : -691,
				"\u4692" : -692,
				"\u4693" : -693,
				"\u4694" : -694,
				"\u4695" : -695,
				"\u4696" : -696,
				"\u4697" : -697,
				"\u4698" : -698,
				"\u4699" : -699,
				"\u4700" : -700,
				"\u4701" : -701,
				"\u4702" : -702,
				"\u4703" : -703,
				"\u4704" : -704,
				"\u4705" : -705,
				"\u4706" : -706,
				"\u4707" : -707,
				"\u4708" : -708,
				"\u4709" : -709,
				"\u4710" : -710,
				"\u4711" : -711,
				"\u4712" : -712,
				"\u4713" : -713,
				"\u4714" : -714,
				"\u4715" : -715,
				"\u4716" : -716,
				"\u4717" : -717,
				"\u4718" : -718,
				"\u4719" : -719,
				"\u4720" : -720,
				"\u4721" : -721,
				"\u4722" : -722,
				"\u4723" : -723,
				"\u4724" : -724,
				"\u4725" : -725,
				"\u4726" : -726,
				"\u4727" : -727,
				"\u4728" : -728,
				"\u4729" : -729,
				"\u4730" : -730,
				"\u4731" : -731,
				"\u4732" : -732,
				"\u4733" : -733,
				"\u4734" : -734,
				"\u4735" : -735,
				"\u4736" : -736,
				"\u4737" : -737,
				"\u4738" : -738,
				"\u4739" : -739,
				"\u4740" : -740,
				"\u4741" : -741,
				"\u4742" : -742,
				"\u4743" : -743,
				"\u4744" : -744,
				"\u4745" : -745,
				"\u4746" : -746,
				"\u4747" : -747,
				"\u4748" : -748,
				"\u4749" : -749,
				"\u4750" : -750,
				"\u4751" : -751,
				"\u4752" : -752,
				"\u4753" : -753,
				"\u4754" : -754,
				"\u4755" : -755,
				"\u4756" : -756,
				"\u4757" : -757,
				"\u4758" : -758,
				"\u4759" : -759,
				"\u4760" : -760,
				"\u4761" : -761,
				"\u4762" : -762,
				"\u4763" : -763,
				"\u4764" : -764,
				"\u4765" : -765,
				"\u4766" : -766,
				"\u4767" : -767,
				"\u4768" : -768,
				"\u4769" : -769,
				"\u4770" : -770,
				"\u4771" : -771,
				"\u4772" : -772,
				"\u4773" : -773,
				"\u4774" : -774,
				"\u4775" : -775,
				"\u4776" : -776,
				"\u4777" : -777,
				"\u4778" : -778,
				"\u4779" : -779,
				"\u4780" : -780,
				"\u4781" : -781,
				"\u4782" : -782,
				"\u4783" : -783,
				"\u4784" : -784,
				"\u4785" : -785,
				"\u4786" : -786,
				"\u4787" : -787,
				"\u4788" : -788,
				"\u4789" : -789,
				"\u4790" : -790,
				"\u4791" : -791,
				"\u4792" : -792,
				"\u4793" : -793,
				"\u4794" : -794,
				"\u4795" : -795,
				"\u4796" : -796,
				"\u4797" : -797,
				"\u4798" : -798,
				"\u4799" : -799,
				"\u4800" : -800,
				"\u4801" : -801,
				"\u4802" : -802,
				"\u4803" : -803,
				"\u4804" : -804,
				"\u4805" : -805,
				"\u4806" : -806,
				"\u4807" : -807,
				"\u4808" : -808,
				"\u4809" : -809,
				"\u4810" : -810,
				"\u4811" : -811,
				"\u4812" : -812,
				"\u4813" : -813,
				"\u4814" : -814,
				"\u4815" : -815,
				"\u4816" : -816,
				"\u4817" : -817,
				"\u4818" : -818,
				"\u4819" : -819,
				"\u4820" : -820,
				"\u4821" : -821,
				"\u4822" : -822,
				"\u4823" : -823,
				"\u4824" : -824,
				"\u4825" : -825,
				"\u4826" : -826,
				"\u4827" : -827,
				"\u4828" : -828,
				"\u4829" : -829,
				"\u4830" : -830,
				"\u4831" : -831,
				"\u4832" : -832,
				"\u4833" : -833,
				"\u4834" : -834,
				"\u4835" : -835,
				"\u4836" : -836,
				"\u4837" : -837,
				"\u4838" : -838,
				"\u4839" : -839,
				"\u4840" : -840,
				"\u4841" : -841,
				"\u4842" : -842,
				"\u4843" : -843,
				"\u4844" : -844,
				"\u4845" : -845,
				"\u4846" : -846,
				"\u4847" : -847,
				"\u4848" : -848,
				"\u4849" : -849,
				"\u4850" : -850,
				"\u4851" : -851,
				"\u4852" : -852,
				"\u4853" : -853,
				"\u4854" : -854,
				"\u4855" : -855,
				"\u4856" : -856,
				"\u4857" : -857,
				"\u4858" : -858,
				"\u4859" : -859,
				"\u4860" : -860,
				"\u4861" : -861,
				"\u4862" : -862,
				"\u4863" : -863,
				"\u4864" : -864,
				"\u4865" : -865,
				"\u4866" : -866,
				"\u4867" : -867,
				"\u4868" : -868,
				"\u4869" : -869,
				"\u4870" : -870,
				"\u4871" : -871,
				"\u4872" : -872,
				"\u4873" : -873,
				"\u4874" : -874,
				"\u4875" : -875,
				"\u4876" : -876,
				"\u4877" : -877,
				"\u4878" : -878,
				"\u4879" : -879,
				"\u4880" : -880,
				"\u4881" : -881,
				"\u4882" : -882,
				"\u4883" : -883,
				"\u4884" : -884,
				"\u4885" : -885,
				"\u4886" : -886,
				"\u4887" : -887,
				"\u4888" : -888,
				"\u4889" : -889,
				"\u4890" : -890,
				"\u4891" : -891,
				"\u4892" : -892,
				"\u4893" : -893,
				"\u4894" : -894,
				"\u4895" : -895,
				"\u4896" : -896,
				"\u4897" : -897,
				"\u4898" : -898,
				"\u4899" : -899,
				"\u4900" : -900,
				"\u4901" : -901,
				"\u4902" : -902,
				"\u4903" : -903,
				"\u4904" : -904,
				"\u4905" : -905,
				"\u4906" : -906,
				"\u4907" : -907,
				"\u4908" : -908,
				"\u4909" : -909,
				"\u4910" : -910,
				"\u4911" : -911,
				"\u4912" : -912,
				"\u4913" : -913,
				"\u4914" : -914,
				"\u4915" : -915,
				"\u4916" : -916,
				"\u4917" : -917,
				"\u4918" : -918,
				"\u4919" : -919,
				"\u4920" : -920,
				"\u4921" : -921,
				"\u4922" : -922,
				"\u4923" : -923,
				"\u4924" : -924,
				"\u4925" : -925,
				"\u4926" : -926,
				"\u4927" : -927,
				"\u4928" : -928,
				"\u4929" : -929,
				"\u4930" : -930,
				"\u4931" : -931,
				"\u4932" : -932,
				"\u4933" : -933,
				"\u4934" : -934,
				"\u4935" : -935,
				"\u4936" : -936,
				"\u4937" : -937,
				"\u4938" : -938,
				"\u4939" : -939,
				"\u4940" : -940,
				"\u4941" : -941,
				"\u4942" : -942,
				"\u4943" : -943,
				"\u4944" : -944,
				"\u4945" : -945,
				"\u4946" : -946,
				"\u4947" : -947,
				"\u4948" : -948,
				"\u4949" : -949,
				"\u4950" : -950,
				"\u4951" : -951,
				"\u4952" : -952,
				"\u4953" : -953,
				"\u4954" : -954,
				"\u4955" : -955,
				"\u4956" : -956,
				"\u4957" : -957,
				"\u4958" : -958,
				"\u4959" : -959,
				"\u4960" : -960,
				"\u4961" : -961,
				"\u4962" : -962,
				"\u4963" : -963,
				"\u4964" : -964,
				"\u4965" : -965,
				"\u4966" : -966,
				"\u4967" : -967,
				"\u4968" : -968,
				"\u4969" : -969,
				"\u4970" : -970,
				"\u4971" : -971,
				"\u4972" : -972,
				"\u4973" : -973,
				"\u4974" : -974,
				"\u4975" : -975,
				"\u4976" : -976,
				"\u4977" : -977,
				"\u4978" : -978,
				"\u4979" : -979,
				"\u4980" : -980,
				"\u4981" : -981,
				"\u4982" : -982,
				"\u4983" : -983,
				"\u4984" : -984,
				"\u4985" : -985,
				"\u4986" : -986,
				"\u4987" : -987,
				"\u4988" : -988,
				"\u4989" : -989,
				"\u4990" : -990,
				"\u4991" : -991,
				"\u4992" : -992,
				"\u4993" : -993,
				"\u4994" : -994,
				"\u4995" : -995,
				"\u4996" : -996,
				"\u4997" : -997,
				"\u4998" : -998,
				"\u4999" : -999
}}]}